"request_id","timestamp","hour_of_day","endpoint","http_method","concurrent_requests","payload_size_kb","cpu_usage_pct","mem_usage_pct","db_query_count","network_latency_ms","cache_hit","sla_threshold_ms","response_time_ms","sla_breach"
"req_000001","2026-10-01 00:03:55",0,"/api/v1/reports","GET",47,12.77,23.89,42.19,9,26.69,"0",800,569.03,"0"
"req_000002","2026-10-01 00:05:14",0,"/api/v1/reports","GET",93,3.78,32.92,48.14,10,26.24,"0",800,591.2,"0"
"req_000003","2026-10-01 00:05:45",0,"/api/v1/products","GET",56,3.45,23.59,46.98,4,30.82,"0",200,154.99,"0"
"req_000004","2026-10-01 00:06:51",0,"/api/v1/checkout","PUT",40,3.13,22.86,48.43,8,16.43,"0",500,295.46,"0"
"req_000005","2026-10-01 00:07:41",0,"/api/v1/search","GET",35,8.49,44.03,49.39,5,35.3,"0",300,238.93,"0"
"req_000006","2026-10-01 00:12:16",0,"/api/v1/users","GET",41,1.04,55.15,44.81,0,28.45,"1",150,37.78,"0"
"req_000007","2026-10-01 00:12:43",0,"/api/v1/search","GET",87,8.98,58.08,51.65,3,49.15,"0",300,222.66,"0"
"req_000008","2026-10-01 00:15:26",0,"/api/v1/products","POST",52,1.41,36.56,57.46,4,43.28,"0",200,170.51,"0"
"req_000009","2026-10-01 00:16:36",0,"/api/v1/search","GET",31,10,39.08,47.52,1,52.53,"0",300,190.66,"0"
"req_000010","2026-10-01 00:19:46",0,"/api/v1/search","GET",38,3.82,33.92,42.79,4,26.54,"0",300,195.58,"0"
"req_000011","2026-10-01 00:20:27",0,"/api/v1/users","GET",8,20.78,30.23,42.46,1,37.33,"0",150,89.99,"0"
"req_000012","2026-10-01 00:21:17",0,"/api/v1/search","GET",55,1.41,34.89,56.97,6,32.84,"0",300,214.8,"0"
"req_000013","2026-10-01 00:25:37",0,"/api/v1/reports","GET",93,2.87,43.68,46.41,11,20.45,"0",800,628.54,"0"
"req_000014","2026-10-01 00:29:28",0,"/api/v1/products","GET",19,5.44,34.1,51.77,2,7.96,"0",200,91.01,"0"
"req_000015","2026-10-01 00:33:06",0,"/api/v1/users","GET",48,5.82,28.35,33.77,0,38.03,"1",150,51.34,"0"
"req_000016","2026-10-01 00:34:49",0,"/api/v1/reports","GET",31,1.24,35.09,51.8,14,24.37,"0",800,635.56,"0"
"req_000017","2026-10-01 00:35:39",0,"/api/v1/reports","GET",25,4.15,43.83,41.37,11,30.64,"0",800,633.3,"0"
"req_000018","2026-10-01 00:35:56",0,"/api/v1/products","GET",48,1.11,40.54,50.79,4,36.41,"0",200,147.2,"0"
"req_000019","2026-10-01 00:38:32",0,"/api/v1/users","POST",26,7.31,30.9,45.76,1,43.76,"0",150,85.33,"0"
"req_000020","2026-10-01 00:41:12",0,"/api/v1/search","GET",42,2.83,30.82,51.04,7,24.94,"0",300,224.34,"0"
"req_000021","2026-10-01 00:42:15",0,"/api/v1/reports","GET",121,6.22,45.45,58.29,15,62.4,"0",800,750.99,"0"
"req_000022","2026-10-01 00:43:02",0,"/api/v1/products","GET",12,12.16,21.34,54.02,2,18.7,"0",200,120.15,"0"
"req_000023","2026-10-01 00:44:19",0,"/api/v1/reports","GET",27,5.26,16.68,43.38,10,22.14,"0",800,537.99,"0"
"req_000024","2026-10-01 00:45:20",0,"/api/v1/reports","POST",32,9.29,40.6,53.11,13,75.86,"0",800,715.32,"0"
"req_000025","2026-10-01 00:45:33",0,"/api/v1/products","GET",114,4.12,35.23,49.47,0,44.07,"1",200,69.15,"0"
"req_000026","2026-10-01 00:45:50",0,"/api/v1/users","GET",87,4.63,40.32,51.17,1,50.05,"0",150,124.95,"0"
"req_000027","2026-10-01 00:45:59",0,"/api/v1/users","GET",43,7.42,45.37,51.83,0,31.18,"1",150,46.79,"0"
"req_000028","2026-10-01 00:46:18",0,"/api/v1/reports","POST",18,4.61,32.88,44.13,9,39.17,"0",800,586.86,"0"
"req_000029","2026-10-01 00:47:01",0,"/api/v1/users","GET",55,3.35,48.57,55.9,0,34.89,"1",150,41.92,"0"
"req_000030","2026-10-01 00:56:08",0,"/api/v1/checkout","POST",48,1.8,20.83,44.92,3,47.35,"0",500,283.35,"0"
"req_000031","2026-10-01 00:58:25",0,"/api/v1/search","GET",65,11.02,28.79,45.14,0,2,"1",300,27.32,"0"
"req_000032","2026-10-01 01:00:35",1,"/api/v1/checkout","POST",45,26.49,33.56,37.04,6,22.13,"0",500,310.54,"0"
"req_000033","2026-10-01 01:01:57",1,"/api/v1/users","GET",16,10.62,26.95,48.95,0,53.81,"1",150,65.17,"0"
"req_000034","2026-10-01 01:03:51",1,"/api/v1/search","GET",36,11.45,36.12,36.23,3,21.13,"0",300,188.35,"0"
"req_000035","2026-10-01 01:04:43",1,"/api/v1/products","GET",138,2.57,55.86,48.01,1,51.07,"0",200,151.47,"0"
"req_000036","2026-10-01 01:05:03",1,"/api/v1/checkout","PUT",13,4.95,40.05,45,3,38.89,"0",500,296.22,"0"
"req_000037","2026-10-01 01:12:04",1,"/api/v1/products","GET",50,4.92,43.01,43.2,1,34.86,"0",200,123.4,"0"
"req_000038","2026-10-01 01:13:09",1,"/api/v1/products","GET",147,7.68,40.82,48.38,0,29.34,"1",200,49.25,"0"
"req_000039","2026-10-01 01:14:42",1,"/api/v1/reports","GET",32,3.37,29.71,52.5,13,30.98,"0",800,614.34,"0"
"req_000040","2026-10-01 01:14:43",1,"/api/v1/search","GET",65,2.18,38.43,56.14,2,14.61,"0",300,146.85,"0"
"req_000041","2026-10-01 01:16:52",1,"/api/v1/users","POST",31,3.95,27.12,37.22,4,20.23,"0",150,108.07,"0"
"req_000042","2026-10-01 01:22:26",1,"/api/v1/users","GET",61,56.45,33.93,42.62,0,26.21,"1",150,42.8,"0"
"req_000043","2026-10-01 01:23:17",1,"/api/v1/products","GET",16,3.28,24.46,49.3,0,38.63,"1",200,51.92,"0"
"req_000044","2026-10-01 01:23:33",1,"/api/v1/reports","GET",28,10.89,33.94,45.26,11,61.78,"0",800,674.43,"0"
"req_000045","2026-10-01 01:23:56",1,"/api/v1/users","POST",100,0.99,51.83,48.43,1,44.5,"0",150,111.68,"0"
"req_000046","2026-10-01 01:25:52",1,"/api/v1/reports","GET",248,64.8,53.23,66,8,22.63,"0",800,627.08,"0"
"req_000047","2026-10-01 01:27:04",1,"/api/v1/checkout","PUT",32,1.2,33.41,51.86,7,34.31,"0",500,361.04,"0"
"req_000048","2026-10-01 01:27:06",1,"/api/v1/search","GET",59,5.09,25.15,54,3,68.59,"0",300,222.36,"0"
"req_000049","2026-10-01 01:30:55",1,"/api/v1/reports","GET",111,4.66,41.78,47.98,12,36.89,"0",800,700.2,"0"
"req_000050","2026-10-01 01:30:56",1,"/api/v1/search","GET",38,3.81,28.5,46.41,6,40.74,"0",300,245.17,"0"
"req_000051","2026-10-01 01:31:17",1,"/api/v1/users","GET",50,1.02,28.59,41.38,2,17.16,"0",150,89.19,"0"
"req_000052","2026-10-01 01:31:27",1,"/api/v1/users","GET",79,1.84,35.95,45.58,0,28.79,"1",150,35.62,"0"
"req_000053","2026-10-01 01:32:20",1,"/api/v1/users","POST",7,12.17,39.77,36.82,1,42.31,"0",150,109.35,"0"
"req_000054","2026-10-01 01:32:38",1,"/api/v1/checkout","POST",72,5.17,43.34,42.2,7,30.93,"0",500,376.28,"0"
"req_000055","2026-10-01 01:34:04",1,"/api/v1/products","GET",23,4.3,31.44,45.47,2,39.98,"0",200,128.36,"0"
"req_000056","2026-10-01 01:36:26",1,"/api/v1/search","GET",48,5.97,28.1,44.21,6,58.34,"0",300,253.81,"0"
"req_000057","2026-10-01 01:36:32",1,"/api/v1/search","GET",35,5.25,30.48,34.41,6,45.2,"0",300,262.61,"0"
"req_000058","2026-10-01 01:37:35",1,"/api/v1/products","GET",42,5.2,32.28,37.18,3,25.33,"0",200,145.05,"0"
"req_000059","2026-10-01 01:39:11",1,"/api/v1/products","GET",89,9.05,49.49,45.98,1,11.56,"0",200,107.54,"0"
"req_000060","2026-10-01 01:40:25",1,"/api/v1/users","GET",57,7.81,37.92,56.48,0,20.45,"1",150,43.59,"0"
"req_000061","2026-10-01 01:43:03",1,"/api/v1/search","GET",30,14.47,30.05,48.39,0,87.96,"1",300,118.22,"0"
"req_000062","2026-10-01 01:44:49",1,"/api/v1/reports","GET",49,4.16,31.21,41.56,16,24.98,"0",800,627.79,"0"
"req_000063","2026-10-01 01:48:42",1,"/api/v1/checkout","POST",88,6.14,24.59,48.74,10,35.83,"0",500,438.95,"0"
"req_000064","2026-10-01 01:49:20",1,"/api/v1/search","GET",66,0.64,30.53,39.51,0,31.94,"1",300,65.7,"0"
"req_000065","2026-10-01 01:51:41",1,"/api/v1/checkout","POST",15,14.95,24.29,32.42,4,39.21,"0",500,320.3,"0"
"req_000066","2026-10-01 01:52:01",1,"/api/v1/products","GET",5,10.03,18.88,40,1,33.97,"0",200,120.24,"0"
"req_000067","2026-10-01 01:55:38",1,"/api/v1/products","GET",59,3.73,45.63,41.99,0,5.9,"1",200,30.06,"0"
"req_000068","2026-10-01 01:55:38",1,"/api/v1/checkout","PUT",34,24.64,41.49,38.4,8,38.63,"0",500,411.72,"0"
"req_000069","2026-10-01 01:55:45",1,"/api/v1/search","GET",61,3.61,29.61,52.17,3,36.6,"0",300,182.59,"0"
"req_000070","2026-10-01 02:00:54",2,"/api/v1/products","GET",57,6.15,39.88,37.76,0,30.66,"1",200,45.84,"0"
"req_000071","2026-10-01 02:06:12",2,"/api/v1/products","GET",32,1.19,35.7,32.27,0,32.16,"1",200,51.92,"0"
"req_000072","2026-10-01 02:06:50",2,"/api/v1/products","GET",59,5.43,37.23,41.47,0,18.79,"1",200,24.75,"0"
"req_000073","2026-10-01 02:07:08",2,"/api/v1/products","GET",69,2.23,50.23,42.91,2,48.57,"0",200,134.85,"0"
"req_000074","2026-10-01 02:07:38",2,"/api/v1/users","GET",92,2.54,28.07,49.99,0,48.42,"1",150,65.61,"0"
"req_000075","2026-10-01 02:10:56",2,"/api/v1/products","GET",48,24.81,32.53,54.56,0,45.51,"1",200,70.23,"0"
"req_000076","2026-10-01 02:12:07",2,"/api/v1/search","GET",23,12.92,38.99,51.78,2,30.4,"0",300,181.28,"0"
"req_000077","2026-10-01 02:19:22",2,"/api/v1/products","POST",39,2.41,26.98,62.81,3,42,"0",200,133.77,"0"
"req_000078","2026-10-01 02:25:13",2,"/api/v1/users","GET",18,10.6,19.92,54.49,0,25.33,"1",150,44.34,"0"
"req_000079","2026-10-01 02:27:46",2,"/api/v1/users","GET",50,11.18,30.39,46.76,0,59.77,"1",150,69.6,"0"
"req_000080","2026-10-01 02:28:39",2,"/api/v1/products","GET",15,7.68,34.27,43.84,0,42.49,"1",200,55.73,"0"
"req_000081","2026-10-01 02:35:15",2,"/api/v1/search","GET",218,4.53,57.72,59.6,0,13.43,"1",300,48.06,"0"
"req_000082","2026-10-01 02:42:26",2,"/api/v1/products","GET",11,5.72,17.45,45.51,1,38.14,"0",200,108.53,"0"
"req_000083","2026-10-01 02:42:43",2,"/api/v1/users","GET",41,9.73,39.15,43,0,32.14,"1",150,43.02,"0"
"req_000084","2026-10-01 02:44:29",2,"/api/v1/search","GET",204,3.18,57.23,58.68,1,49.43,"0",300,213.84,"0"
"req_000085","2026-10-01 02:44:51",2,"/api/v1/checkout","POST",20,18.21,35.29,33.52,7,28.69,"0",500,338.47,"0"
"req_000086","2026-10-01 02:48:45",2,"/api/v1/search","GET",24,4.03,22.43,50.8,0,26.89,"1",300,51.39,"0"
"req_000087","2026-10-01 02:52:10",2,"/api/v1/products","GET",10,12.46,32.64,34.48,1,53.59,"0",200,126.67,"0"
"req_000088","2026-10-01 02:52:36",2,"/api/v1/products","GET",14,5.71,18.77,48.28,0,55.95,"1",200,60.09,"0"
"req_000089","2026-10-01 03:00:16",3,"/api/v1/products","GET",20,2.48,31.55,45.95,5,82.95,"0",200,229.54,"1"
"req_000090","2026-10-01 03:00:17",3,"/api/v1/users","POST",14,4.23,31.05,29.19,2,60.02,"0",150,145.09,"0"
"req_000091","2026-10-01 03:03:46",3,"/api/v1/search","GET",59,7.32,21.03,52.32,0,9.54,"1",300,37.76,"0"
"req_000092","2026-10-01 03:04:51",3,"/api/v1/products","GET",135,2.68,52.29,56.67,0,51.78,"1",200,64.6,"0"
"req_000093","2026-10-01 03:04:59",3,"/api/v1/products","POST",24,2.62,16.35,50.37,3,44.67,"0",200,146.12,"0"
"req_000094","2026-10-01 03:08:09",3,"/api/v1/reports","GET",19,7.64,19.55,36.16,18,34.33,"0",800,698.95,"0"
"req_000095","2026-10-01 03:11:17",3,"/api/v1/reports","GET",107,7.63,51.18,56.15,9,23.53,"0",800,616.73,"0"
"req_000096","2026-10-01 03:11:26",3,"/api/v1/search","GET",15,11.98,26.92,35.05,0,37.65,"1",300,65.57,"0"
"req_000097","2026-10-01 03:16:14",3,"/api/v1/users","GET",58,7.33,39.71,49.13,0,42.95,"1",150,60.9,"0"
"req_000098","2026-10-01 03:16:18",3,"/api/v1/users","GET",80,10.29,38.28,45.23,1,26.51,"0",150,96.02,"0"
"req_000099","2026-10-01 03:18:38",3,"/api/v1/search","GET",209,2.84,39.38,59.04,8,21.12,"0",300,323.77,"1"
"req_000100","2026-10-01 03:22:20",3,"/api/v1/search","POST",63,20.04,22.3,42.81,5,47.12,"0",300,216.26,"0"
"req_000101","2026-10-01 03:23:50",3,"/api/v1/search","POST",24,8.11,20.01,43.09,7,37.45,"0",300,230.3,"0"
"req_000102","2026-10-01 03:24:10",3,"/api/v1/products","GET",123,3.54,39.53,56.29,0,27.93,"1",200,56.67,"0"
"req_000103","2026-10-01 03:25:47",3,"/api/v1/products","GET",13,2.97,32.29,53.64,0,35.96,"1",200,38.47,"0"
"req_000104","2026-10-01 03:28:36",3,"/api/v1/users","GET",67,1.3,27.59,41.31,0,28.92,"1",150,44.91,"0"
"req_000105","2026-10-01 03:28:46",3,"/api/v1/reports","GET",48,9.05,30.52,39.12,11,26.45,"0",800,601.73,"0"
"req_000106","2026-10-01 03:28:46",3,"/api/v1/reports","GET",8,1.1,30.94,40.14,12,28.78,"0",800,597.65,"0"
"req_000107","2026-10-01 03:29:30",3,"/api/v1/search","GET",42,15.42,25.43,46.93,5,25.96,"0",300,200.75,"0"
"req_000108","2026-10-01 03:30:23",3,"/api/v1/search","GET",60,3.49,49.1,49.32,0,51.32,"1",300,80.58,"0"
"req_000109","2026-10-01 03:32:58",3,"/api/v1/users","GET",45,6.36,31.42,48.9,1,24.25,"0",150,92.53,"0"
"req_000110","2026-10-01 03:33:34",3,"/api/v1/products","GET",142,1.91,61.25,35.25,1,27.18,"0",200,124.61,"0"
"req_000111","2026-10-01 03:38:13",3,"/api/v1/search","GET",32,9.47,27.52,50.85,0,24.62,"1",300,51.77,"0"
"req_000112","2026-10-01 03:39:26",3,"/api/v1/checkout","POST",16,16.15,18.35,44.22,5,21.47,"0",500,285.55,"0"
"req_000113","2026-10-01 03:42:22",3,"/api/v1/checkout","PUT",36,3.64,46.57,50.41,4,11.83,"0",500,313.61,"0"
"req_000114","2026-10-01 03:42:37",3,"/api/v1/users","GET",51,15.53,44.11,44.53,0,18.98,"1",150,24.56,"0"
"req_000115","2026-10-01 03:43:53",3,"/api/v1/users","GET",8,7.22,35.94,55.62,3,41.05,"0",150,128.08,"0"
"req_000116","2026-10-01 03:46:30",3,"/api/v1/users","POST",34,6.9,50.05,47.14,1,38.77,"0",150,101.69,"0"
"req_000117","2026-10-01 03:48:37",3,"/api/v1/products","POST",72,7.74,42.12,26.72,1,39.99,"0",200,117.79,"0"
"req_000118","2026-10-01 03:48:45",3,"/api/v1/users","GET",42,2.37,32.23,31.97,0,49.92,"1",150,61.27,"0"
"req_000119","2026-10-01 03:52:28",3,"/api/v1/search","GET",70,3.23,38.86,42.4,5,27.24,"0",300,229.99,"0"
"req_000120","2026-10-01 03:54:07",3,"/api/v1/checkout","POST",142,1.19,32.37,37.15,3,47.21,"0",500,315.93,"0"
"req_000121","2026-10-01 03:54:58",3,"/api/v1/users","GET",11,1.1,10.96,43.01,0,26.28,"1",150,34.24,"0"
"req_000122","2026-10-01 03:55:43",3,"/api/v1/users","GET",130,5.3,47.96,48.58,0,46.53,"1",150,63.36,"0"
"req_000123","2026-10-01 04:03:29",4,"/api/v1/search","GET",77,1.36,32.53,45.72,5,34.34,"0",300,210.3,"0"
"req_000124","2026-10-01 04:04:19",4,"/api/v1/search","GET",126,3.88,50.3,45.34,0,33.08,"1",300,72.58,"0"
"req_000125","2026-10-01 04:05:06",4,"/api/v1/search","GET",74,1.01,30.85,39.66,7,35.32,"0",300,252.03,"0"
"req_000126","2026-10-01 04:12:22",4,"/api/v1/users","GET",48,12.74,49.02,49.73,0,38.24,"1",150,48.85,"0"
"req_000127","2026-10-01 04:12:41",4,"/api/v1/reports","GET",186,6.98,51.81,59.44,17,105.67,"0",800,845.54,"1"
"req_000128","2026-10-01 04:15:01",4,"/api/v1/reports","GET",38,2.02,7.93,44.28,16,26.92,"0",800,516,"0"
"req_000129","2026-10-01 04:15:30",4,"/api/v1/products","GET",10,6.32,43.06,43.99,1,34.4,"0",200,123.31,"0"
"req_000130","2026-10-01 04:16:08",4,"/api/v1/search","POST",46,9.73,36.12,39.63,5,9.31,"0",300,238.76,"0"
"req_000131","2026-10-01 04:16:09",4,"/api/v1/reports","GET",10,1.02,28.48,43.6,7,43.96,"0",800,542.74,"0"
"req_000132","2026-10-01 04:18:28",4,"/api/v1/search","POST",127,3.81,39.55,60,1,18.98,"0",300,171.18,"0"
"req_000133","2026-10-01 04:19:11",4,"/api/v1/search","GET",15,4.04,33.77,36.5,3,17.35,"0",300,158.11,"0"
"req_000134","2026-10-01 04:20:57",4,"/api/v1/reports","GET",110,6.48,46.81,42.4,10,31.81,"0",800,631.2,"0"
"req_000135","2026-10-01 04:21:03",4,"/api/v1/checkout","POST",26,2.33,38.57,50.51,7,34.71,"0",500,345.46,"0"
"req_000136","2026-10-01 04:22:30",4,"/api/v1/search","GET",34,8.23,32.29,40.01,0,69.74,"1",300,93.92,"0"
"req_000137","2026-10-01 04:23:04",4,"/api/v1/checkout","POST",136,3.52,44.76,41.81,3,21.72,"0",500,310.57,"0"
"req_000138","2026-10-01 04:24:47",4,"/api/v1/products","GET",64,2.66,37.79,53.3,2,9.79,"0",200,104.33,"0"
"req_000139","2026-10-01 04:29:15",4,"/api/v1/checkout","POST",16,1.32,14.24,45.56,6,49,"0",500,321.95,"0"
"req_000140","2026-10-01 04:30:32",4,"/api/v1/search","POST",39,0.49,33.5,36.38,1,12.04,"0",300,138.13,"0"
"req_000141","2026-10-01 04:31:11",4,"/api/v1/products","GET",35,2.94,28.3,42.57,1,23.79,"0",200,88.81,"0"
"req_000142","2026-10-01 04:33:23",4,"/api/v1/products","GET",23,22.34,47.29,58.51,0,39.28,"1",200,55.3,"0"
"req_000143","2026-10-01 04:35:58",4,"/api/v1/users","GET",72,8.19,34.06,45.6,0,38.83,"1",150,56.72,"0"
"req_000144","2026-10-01 04:38:07",4,"/api/v1/checkout","POST",323,2.08,77.41,68.93,10,72.76,"0",500,1325.41,"1"
"req_000145","2026-10-01 04:40:27",4,"/api/v1/search","GET",20,5.74,20.55,43.78,7,37.87,"0",300,242.13,"0"
"req_000146","2026-10-01 04:42:19",4,"/api/v1/checkout","PUT",38,0.84,21.94,38.45,7,39.08,"0",500,330.72,"0"
"req_000147","2026-10-01 04:47:25",4,"/api/v1/products","POST",333,8.92,62.96,75.84,2,34.87,"0",200,185.16,"0"
"req_000148","2026-10-01 04:48:38",4,"/api/v1/reports","GET",52,2.88,26.08,33.6,12,48.89,"0",800,618.64,"0"
"req_000149","2026-10-01 04:49:31",4,"/api/v1/products","GET",35,1.52,17.05,46.08,0,22.4,"1",200,30.69,"0"
"req_000150","2026-10-01 04:51:19",4,"/api/v1/products","GET",45,1.28,34.06,49.37,0,17.38,"1",200,33.25,"0"
"req_000151","2026-10-01 04:54:53",4,"/api/v1/search","GET",13,18.75,24.42,42.9,2,13.91,"0",300,161.76,"0"
"req_000152","2026-10-01 04:55:00",4,"/api/v1/users","GET",40,3.22,22.8,51.16,0,35.42,"1",150,49.02,"0"
"req_000153","2026-10-01 04:59:23",4,"/api/v1/checkout","POST",20,4.39,33.18,56.02,11,47.27,"0",500,455.46,"0"
"req_000154","2026-10-01 04:59:25",4,"/api/v1/users","GET",18,1.48,27.14,48.83,0,62.72,"1",150,74.05,"0"
"req_000155","2026-10-01 05:00:02",5,"/api/v1/search","GET",53,3.49,10.48,44.48,8,19.33,"0",300,236.79,"0"
"req_000156","2026-10-01 05:00:39",5,"/api/v1/checkout","POST",26,14.31,20.91,38.88,5,47.96,"0",500,350.96,"0"
"req_000157","2026-10-01 05:01:45",5,"/api/v1/products","GET",65,1.62,38.05,52.7,4,29.58,"0",200,159.5,"0"
"req_000158","2026-10-01 05:02:16",5,"/api/v1/products","POST",62,3.78,23.69,31.91,3,20.96,"0",200,126.08,"0"
"req_000159","2026-10-01 05:02:51",5,"/api/v1/products","POST",59,23.57,37.23,46.75,5,27.74,"0",200,166.95,"0"
"req_000160","2026-10-01 05:05:15",5,"/api/v1/search","POST",49,2.68,37.02,47.28,3,35.49,"0",300,166.51,"0"
"req_000161","2026-10-01 05:05:57",5,"/api/v1/reports","GET",66,18.34,26.06,37.9,14,83.8,"0",800,697.34,"0"
"req_000162","2026-10-01 05:07:17",5,"/api/v1/search","GET",19,3.63,27.15,51.95,0,41.12,"1",300,67.27,"0"
"req_000163","2026-10-01 05:11:45",5,"/api/v1/search","POST",17,2.43,34.97,48.18,5,25.78,"0",300,240.17,"0"
"req_000164","2026-10-01 05:15:04",5,"/api/v1/products","GET",25,4.99,32.08,50.15,0,46.69,"1",200,67.3,"0"
"req_000165","2026-10-01 05:16:49",5,"/api/v1/users","GET",105,3.82,55.49,41.7,0,33,"1",150,41.95,"0"
"req_000166","2026-10-01 05:20:13",5,"/api/v1/products","POST",43,7.04,37.42,48.39,1,29.1,"0",200,119.78,"0"
"req_000167","2026-10-01 05:20:19",5,"/api/v1/users","POST",40,4.56,34.08,53.14,1,27.44,"0",150,95.35,"0"
"req_000168","2026-10-01 05:22:43",5,"/api/v1/users","GET",38,1.49,25.39,39.79,0,56.46,"1",150,74.05,"0"
"req_000169","2026-10-01 05:23:56",5,"/api/v1/products","GET",48,1.98,36.75,40.55,0,40.7,"1",200,63.4,"0"
"req_000170","2026-10-01 05:27:00",5,"/api/v1/products","GET",66,3.42,14.21,48.82,0,40.74,"1",200,61.3,"0"
"req_000171","2026-10-01 05:27:30",5,"/api/v1/search","GET",46,2.45,36.23,41.64,0,79.46,"1",300,100.73,"0"
"req_000172","2026-10-01 05:27:32",5,"/api/v1/users","POST",93,1.53,38.14,48.77,1,49.13,"0",150,129.97,"0"
"req_000173","2026-10-01 05:28:29",5,"/api/v1/users","GET",115,6.02,43.03,56.95,0,28.94,"1",150,52.08,"0"
"req_000174","2026-10-01 05:30:39",5,"/api/v1/users","GET",100,4.96,44.38,50.14,0,42.8,"1",150,58.86,"0"
"req_000175","2026-10-01 05:33:27",5,"/api/v1/users","GET",51,4.13,30.74,48.45,0,18.23,"1",150,34.38,"0"
"req_000176","2026-10-01 05:36:05",5,"/api/v1/products","GET",129,17.34,46.77,57.6,0,34.21,"1",200,52.31,"0"
"req_000177","2026-10-01 05:45:13",5,"/api/v1/checkout","PUT",50,6.25,34.59,43.62,3,62.39,"0",500,322.47,"0"
"req_000178","2026-10-01 05:46:13",5,"/api/v1/search","GET",53,13.5,25.85,52.35,5,29.4,"0",300,234.82,"0"
"req_000179","2026-10-01 05:47:16",5,"/api/v1/checkout","POST",49,1.89,26.82,47.55,6,35.23,"0",500,320.32,"0"
"req_000180","2026-10-01 05:49:02",5,"/api/v1/checkout","POST",77,0.96,31.14,49.42,8,19.41,"0",500,413.94,"0"
"req_000181","2026-10-01 05:49:52",5,"/api/v1/reports","GET",28,3.05,30.21,42.89,10,27.59,"0",800,530.63,"0"
"req_000182","2026-10-01 05:50:01",5,"/api/v1/checkout","POST",25,6.02,39.22,51.22,3,24.59,"0",500,302.2,"0"
"req_000183","2026-10-01 05:52:19",5,"/api/v1/users","GET",152,21.44,47.8,64.06,1,19.02,"0",150,112.76,"0"
"req_000184","2026-10-01 05:54:30",5,"/api/v1/products","POST",16,4.2,31.25,36.21,1,38.47,"0",200,115.1,"0"
"req_000185","2026-10-01 05:55:41",5,"/api/v1/search","GET",118,5.31,35.09,44.66,0,34.92,"1",300,62.56,"0"
"req_000186","2026-10-01 05:59:28",5,"/api/v1/search","GET",13,1.07,28.66,45.15,3,41.55,"0",300,202.1,"0"
"req_000187","2026-10-01 06:05:11",6,"/api/v1/reports","GET",174,19.97,49.81,48.71,14,43.55,"0",800,730.14,"0"
"req_000188","2026-10-01 06:05:29",6,"/api/v1/checkout","POST",43,0.48,35.13,45.63,7,28.01,"0",500,321.24,"0"
"req_000189","2026-10-01 06:09:34",6,"/api/v1/products","GET",273,5.22,57.41,74.03,0,48.92,"1",200,68.64,"0"
"req_000190","2026-10-01 06:10:10",6,"/api/v1/products","GET",58,1.36,37.77,56.61,0,39.5,"1",200,51.58,"0"
"req_000191","2026-10-01 06:17:41",6,"/api/v1/products","POST",28,15.29,27.49,39.87,1,29.67,"0",200,85.81,"0"
"req_000192","2026-10-01 06:19:13",6,"/api/v1/checkout","PUT",86,6.09,51.55,45.92,7,41.39,"0",500,358.33,"0"
"req_000193","2026-10-01 06:20:31",6,"/api/v1/products","GET",54,5.35,34.64,41.07,1,23.58,"0",200,103.53,"0"
"req_000194","2026-10-01 06:24:01",6,"/api/v1/products","GET",76,6.93,30.16,49.32,1,17.45,"0",200,92.34,"0"
"req_000195","2026-10-01 06:25:32",6,"/api/v1/products","GET",54,4.64,37.38,41.55,0,17.35,"1",200,34.83,"0"
"req_000196","2026-10-01 06:26:49",6,"/api/v1/products","GET",126,2.31,41.62,54.53,1,43.87,"0",200,132.02,"0"
"req_000197","2026-10-01 06:28:11",6,"/api/v1/users","GET",92,18.42,30.4,40.3,0,30.78,"1",150,43.8,"0"
"req_000198","2026-10-01 06:31:20",6,"/api/v1/products","GET",33,14.75,32.04,44.35,2,25.78,"0",200,102.75,"0"
"req_000199","2026-10-01 06:37:47",6,"/api/v1/search","GET",53,9.83,29.66,46.83,0,87.61,"1",300,114.08,"0"
"req_000200","2026-10-01 06:38:35",6,"/api/v1/search","GET",153,6.44,52.22,61.3,2,42.81,"0",300,233.85,"0"
"req_000201","2026-10-01 06:46:53",6,"/api/v1/checkout","POST",52,13.31,39.74,34.25,2,17.22,"0",500,264.57,"0"
"req_000202","2026-10-01 06:47:57",6,"/api/v1/users","GET",114,3.77,37.95,55.39,0,32.6,"1",150,51.29,"0"
"req_000203","2026-10-01 06:48:06",6,"/api/v1/checkout","POST",103,0.8,15.92,54.61,9,39.71,"0",500,387.93,"0"
"req_000204","2026-10-01 06:50:19",6,"/api/v1/users","GET",54,2.86,29.95,45.62,0,74.42,"1",150,74.02,"0"
"req_000205","2026-10-01 06:50:29",6,"/api/v1/products","GET",83,1.9,28.81,48.86,1,31.66,"0",200,104.19,"0"
"req_000206","2026-10-01 06:51:59",6,"/api/v1/users","POST",30,5.94,28.82,47.8,1,22.04,"0",150,83.23,"0"
"req_000207","2026-10-01 06:54:43",6,"/api/v1/reports","GET",43,1.3,27.82,44,17,70.36,"0",800,712.23,"0"
"req_000208","2026-10-01 06:59:27",6,"/api/v1/users","GET",191,6.79,63.78,62.09,0,26.23,"1",150,51.59,"0"
"req_000209","2026-10-01 07:07:04",7,"/api/v1/products","GET",54,6.76,35.6,39.1,0,33.54,"1",200,45.94,"0"
"req_000210","2026-10-01 07:07:28",7,"/api/v1/products","GET",114,12.29,43.87,45.34,1,27.39,"0",200,126.28,"0"
"req_000211","2026-10-01 07:11:40",7,"/api/v1/users","GET",33,13.66,30.52,51.49,1,69,"0",150,133.59,"0"
"req_000212","2026-10-01 07:12:48",7,"/api/v1/search","GET",8,2.17,14.67,47.09,10,24.4,"0",300,278.51,"0"
"req_000213","2026-10-01 07:15:37",7,"/api/v1/users","GET",23,21.12,54.03,35.64,1,64.07,"0",150,155.09,"1"
"req_000214","2026-10-01 07:15:39",7,"/api/v1/products","GET",37,5.52,20.37,38.36,2,44.72,"0",200,137.6,"0"
"req_000215","2026-10-01 07:20:31",7,"/api/v1/users","GET",18,2.31,25.44,42.76,0,42.62,"1",150,57.92,"0"
"req_000216","2026-10-01 07:23:45",7,"/api/v1/checkout","POST",84,1.25,35.16,43.94,5,38.99,"0",500,338.1,"0"
"req_000217","2026-10-01 07:24:02",7,"/api/v1/search","GET",44,29.38,30.24,41.65,3,35.8,"0",300,209.14,"0"
"req_000218","2026-10-01 07:26:31",7,"/api/v1/users","GET",22,9.12,20.44,40.52,0,40.59,"1",150,41,"0"
"req_000219","2026-10-01 07:27:51",7,"/api/v1/users","GET",101,14.42,41.61,46.39,2,14.26,"0",150,123.19,"0"
"req_000220","2026-10-01 07:30:19",7,"/api/v1/checkout","POST",35,2.65,33.63,41.06,7,40.38,"0",500,354.18,"0"
"req_000221","2026-10-01 07:30:33",7,"/api/v1/users","GET",19,9.53,24.87,42.4,0,35.46,"1",150,43.49,"0"
"req_000222","2026-10-01 07:32:48",7,"/api/v1/products","POST",41,0.95,21.84,51.71,1,23.68,"0",200,99.21,"0"
"req_000223","2026-10-01 07:34:52",7,"/api/v1/users","GET",50,2.13,45.99,51,2,27.09,"0",150,105.34,"0"
"req_000224","2026-10-01 07:36:36",7,"/api/v1/reports","GET",267,3.1,60.15,60.04,17,46.16,"0",800,882.35,"1"
"req_000225","2026-10-01 07:39:30",7,"/api/v1/users","GET",55,0.2,15.97,51.08,0,13.13,"1",150,22.13,"0"
"req_000226","2026-10-01 07:43:32",7,"/api/v1/checkout","POST",34,1.66,31.59,45.87,3,28.41,"0",500,267.81,"0"
"req_000227","2026-10-01 07:43:45",7,"/api/v1/users","POST",21,7.8,28.09,29.3,3,34.72,"0",150,130.16,"0"
"req_000228","2026-10-01 07:45:35",7,"/api/v1/products","GET",51,1.25,15.08,54.03,0,25.51,"1",200,38.59,"0"
"req_000229","2026-10-01 07:46:47",7,"/api/v1/products","GET",35,3.1,32.62,49.01,1,48.2,"0",200,109.75,"0"
"req_000230","2026-10-01 07:47:08",7,"/api/v1/products","POST",83,3.88,35.68,51.16,3,26.87,"0",200,133.52,"0"
"req_000231","2026-10-01 07:48:09",7,"/api/v1/users","GET",55,2.03,58.65,48.42,2,74.31,"0",150,172.14,"1"
"req_000232","2026-10-01 07:56:12",7,"/api/v1/products","GET",133,4.31,46.78,63.8,0,34.53,"1",200,42.78,"0"
"req_000233","2026-10-01 07:59:31",7,"/api/v1/users","GET",53,6.08,30.13,44.36,1,27.26,"0",150,94.17,"0"
"req_000234","2026-10-01 07:59:33",7,"/api/v1/products","GET",16,2.1,32.8,42.45,0,30.51,"1",200,53.34,"0"
"req_000235","2026-10-01 08:00:30",8,"/api/v1/reports","GET",23,2.29,17.96,32.05,15,38.43,"0",800,648.62,"0"
"req_000236","2026-10-01 08:01:09",8,"/api/v1/checkout","POST",44,6.5,40.79,40.34,9,26.19,"0",500,420.06,"0"
"req_000237","2026-10-01 08:03:06",8,"/api/v1/products","GET",70,1.28,50.32,43.36,0,23.28,"1",200,32.93,"0"
"req_000238","2026-10-01 08:04:37",8,"/api/v1/checkout","POST",280,19.84,67.96,69.9,3,11.14,"0",500,344.99,"0"
"req_000239","2026-10-01 08:05:36",8,"/api/v1/search","GET",74,17.64,44.46,47.94,3,34.71,"0",300,221.59,"0"
"req_000240","2026-10-01 08:08:13",8,"/api/v1/users","GET",69,5.8,32.15,53.42,0,31.28,"1",150,28.08,"0"
"req_000241","2026-10-01 08:11:16",8,"/api/v1/products","GET",17,4.56,24.21,36.93,1,37.17,"0",200,101.02,"0"
"req_000242","2026-10-01 08:11:27",8,"/api/v1/search","GET",58,1.21,31.11,53.85,3,21.39,"0",300,177.19,"0"
"req_000243","2026-10-01 08:13:01",8,"/api/v1/products","POST",17,0.55,29.08,42.86,3,33.52,"0",200,127.73,"0"
"req_000244","2026-10-01 08:13:59",8,"/api/v1/products","GET",29,22.97,38.8,43.38,0,4.63,"1",200,7.11,"0"
"req_000245","2026-10-01 08:14:38",8,"/api/v1/users","GET",86,0.85,42.1,50.82,2,29.3,"0",150,107.11,"0"
"req_000246","2026-10-01 08:19:14",8,"/api/v1/users","POST",91,27.62,42.48,50.31,2,31.25,"0",150,141.11,"0"
"req_000247","2026-10-01 08:19:30",8,"/api/v1/products","GET",33,6.28,31.96,40.2,0,44.32,"1",200,59.87,"0"
"req_000248","2026-10-01 08:22:40",8,"/api/v1/products","GET",29,2.13,32.46,46.74,0,60.56,"1",200,74.15,"0"
"req_000249","2026-10-01 08:25:25",8,"/api/v1/users","GET",36,4.92,26.48,36.6,3,63.87,"0",150,149.85,"0"
"req_000250","2026-10-01 08:25:39",8,"/api/v1/reports","GET",185,1.2,51.73,52.8,14,35.63,"0",800,758.56,"0"
"req_000251","2026-10-01 08:29:47",8,"/api/v1/users","POST",6,4.09,21.58,42.26,4,33.54,"0",150,131.51,"0"
"req_000252","2026-10-01 08:33:09",8,"/api/v1/products","GET",40,9.44,37.73,35.4,0,39.22,"1",200,65.57,"0"
"req_000253","2026-10-01 08:40:19",8,"/api/v1/products","GET",102,3.83,30.35,44.01,3,13.22,"0",200,113.82,"0"
"req_000254","2026-10-01 08:40:39",8,"/api/v1/users","GET",40,8.83,20.42,42.79,1,43.95,"0",150,96.16,"0"
"req_000255","2026-10-01 08:45:09",8,"/api/v1/products","GET",18,3.01,25.41,43.76,0,47.5,"1",200,60.75,"0"
"req_000256","2026-10-01 08:45:42",8,"/api/v1/checkout","POST",73,6.56,44.43,48.67,5,43.58,"0",500,371.79,"0"
"req_000257","2026-10-01 08:46:50",8,"/api/v1/products","GET",86,6.43,55.39,44.26,0,34.65,"1",200,57.16,"0"
"req_000258","2026-10-01 08:47:19",8,"/api/v1/users","GET",18,5.97,17.94,43.69,0,11.17,"1",150,16.61,"0"
"req_000259","2026-10-01 08:48:15",8,"/api/v1/search","GET",35,0.77,24.44,35.68,2,25.2,"0",300,158.83,"0"
"req_000260","2026-10-01 08:53:27",8,"/api/v1/search","GET",73,10.83,23.03,54.52,5,27.01,"0",300,254.02,"0"
"req_000261","2026-10-01 08:54:49",8,"/api/v1/search","POST",25,4.89,40.42,35.84,4,29.59,"0",300,194.99,"0"
"req_000262","2026-10-01 08:55:15",8,"/api/v1/products","GET",43,13.37,30.51,51.85,1,38.57,"0",200,124.28,"0"
"req_000263","2026-10-01 09:00:45",9,"/api/v1/users","GET",37,5.15,36.23,41.09,1,30.22,"0",150,106.39,"0"
"req_000264","2026-10-01 09:00:53",9,"/api/v1/reports","POST",39,13.24,29.89,46.92,10,29.99,"0",800,568.29,"0"
"req_000265","2026-10-01 09:01:53",9,"/api/v1/users","GET",39,7.22,39.33,56.73,1,33.27,"0",150,100.24,"0"
"req_000266","2026-10-01 09:04:14",9,"/api/v1/products","GET",117,31.66,59.21,62.74,0,47.53,"1",200,78.2,"0"
"req_000267","2026-10-01 09:04:21",9,"/api/v1/checkout","POST",102,8.86,26.69,62.68,10,35.56,"0",500,395.93,"0"
"req_000268","2026-10-01 09:05:56",9,"/api/v1/products","GET",64,7.5,38.93,41.46,0,30.53,"1",200,51.25,"0"
"req_000269","2026-10-01 09:08:42",9,"/api/v1/reports","GET",38,7.97,29.52,47.09,16,35.12,"0",800,652.46,"0"
"req_000270","2026-10-01 09:11:09",9,"/api/v1/checkout","POST",13,9.77,31.1,39.93,8,59.72,"0",500,391.31,"0"
"req_000271","2026-10-01 09:16:32",9,"/api/v1/products","GET",22,8.22,33.58,47.07,1,26.51,"0",200,100.44,"0"
"req_000272","2026-10-01 09:18:47",9,"/api/v1/checkout","PUT",103,4.17,29.15,53.92,6,37.2,"0",500,332.08,"0"
"req_000273","2026-10-01 09:21:07",9,"/api/v1/users","GET",23,12.9,25.16,45.74,0,24.79,"1",150,35.52,"0"
"req_000274","2026-10-01 09:21:20",9,"/api/v1/products","POST",35,2.98,30.84,49.8,1,35.69,"0",200,111.61,"0"
"req_000275","2026-10-01 09:26:36",9,"/api/v1/checkout","POST",101,17.85,37,60.01,4,23.54,"0",500,333.73,"0"
"req_000276","2026-10-01 09:28:30",9,"/api/v1/users","GET",17,15.93,21.46,47.09,0,62.09,"1",150,70.49,"0"
"req_000277","2026-10-01 09:33:37",9,"/api/v1/users","POST",165,7.35,55.23,56,1,27.14,"0",150,123.01,"0"
"req_000278","2026-10-01 09:33:41",9,"/api/v1/users","GET",41,13.43,30.64,36.73,0,39.36,"1",150,58.37,"0"
"req_000279","2026-10-01 09:37:53",9,"/api/v1/users","GET",7,7.77,28.71,38.15,0,9.5,"1",150,19.91,"0"
"req_000280","2026-10-01 09:41:05",9,"/api/v1/users","POST",21,2.67,22.96,41.91,2,25.83,"0",150,111.92,"0"
"req_000281","2026-10-01 09:42:08",9,"/api/v1/users","GET",36,4.6,28.15,42.2,0,39.66,"1",150,44.53,"0"
"req_000282","2026-10-01 09:42:28",9,"/api/v1/products","GET",126,9.05,55.84,53.85,0,53.24,"1",200,73.06,"0"
"req_000283","2026-10-01 09:43:09",9,"/api/v1/products","GET",100,0.61,34.27,53.02,6,29.58,"0",200,192.32,"0"
"req_000284","2026-10-01 09:46:24",9,"/api/v1/reports","GET",76,1.36,37.79,39.29,13,37.2,"0",800,638.06,"0"
"req_000285","2026-10-01 09:46:55",9,"/api/v1/users","GET",61,2.32,40.33,51.21,0,34.99,"1",150,46.88,"0"
"req_000286","2026-10-01 09:47:08",9,"/api/v1/products","GET",42,17.69,39.51,44.9,0,21.28,"1",200,50.71,"0"
"req_000287","2026-10-01 09:47:21",9,"/api/v1/users","GET",31,1.78,35.1,37.68,1,34.8,"0",150,95.6,"0"
"req_000288","2026-10-01 09:47:44",9,"/api/v1/products","GET",20,2.47,33.83,45.75,2,36.26,"0",200,131.03,"0"
"req_000289","2026-10-01 09:57:05",9,"/api/v1/users","POST",96,1.5,45.67,50.55,1,21.65,"0",150,104.08,"0"
"req_000290","2026-10-01 09:57:33",9,"/api/v1/products","POST",49,0.74,17.82,38.11,5,45.56,"0",200,228.47,"1"
"req_000291","2026-10-01 09:57:52",9,"/api/v1/checkout","POST",93,13.68,39.32,55.05,2,28.65,"0",500,297.8,"0"
"req_000292","2026-10-01 09:58:11",9,"/api/v1/search","POST",252,7.02,68.59,57.87,3,61.16,"0",300,286.98,"0"
"req_000293","2026-10-01 10:01:55",10,"/api/v1/users","GET",62,6.64,29.74,50.6,0,80.34,"1",150,86.82,"0"
"req_000294","2026-10-01 10:09:08",10,"/api/v1/users","GET",40,5.31,20.66,39.94,0,57.32,"1",150,73.24,"0"
"req_000295","2026-10-01 10:11:52",10,"/api/v1/users","GET",95,4.97,45.12,55.56,1,50.36,"0",150,133.75,"0"
"req_000296","2026-10-01 10:11:54",10,"/api/v1/products","GET",32,8.47,37.4,43.3,0,37.37,"1",200,60.46,"0"
"req_000297","2026-10-01 10:13:15",10,"/api/v1/checkout","POST",62,1.83,36.11,39.72,9,34.64,"0",500,441.27,"0"
"req_000298","2026-10-01 10:15:56",10,"/api/v1/search","POST",186,1.29,43.81,54.98,3,24.77,"0",300,234.31,"0"
"req_000299","2026-10-01 10:16:34",10,"/api/v1/products","GET",28,4.86,26.07,38.36,0,29.69,"1",200,45.13,"0"
"req_000300","2026-10-01 10:20:08",10,"/api/v1/products","GET",22,4.5,42.81,44.75,0,18.18,"1",200,31.93,"0"
"req_000301","2026-10-01 10:22:01",10,"/api/v1/users","GET",20,2.65,44.01,38.69,1,38.84,"0",150,90.29,"0"
"req_000302","2026-10-01 10:24:32",10,"/api/v1/users","GET",113,5.38,50,49.22,1,48.52,"0",150,123.24,"0"
"req_000303","2026-10-01 10:25:05",10,"/api/v1/products","GET",70,5.06,44.15,42.38,0,23.98,"1",200,37.37,"0"
"req_000304","2026-10-01 10:28:12",10,"/api/v1/users","GET",116,1.06,48.87,50.25,1,32.09,"0",150,112.76,"0"
"req_000305","2026-10-01 10:29:54",10,"/api/v1/checkout","POST",79,7.35,23.98,49.16,8,39.85,"0",500,362.97,"0"
"req_000306","2026-10-01 10:34:49",10,"/api/v1/reports","GET",53,3.55,31.53,41.56,17,42.14,"0",800,653.13,"0"
"req_000307","2026-10-01 10:38:24",10,"/api/v1/users","GET",54,1.71,36.06,47.69,0,59.48,"1",150,75.43,"0"
"req_000308","2026-10-01 10:42:38",10,"/api/v1/products","GET",48,3.8,37.07,39.56,5,43.63,"0",200,170.03,"0"
"req_000309","2026-10-01 10:44:27",10,"/api/v1/users","GET",27,2.69,29.01,43.59,0,25.44,"1",150,41.49,"0"
"req_000310","2026-10-01 10:45:48",10,"/api/v1/users","POST",49,5.66,17.47,40.55,3,36.08,"0",150,125.4,"0"
"req_000311","2026-10-01 10:46:32",10,"/api/v1/products","POST",36,4.2,36.04,42.68,1,81.16,"0",200,156.94,"0"
"req_000312","2026-10-01 10:46:40",10,"/api/v1/reports","GET",76,4.67,43.43,55.99,13,32.49,"0",800,728.61,"0"
"req_000313","2026-10-01 10:48:04",10,"/api/v1/users","GET",20,2.83,25.95,47.94,0,43.61,"1",150,50.81,"0"
"req_000314","2026-10-01 10:50:01",10,"/api/v1/products","GET",19,5.67,22.46,44.35,0,29.51,"1",200,53.42,"0"
"req_000315","2026-10-01 10:54:47",10,"/api/v1/products","GET",145,6.74,34.07,58.76,0,12.06,"1",200,36.15,"0"
"req_000316","2026-10-01 10:58:59",10,"/api/v1/reports","GET",39,2.51,26.56,41.87,5,52.91,"0",800,555.45,"0"
"req_000317","2026-10-01 10:59:13",10,"/api/v1/products","GET",119,0.56,25.43,51.32,0,24.81,"1",200,43.94,"0"
"req_000318","2026-10-01 10:59:51",10,"/api/v1/search","GET",97,3.92,54.37,58.2,5,32.93,"0",300,246.26,"0"
"req_000319","2026-10-01 11:01:47",11,"/api/v1/reports","POST",24,7.58,22.83,43.08,5,21.46,"0",800,495.9,"0"
"req_000320","2026-10-01 11:03:28",11,"/api/v1/reports","POST",22,38.75,33.76,57.94,11,36.31,"0",800,600.52,"0"
"req_000321","2026-10-01 11:04:18",11,"/api/v1/users","GET",28,10.44,25.82,42.22,0,41.18,"1",150,47.16,"0"
"req_000322","2026-10-01 11:05:06",11,"/api/v1/users","GET",10,0.77,22.58,44.86,0,39.2,"1",150,55.01,"0"
"req_000323","2026-10-01 11:08:16",11,"/api/v1/products","GET",57,17.31,28.28,50.95,0,48.31,"1",200,58.61,"0"
"req_000324","2026-10-01 11:08:28",11,"/api/v1/products","POST",30,36.88,28.6,30.21,1,25.53,"0",200,107.78,"0"
"req_000325","2026-10-01 11:09:45",11,"/api/v1/search","GET",15,17.4,26.69,37.76,8,26.11,"0",300,244.18,"0"
"req_000326","2026-10-01 11:10:52",11,"/api/v1/reports","GET",24,6.9,33.15,47.53,10,44.51,"0",800,634.55,"0"
"req_000327","2026-10-01 11:11:45",11,"/api/v1/users","GET",111,1.71,42.8,40.42,1,35.57,"0",150,107.41,"0"
"req_000328","2026-10-01 11:12:32",11,"/api/v1/checkout","POST",106,2.52,46.83,41.49,7,41.09,"0",500,362.7,"0"
"req_000329","2026-10-01 11:15:44",11,"/api/v1/search","GET",109,3.48,57.92,49.78,0,34.89,"1",300,72.09,"0"
"req_000330","2026-10-01 11:17:27",11,"/api/v1/checkout","POST",27,10.55,13.63,45.05,8,24.59,"0",500,316.08,"0"
"req_000331","2026-10-01 11:21:21",11,"/api/v1/reports","GET",143,2.27,58.79,50.96,15,51.61,"0",800,768,"0"
"req_000332","2026-10-01 11:22:22",11,"/api/v1/products","GET",23,2.68,37.65,47.89,0,44.26,"1",200,42.41,"0"
"req_000333","2026-10-01 11:22:43",11,"/api/v1/products","GET",73,1.96,29.01,44.97,3,21.25,"0",200,140.78,"0"
"req_000334","2026-10-01 11:26:35",11,"/api/v1/users","GET",39,2.76,47.03,48.77,2,29.74,"0",150,100.71,"0"
"req_000335","2026-10-01 11:28:00",11,"/api/v1/search","GET",130,1.67,49.3,49.34,4,50.57,"0",300,257.52,"0"
"req_000336","2026-10-01 11:30:57",11,"/api/v1/users","GET",75,25.82,29.02,49.92,3,46.93,"0",150,177.4,"1"
"req_000337","2026-10-01 11:32:46",11,"/api/v1/users","GET",14,3.46,33.96,50.17,0,40.4,"1",150,46.84,"0"
"req_000338","2026-10-01 11:35:02",11,"/api/v1/users","GET",134,4.7,42.34,56.92,1,28.04,"0",150,105.8,"0"
"req_000339","2026-10-01 11:40:33",11,"/api/v1/checkout","POST",35,3.47,21.67,45.17,4,43.94,"0",500,289.35,"0"
"req_000340","2026-10-01 11:44:18",11,"/api/v1/products","POST",26,21.86,21.97,59.64,1,24.59,"0",200,106.44,"0"
"req_000341","2026-10-01 11:46:33",11,"/api/v1/users","GET",35,13.08,30.37,48.73,0,44.24,"1",150,53.93,"0"
"req_000342","2026-10-01 11:48:25",11,"/api/v1/products","GET",18,2.25,44.07,45.66,0,29.34,"1",200,41.86,"0"
"req_000343","2026-10-01 11:50:17",11,"/api/v1/checkout","POST",31,22.6,41.96,51.52,3,27.97,"0",500,305.68,"0"
"req_000344","2026-10-01 11:51:20",11,"/api/v1/users","GET",17,3.37,34.03,51.58,0,27.68,"1",150,46.29,"0"
"req_000345","2026-10-01 11:51:37",11,"/api/v1/products","POST",134,19.03,43.17,48.15,2,31.6,"0",200,143.25,"0"
"req_000346","2026-10-01 11:52:06",11,"/api/v1/products","GET",42,3.52,36.13,48.26,0,53.19,"1",200,69.09,"0"
"req_000347","2026-10-01 11:57:02",11,"/api/v1/reports","GET",8,2.55,38.63,43.31,11,36.48,"0",800,701.3,"0"
"req_000348","2026-10-01 12:00:26",12,"/api/v1/users","GET",18,4.69,24.9,46.72,1,29.65,"0",150,100.01,"0"
"req_000349","2026-10-01 12:01:24",12,"/api/v1/checkout","PUT",35,2.05,29.72,43.87,5,70.11,"0",500,315.75,"0"
"req_000350","2026-10-01 12:03:42",12,"/api/v1/reports","GET",5,7.82,45.55,42.59,11,43.52,"0",800,570.73,"0"
"req_000351","2026-10-01 12:04:57",12,"/api/v1/users","GET",9,3.66,27.12,45.44,0,46.17,"1",150,56.82,"0"
"req_000352","2026-10-01 12:08:41",12,"/api/v1/search","GET",12,4.07,9.77,45.9,3,16.63,"0",300,161.04,"0"
"req_000353","2026-10-01 12:08:54",12,"/api/v1/products","GET",94,3.69,35.91,56.95,0,24.19,"1",200,49.84,"0"
"req_000354","2026-10-01 12:10:23",12,"/api/v1/products","POST",55,22.41,18.91,47.46,3,28.73,"0",200,149.79,"0"
"req_000355","2026-10-01 12:13:27",12,"/api/v1/search","POST",38,14.76,41.45,48.29,6,36.21,"0",300,229.31,"0"
"req_000356","2026-10-01 12:15:49",12,"/api/v1/users","POST",15,4.74,40.49,48.98,2,29.62,"0",150,108.41,"0"
"req_000357","2026-10-01 12:18:24",12,"/api/v1/search","GET",31,11.01,40.96,34.46,7,24.83,"0",300,227.47,"0"
"req_000358","2026-10-01 12:19:41",12,"/api/v1/reports","GET",18,8.07,39.02,41.46,14,35.08,"0",800,653.11,"0"
"req_000359","2026-10-01 12:21:26",12,"/api/v1/users","GET",49,7.69,29.3,39.99,2,37.63,"0",150,122.5,"0"
"req_000360","2026-10-01 12:21:51",12,"/api/v1/users","GET",67,0.66,27.53,46.98,0,25.92,"1",150,45.7,"0"
"req_000361","2026-10-01 12:22:11",12,"/api/v1/search","GET",39,16.75,25.66,57.29,0,26.85,"1",300,59.53,"0"
"req_000362","2026-10-01 12:23:24",12,"/api/v1/search","POST",56,3.23,26.28,54.53,4,26.91,"0",300,199.95,"0"
"req_000363","2026-10-01 12:24:07",12,"/api/v1/products","GET",100,10.37,36.97,47.65,1,33.54,"0",200,129.79,"0"
"req_000364","2026-10-01 12:29:11",12,"/api/v1/reports","GET",46,23.25,24.37,39.32,15,27.35,"0",800,698.43,"0"
"req_000365","2026-10-01 12:29:20",12,"/api/v1/search","GET",21,2.72,42.9,42.72,6,22.31,"0",300,238.78,"0"
"req_000366","2026-10-01 12:30:54",12,"/api/v1/search","GET",184,1.13,67.94,62.35,3,19.2,"0",300,214.21,"0"
"req_000367","2026-10-01 12:32:55",12,"/api/v1/search","GET",54,21.8,27.12,43.19,4,22.34,"0",300,221.75,"0"
"req_000368","2026-10-01 12:41:34",12,"/api/v1/reports","GET",31,9.84,31.18,42.78,12,44.08,"0",800,594.64,"0"
"req_000369","2026-10-01 12:42:26",12,"/api/v1/users","GET",40,1.55,29.12,44.48,1,39.15,"0",150,107.95,"0"
"req_000370","2026-10-01 12:47:08",12,"/api/v1/products","GET",54,2.91,21.64,46.8,2,48.05,"0",200,134.91,"0"
"req_000371","2026-10-01 12:47:46",12,"/api/v1/products","POST",40,2.03,23.23,47.64,4,31.06,"0",200,153.75,"0"
"req_000372","2026-10-01 12:49:17",12,"/api/v1/users","GET",26,3.06,26.3,48.6,1,19.42,"0",150,70.35,"0"
"req_000373","2026-10-01 12:51:59",12,"/api/v1/checkout","POST",73,11.44,37.38,50.85,3,28.56,"0",500,294.88,"0"
"req_000374","2026-10-01 12:53:16",12,"/api/v1/products","GET",42,18.26,19.29,49.66,0,32.64,"1",200,44.92,"0"
"req_000375","2026-10-01 12:56:17",12,"/api/v1/search","GET",28,8.67,16.35,54.94,0,17.33,"1",300,37.92,"0"
"req_000376","2026-10-01 13:02:36",13,"/api/v1/reports","GET",11,0.74,16.85,26.62,14,25.32,"0",800,625.67,"0"
"req_000377","2026-10-01 13:03:21",13,"/api/v1/products","GET",29,1.92,31.91,40.27,1,16.47,"0",200,103.71,"0"
"req_000378","2026-10-01 13:05:22",13,"/api/v1/products","POST",59,4.31,22.4,44.1,4,30.99,"0",200,159.52,"0"
"req_000379","2026-10-01 13:07:18",13,"/api/v1/products","GET",73,2.35,37.24,44.37,4,48.3,"0",200,170.93,"0"
"req_000380","2026-10-01 13:10:38",13,"/api/v1/checkout","PUT",17,1.52,34.9,53.28,5,38.53,"0",500,327.75,"0"
"req_000381","2026-10-01 13:11:14",13,"/api/v1/search","GET",139,6.57,33.36,56.48,0,32.72,"1",300,58.48,"0"
"req_000382","2026-10-01 13:11:25",13,"/api/v1/users","GET",20,6.04,20.38,37.88,0,17.21,"1",150,26.76,"0"
"req_000383","2026-10-01 13:12:04",13,"/api/v1/users","GET",28,6.66,38.61,45.19,0,22.78,"1",150,36.36,"0"
"req_000384","2026-10-01 13:14:27",13,"/api/v1/products","POST",51,10.12,38.28,40.74,2,33.4,"0",200,128.48,"0"
"req_000385","2026-10-01 13:18:19",13,"/api/v1/search","GET",61,17.69,35.94,40.15,7,31.89,"0",300,271.58,"0"
"req_000386","2026-10-01 13:18:43",13,"/api/v1/checkout","POST",44,2.09,41.61,41.84,7,51.38,"0",500,351.81,"0"
"req_000387","2026-10-01 13:18:43",13,"/api/v1/products","GET",29,5.83,28.2,40.99,1,29.51,"0",200,104.06,"0"
"req_000388","2026-10-01 13:21:22",13,"/api/v1/reports","GET",12,15.1,31.62,45.61,10,52.58,"0",800,620.5,"0"
"req_000389","2026-10-01 13:23:36",13,"/api/v1/products","GET",20,3.73,48.02,45.29,1,44.89,"0",200,133.53,"0"
"req_000390","2026-10-01 13:25:56",13,"/api/v1/products","GET",55,2.89,39.94,45.83,0,33.84,"1",200,56.93,"0"
"req_000391","2026-10-01 13:26:32",13,"/api/v1/checkout","PUT",58,5.08,35.12,46.69,4,46.44,"0",500,305.6,"0"
"req_000392","2026-10-01 13:28:01",13,"/api/v1/users","GET",54,1.36,46.7,43.53,0,16.65,"1",150,32.03,"0"
"req_000393","2026-10-01 13:32:13",13,"/api/v1/search","POST",42,1.88,22.22,39.14,4,58,"0",300,241.76,"0"
"req_000394","2026-10-01 13:32:54",13,"/api/v1/products","POST",44,4.34,28.06,37.71,1,33.7,"0",200,106.88,"0"
"req_000395","2026-10-01 13:34:24",13,"/api/v1/search","GET",48,5.08,46.59,37.36,0,56.76,"1",300,82.73,"0"
"req_000396","2026-10-01 13:35:35",13,"/api/v1/users","GET",432,3.55,86.5,79.45,0,26.18,"1",150,164.22,"1"
"req_000397","2026-10-01 13:35:57",13,"/api/v1/reports","GET",45,6.7,40.01,38.91,14,33.04,"0",800,730.78,"0"
"req_000398","2026-10-01 13:36:30",13,"/api/v1/reports","GET",21,2.11,36.78,56.56,9,41.26,"0",800,610.25,"0"
"req_000399","2026-10-01 13:39:15",13,"/api/v1/search","GET",99,6.42,39.32,51.33,0,13.71,"1",300,48.45,"0"
"req_000400","2026-10-01 13:41:36",13,"/api/v1/products","GET",134,1.26,43.3,61.28,1,41.14,"0",200,131.84,"0"
"req_000401","2026-10-01 13:43:38",13,"/api/v1/products","GET",84,5.08,43.89,51.49,0,34.03,"1",200,48.35,"0"
"req_000402","2026-10-01 13:43:42",13,"/api/v1/users","GET",41,2.65,18.91,43.71,0,32.1,"1",150,38.96,"0"
"req_000403","2026-10-01 13:44:03",13,"/api/v1/search","GET",14,5.08,29.49,48.06,4,23.39,"0",300,213.6,"0"
"req_000404","2026-10-01 13:45:38",13,"/api/v1/users","GET",80,6.17,45.34,52.61,0,33.83,"1",150,51.75,"0"
"req_000405","2026-10-01 13:47:48",13,"/api/v1/checkout","POST",105,1.74,29.69,39.31,6,54.97,"0",500,350.52,"0"
"req_000406","2026-10-01 13:52:38",13,"/api/v1/products","GET",18,5.83,31.16,38.9,0,67.98,"1",200,79.08,"0"
"req_000407","2026-10-01 13:57:57",13,"/api/v1/reports","POST",20,7.53,17.68,43.11,10,63.84,"0",800,593.62,"0"
"req_000408","2026-10-01 14:00:33",14,"/api/v1/products","GET",27,6.92,31.68,43.08,0,18.59,"1",200,34.93,"0"
"req_000409","2026-10-01 14:00:46",14,"/api/v1/products","GET",23,22.64,28.78,50.14,0,24.12,"1",200,32.08,"0"
"req_000410","2026-10-01 14:01:54",14,"/api/v1/users","GET",44,13.57,35.16,44.97,0,26.96,"1",150,44.27,"0"
"req_000411","2026-10-01 14:07:02",14,"/api/v1/products","GET",10,6.06,29.5,42.15,0,22.95,"1",200,49.17,"0"
"req_000412","2026-10-01 14:09:05",14,"/api/v1/search","GET",50,10.52,38.61,34.78,6,31.99,"0",300,226.22,"0"
"req_000413","2026-10-01 14:09:57",14,"/api/v1/products","GET",34,27.8,29.94,50.38,0,54.71,"1",200,75.4,"0"
"req_000414","2026-10-01 14:10:08",14,"/api/v1/search","POST",121,3.49,39.25,43.23,3,47.93,"0",300,227.88,"0"
"req_000415","2026-10-01 14:12:37",14,"/api/v1/products","GET",20,1.49,44.11,38.07,0,53.21,"1",200,73.62,"0"
"req_000416","2026-10-01 14:12:55",14,"/api/v1/products","GET",181,2.64,62.33,53.12,2,44.91,"0",200,163.97,"0"
"req_000417","2026-10-01 14:15:42",14,"/api/v1/products","GET",39,2.52,41.32,50.05,0,14.34,"1",200,29.74,"0"
"req_000418","2026-10-01 14:17:38",14,"/api/v1/checkout","POST",48,27.42,36.75,36.06,5,35.85,"0",500,339.22,"0"
"req_000419","2026-10-01 14:18:10",14,"/api/v1/users","GET",24,12.1,29.02,46.4,0,80.16,"1",150,96.1,"0"
"req_000420","2026-10-01 14:18:40",14,"/api/v1/products","GET",11,4.84,49.72,44.97,0,23.22,"1",200,38.84,"0"
"req_000421","2026-10-01 14:18:53",14,"/api/v1/products","GET",14,1.88,35.36,39.47,0,42.82,"1",200,45.66,"0"
"req_000422","2026-10-01 14:21:23",14,"/api/v1/users","GET",49,4.44,33.84,42.08,0,32.13,"1",150,47.27,"0"
"req_000423","2026-10-01 14:22:09",14,"/api/v1/reports","GET",44,11.27,29.46,45.88,12,12.16,"0",800,518.5,"0"
"req_000424","2026-10-01 14:22:52",14,"/api/v1/checkout","POST",117,1.68,33.73,49.28,7,37.6,"0",500,408.91,"0"
"req_000425","2026-10-01 14:23:33",14,"/api/v1/users","GET",41,0.72,30.09,47.55,2,34.97,"0",150,106.8,"0"
"req_000426","2026-10-01 14:29:09",14,"/api/v1/products","GET",117,9.8,48.85,57.58,0,27.86,"1",200,40.48,"0"
"req_000427","2026-10-01 14:32:08",14,"/api/v1/users","GET",160,1.22,50.67,54.52,1,33.62,"0",150,111.28,"0"
"req_000428","2026-10-01 14:33:54",14,"/api/v1/users","GET",55,13.67,27.34,46.86,0,45.35,"1",150,63.38,"0"
"req_000429","2026-10-01 14:34:10",14,"/api/v1/search","GET",94,9.01,54.63,44.8,3,50.62,"0",300,210.87,"0"
"req_000430","2026-10-01 14:36:32",14,"/api/v1/users","GET",33,1.05,44.23,42.37,2,30.55,"0",150,111.49,"0"
"req_000431","2026-10-01 14:39:56",14,"/api/v1/users","GET",14,4.11,29.84,51.31,0,42.79,"1",150,56.29,"0"
"req_000432","2026-10-01 14:40:05",14,"/api/v1/users","GET",38,1.39,27.99,46.85,0,48.01,"1",150,58.04,"0"
"req_000433","2026-10-01 14:40:58",14,"/api/v1/users","GET",39,0.84,23.22,44.24,1,16.42,"0",150,72.76,"0"
"req_000434","2026-10-01 14:41:48",14,"/api/v1/products","GET",18,2.35,31.43,39.23,0,14.23,"1",200,36.59,"0"
"req_000435","2026-10-01 14:42:43",14,"/api/v1/reports","GET",41,2.71,33.04,43.47,8,26.57,"0",800,524.16,"0"
"req_000436","2026-10-01 14:44:37",14,"/api/v1/products","POST",139,13.32,66.09,58.91,4,28.4,"0",200,205.57,"1"
"req_000437","2026-10-01 14:45:13",14,"/api/v1/users","GET",32,4.47,31.78,49.65,0,58.77,"1",150,62.44,"0"
"req_000438","2026-10-01 14:45:23",14,"/api/v1/products","GET",175,5.38,45.74,56.15,0,13.73,"1",200,32.68,"0"
"req_000439","2026-10-01 14:48:52",14,"/api/v1/products","GET",21,2.2,28.18,46.95,0,32.78,"1",200,52.17,"0"
"req_000440","2026-10-01 14:51:15",14,"/api/v1/users","GET",16,3.9,28.21,34.61,0,84.25,"1",150,96.73,"0"
"req_000441","2026-10-01 14:51:26",14,"/api/v1/search","POST",15,3.59,31.44,38.89,2,22.35,"0",300,140.67,"0"
"req_000442","2026-10-01 14:54:59",14,"/api/v1/reports","GET",58,3.71,35.03,40.76,10,38.66,"0",800,624.13,"0"
"req_000443","2026-10-01 14:55:22",14,"/api/v1/users","GET",37,6.12,31.86,46.11,0,53.65,"1",150,62.45,"0"
"req_000444","2026-10-01 14:59:41",14,"/api/v1/checkout","PUT",49,5.47,22.72,48.95,7,15.38,"0",500,314.46,"0"
"req_000445","2026-10-01 15:01:19",15,"/api/v1/users","GET",92,0.27,51.78,61.79,1,34.22,"0",150,123.19,"0"
"req_000446","2026-10-01 15:04:46",15,"/api/v1/users","GET",125,5.04,19.61,51.07,2,23.72,"0",150,126.9,"0"
"req_000447","2026-10-01 15:09:40",15,"/api/v1/products","GET",31,5.33,25.61,52.79,3,36.07,"0",200,120.24,"0"
"req_000448","2026-10-01 15:22:34",15,"/api/v1/checkout","PUT",154,2.98,40.32,68.09,6,31.65,"0",500,338.97,"0"
"req_000449","2026-10-01 15:24:34",15,"/api/v1/search","GET",40,13.06,20.1,54.01,1,14.63,"0",300,142.54,"0"
"req_000450","2026-10-01 15:27:02",15,"/api/v1/products","GET",35,2.33,35.43,48.15,0,31.47,"1",200,62.68,"0"
"req_000451","2026-10-01 15:28:24",15,"/api/v1/users","GET",16,5.77,24.96,43.6,1,27.34,"0",150,100.32,"0"
"req_000452","2026-10-01 15:34:51",15,"/api/v1/users","POST",20,9.54,33.11,52.37,4,42.83,"0",150,175.57,"1"
"req_000453","2026-10-01 15:35:42",15,"/api/v1/search","GET",42,5.48,18.84,50.39,0,46.02,"1",300,68.98,"0"
"req_000454","2026-10-01 15:39:54",15,"/api/v1/search","GET",53,3.77,36.89,43.18,3,14.05,"0",300,151.46,"0"
"req_000455","2026-10-01 15:40:25",15,"/api/v1/users","GET",21,1.54,46.08,47.44,0,18.45,"1",150,36.9,"0"
"req_000456","2026-10-01 15:41:04",15,"/api/v1/users","GET",102,11.78,36.77,45.14,0,25.63,"1",150,37.97,"0"
"req_000457","2026-10-01 15:41:53",15,"/api/v1/products","GET",116,2.28,34.68,52.03,0,30.65,"1",200,48.38,"0"
"req_000458","2026-10-01 15:43:05",15,"/api/v1/search","GET",10,10.8,24.8,40.3,2,44.91,"0",300,188.28,"0"
"req_000459","2026-10-01 15:44:58",15,"/api/v1/checkout","POST",26,8.8,33.57,47.45,7,41.48,"0",500,338.26,"0"
"req_000460","2026-10-01 15:47:56",15,"/api/v1/checkout","POST",77,8.41,36.96,55.38,7,43.98,"0",500,371.98,"0"
"req_000461","2026-10-01 15:48:38",15,"/api/v1/users","GET",92,3.56,28.15,38.33,0,19.51,"1",150,26.74,"0"
"req_000462","2026-10-01 15:49:17",15,"/api/v1/products","POST",52,0.57,36.63,39.6,3,42.44,"0",200,168.84,"0"
"req_000463","2026-10-01 15:50:56",15,"/api/v1/checkout","POST",41,7.95,27.95,45.39,4,28,"0",500,309.53,"0"
"req_000464","2026-10-01 15:51:57",15,"/api/v1/products","GET",47,2.97,39.95,53.62,0,19.51,"1",200,26.07,"0"
"req_000465","2026-10-01 15:52:58",15,"/api/v1/products","GET",63,1.75,30.64,36.74,2,26.97,"0",200,111.42,"0"
"req_000466","2026-10-01 15:56:30",15,"/api/v1/search","GET",52,1.61,35.68,48.45,0,9.55,"1",300,45.04,"0"
"req_000467","2026-10-01 15:56:50",15,"/api/v1/users","GET",500,2.72,95.85,79.3,1,26.87,"0",150,1318.85,"1"
"req_000468","2026-10-01 15:59:07",15,"/api/v1/products","GET",25,3.17,13.81,43.39,0,25.77,"1",200,43.84,"0"
"req_000469","2026-10-01 15:59:18",15,"/api/v1/users","GET",27,10.87,26.3,52.12,0,26.65,"1",150,23.04,"0"
"req_000470","2026-10-01 16:00:41",16,"/api/v1/checkout","POST",74,5.86,40.77,49.56,2,16.01,"0",500,277.13,"0"
"req_000471","2026-10-01 16:02:25",16,"/api/v1/users","GET",103,2.79,37.91,57.69,0,6.43,"1",150,24.79,"0"
"req_000472","2026-10-01 16:04:49",16,"/api/v1/products","GET",48,5.09,26.1,34.32,0,57.88,"1",200,72.39,"0"
"req_000473","2026-10-01 16:05:38",16,"/api/v1/reports","GET",47,10.43,38.2,57.7,15,20.41,"0",800,732.58,"0"
"req_000474","2026-10-01 16:07:26",16,"/api/v1/reports","GET",40,2.53,48.41,50.18,9,44.95,"0",800,570.91,"0"
"req_000475","2026-10-01 16:07:54",16,"/api/v1/users","GET",114,14.24,40.77,51.69,2,48.51,"0",150,153.87,"1"
"req_000476","2026-10-01 16:08:46",16,"/api/v1/users","GET",33,2.65,31.24,36.27,0,51.2,"1",150,57.13,"0"
"req_000477","2026-10-01 16:09:55",16,"/api/v1/search","POST",36,3.63,48.33,36.09,4,47.78,"0",300,238.28,"0"
"req_000478","2026-10-01 16:10:13",16,"/api/v1/reports","POST",107,5.22,41.35,39.07,19,51.16,"0",800,744.71,"0"
"req_000479","2026-10-01 16:11:16",16,"/api/v1/products","GET",109,10.76,34.5,57.9,0,22.1,"1",200,40.03,"0"
"req_000480","2026-10-01 16:12:42",16,"/api/v1/checkout","POST",35,21.1,14.97,55.89,7,25.98,"0",500,324.82,"0"
"req_000481","2026-10-01 16:13:01",16,"/api/v1/products","GET",34,9.59,26.35,39.97,0,33.52,"1",200,55.07,"0"
"req_000482","2026-10-01 16:14:32",16,"/api/v1/search","GET",141,0.83,53.56,53.91,6,17.71,"0",300,259.67,"0"
"req_000483","2026-10-01 16:14:46",16,"/api/v1/checkout","POST",122,1.98,39.89,54.14,5,33.13,"0",500,300.19,"0"
"req_000484","2026-10-01 16:16:49",16,"/api/v1/products","GET",107,4.02,37.35,56.79,0,37.54,"1",200,56.5,"0"
"req_000485","2026-10-01 16:21:55",16,"/api/v1/checkout","POST",26,2.55,37.51,56.41,4,34.31,"0",500,283.53,"0"
"req_000486","2026-10-01 16:22:14",16,"/api/v1/users","GET",16,2.91,18.96,38.69,1,49.32,"0",150,102.21,"0"
"req_000487","2026-10-01 16:22:53",16,"/api/v1/checkout","POST",91,4.76,25.41,41.99,8,17.14,"0",500,342,"0"
"req_000488","2026-10-01 16:23:58",16,"/api/v1/products","GET",50,2,33.88,45.92,3,28.57,"0",200,159.11,"0"
"req_000489","2026-10-01 16:29:02",16,"/api/v1/products","POST",116,2.72,38.68,45.89,2,47.62,"0",200,153.24,"0"
"req_000490","2026-10-01 16:29:32",16,"/api/v1/products","GET",17,7.98,31.57,43.79,2,16.83,"0",200,114.1,"0"
"req_000491","2026-10-01 16:31:06",16,"/api/v1/reports","GET",179,0.24,34.92,55.12,15,17.99,"0",800,720.82,"0"
"req_000492","2026-10-01 16:35:43",16,"/api/v1/users","POST",35,5.06,24.7,36.37,1,17.91,"0",150,78.77,"0"
"req_000493","2026-10-01 16:36:38",16,"/api/v1/checkout","PUT",40,2,39.37,47.16,5,33.04,"0",500,323.9,"0"
"req_000494","2026-10-01 16:50:38",16,"/api/v1/users","GET",54,6,23.06,46.37,1,32.88,"0",150,96.43,"0"
"req_000495","2026-10-01 16:51:11",16,"/api/v1/users","GET",27,2.31,32.45,43.69,1,42.23,"0",150,106.49,"0"
"req_000496","2026-10-01 16:55:36",16,"/api/v1/products","GET",52,3.42,34.81,49.16,0,43.86,"1",200,48.24,"0"
"req_000497","2026-10-01 16:56:31",16,"/api/v1/checkout","POST",28,8.24,15.84,53.11,6,20.09,"0",500,322.14,"0"
"req_000498","2026-10-01 16:56:50",16,"/api/v1/users","GET",53,10.57,41.07,46.5,1,30.94,"0",150,104.9,"0"
"req_000499","2026-10-01 16:57:45",16,"/api/v1/products","GET",23,6.87,31.15,48.35,2,43.77,"0",200,146.26,"0"
"req_000500","2026-10-01 16:59:10",16,"/api/v1/products","POST",25,1.18,32.76,48.74,1,35.47,"0",200,101.63,"0"
"req_000501","2026-10-01 17:00:32",17,"/api/v1/products","GET",82,10.25,35.39,46.32,4,73.11,"0",200,216.64,"1"
"req_000502","2026-10-01 17:02:22",17,"/api/v1/products","GET",232,1.92,57.03,56.69,0,33.72,"1",200,57.24,"0"
"req_000503","2026-10-01 17:06:53",17,"/api/v1/users","POST",36,47.71,36.22,41.63,2,44.28,"0",150,155.13,"1"
"req_000504","2026-10-01 17:07:46",17,"/api/v1/checkout","POST",26,12.39,47.79,33.06,8,30.44,"0",500,367.19,"0"
"req_000505","2026-10-01 17:10:19",17,"/api/v1/products","POST",92,13.64,32.28,48.61,2,52.32,"0",200,157.8,"0"
"req_000506","2026-10-01 17:12:39",17,"/api/v1/checkout","POST",37,23.06,35.57,54.67,6,10.58,"0",500,314.5,"0"
"req_000507","2026-10-01 17:13:15",17,"/api/v1/search","GET",75,4.2,45.24,39.94,1,41.66,"0",300,177.47,"0"
"req_000508","2026-10-01 17:16:35",17,"/api/v1/products","GET",13,2.26,41.49,39.5,0,41.38,"1",200,41.86,"0"
"req_000509","2026-10-01 17:18:49",17,"/api/v1/reports","GET",66,3.28,34.67,50.7,11,24.62,"0",800,574.62,"0"
"req_000510","2026-10-01 17:19:48",17,"/api/v1/products","GET",219,7.52,61.93,56.13,0,28.94,"1",200,47.34,"0"
"req_000511","2026-10-01 17:22:22",17,"/api/v1/products","GET",53,8.43,25.41,48.46,5,25.75,"0",200,134.45,"0"
"req_000512","2026-10-01 17:22:59",17,"/api/v1/checkout","POST",115,4.61,47.1,45.12,4,38.48,"0",500,345.2,"0"
"req_000513","2026-10-01 17:24:29",17,"/api/v1/products","GET",48,6.35,32.47,52.03,1,27.48,"0",200,114.45,"0"
"req_000514","2026-10-01 17:25:05",17,"/api/v1/users","GET",93,11.63,52.89,59.86,2,7.05,"0",150,113.95,"0"
"req_000515","2026-10-01 17:25:10",17,"/api/v1/users","GET",34,2.54,31.87,40.4,0,42.71,"1",150,64.92,"0"
"req_000516","2026-10-01 17:25:28",17,"/api/v1/users","GET",33,6.44,30.56,41.8,0,36.85,"1",150,48.18,"0"
"req_000517","2026-10-01 17:27:12",17,"/api/v1/products","POST",61,0.81,27.84,48.37,1,41.41,"0",200,122.75,"0"
"req_000518","2026-10-01 17:29:50",17,"/api/v1/products","GET",64,5.84,28.11,49.18,0,45.88,"1",200,64.91,"0"
"req_000519","2026-10-01 17:30:56",17,"/api/v1/users","GET",115,11.48,52.01,49.79,1,35.75,"0",150,111.83,"0"
"req_000520","2026-10-01 17:33:14",17,"/api/v1/search","GET",91,8.29,41.12,45.57,0,30.2,"1",300,61.3,"0"
"req_000521","2026-10-01 17:34:38",17,"/api/v1/checkout","POST",26,4.16,46.18,47.83,5,29.81,"0",500,335.15,"0"
"req_000522","2026-10-01 17:37:46",17,"/api/v1/reports","GET",36,8.54,25.65,35.81,7,17.61,"0",800,542.9,"0"
"req_000523","2026-10-01 17:42:17",17,"/api/v1/checkout","PUT",38,21.94,11.49,40.98,5,31.53,"0",500,324.54,"0"
"req_000524","2026-10-01 17:43:15",17,"/api/v1/products","GET",73,4.18,47.87,42.88,0,41.45,"1",200,55.24,"0"
"req_000525","2026-10-01 17:45:53",17,"/api/v1/search","GET",15,0.53,39.13,52.77,4,51.51,"0",300,228.55,"0"
"req_000526","2026-10-01 17:48:23",17,"/api/v1/search","GET",94,6.59,38.2,46.72,0,50.97,"1",300,80.67,"0"
"req_000527","2026-10-01 17:49:02",17,"/api/v1/products","GET",46,8.9,18.7,52.94,4,12.27,"0",200,132.42,"0"
"req_000528","2026-10-01 17:52:09",17,"/api/v1/reports","GET",49,6.8,30.79,50.43,5,24.99,"0",800,510.61,"0"
"req_000529","2026-10-01 17:52:45",17,"/api/v1/users","GET",79,19.55,33.85,49.74,0,41.35,"1",150,56.88,"0"
"req_000530","2026-10-01 17:54:54",17,"/api/v1/products","GET",43,2.61,29.54,44.55,0,31.35,"1",200,46.65,"0"
"req_000531","2026-10-01 17:56:21",17,"/api/v1/checkout","POST",26,5.32,25.84,48.3,6,30.44,"0",500,299.18,"0"
"req_000532","2026-10-01 17:58:32",17,"/api/v1/products","GET",26,20.54,29.19,50.98,3,50.78,"0",200,166.4,"0"
"req_000533","2026-10-01 17:58:38",17,"/api/v1/checkout","POST",30,2.26,35.52,44.26,6,25.53,"0",500,311.99,"0"
"req_000534","2026-10-01 18:00:01",18,"/api/v1/search","GET",55,2.33,39.75,37.15,7,60.77,"0",300,329.21,"1"
"req_000535","2026-10-01 18:00:16",18,"/api/v1/users","GET",15,3,22.06,35.96,0,50.36,"1",150,55.99,"0"
"req_000536","2026-10-01 18:01:35",18,"/api/v1/products","POST",17,0.95,27,45.77,3,38.79,"0",200,128.53,"0"
"req_000537","2026-10-01 18:03:47",18,"/api/v1/products","GET",86,4.29,39.05,36.32,1,18.21,"0",200,101.07,"0"
"req_000538","2026-10-01 18:06:32",18,"/api/v1/users","GET",25,1.47,8.47,38.18,1,11.23,"0",150,54.94,"0"
"req_000539","2026-10-01 18:12:54",18,"/api/v1/users","GET",32,0.88,41.84,46.87,0,32.39,"1",150,34.21,"0"
"req_000540","2026-10-01 18:13:19",18,"/api/v1/products","GET",237,8.83,50.46,59.16,0,35.95,"1",200,56.16,"0"
"req_000541","2026-10-01 18:13:51",18,"/api/v1/search","GET",33,1.89,38.81,47.11,7,43.32,"0",300,282.96,"0"
"req_000542","2026-10-01 18:14:39",18,"/api/v1/reports","GET",34,14.42,28.62,44.2,11,33.18,"0",800,592.64,"0"
"req_000543","2026-10-01 18:16:37",18,"/api/v1/users","GET",67,3.63,47.38,51.92,0,41.49,"1",150,54.84,"0"
"req_000544","2026-10-01 18:20:05",18,"/api/v1/products","GET",84,5.19,57.49,44.55,0,36.5,"1",200,56.81,"0"
"req_000545","2026-10-01 18:20:31",18,"/api/v1/search","GET",81,21.23,37.34,38.02,0,36.59,"1",300,74.35,"0"
"req_000546","2026-10-01 18:21:37",18,"/api/v1/checkout","POST",337,6.76,71.18,75.87,12,27.74,"0",500,912.93,"1"
"req_000547","2026-10-01 18:23:43",18,"/api/v1/search","GET",210,3.09,59.8,52.56,3,48.05,"0",300,247.84,"0"
"req_000548","2026-10-01 18:27:15",18,"/api/v1/products","GET",113,3.02,48.92,56.13,0,20.63,"1",200,40.42,"0"
"req_000549","2026-10-01 18:28:37",18,"/api/v1/users","GET",17,4.87,38.22,43.91,1,47.08,"0",150,113.43,"0"
"req_000550","2026-10-01 18:32:12",18,"/api/v1/users","GET",36,4.72,17.27,40.76,0,56.69,"1",150,61.18,"0"
"req_000551","2026-10-01 18:32:57",18,"/api/v1/reports","POST",9,3.45,25.43,48.74,14,24.99,"0",800,616.9,"0"
"req_000552","2026-10-01 18:33:32",18,"/api/v1/products","GET",16,3.58,26.7,48.32,0,58.6,"1",200,72.3,"0"
"req_000553","2026-10-01 18:36:24",18,"/api/v1/search","GET",54,5.03,32.41,50.98,2,27.44,"0",300,173.61,"0"
"req_000554","2026-10-01 18:36:29",18,"/api/v1/products","GET",63,6.98,35.37,59.31,0,41.17,"1",200,59.58,"0"
"req_000555","2026-10-01 18:37:55",18,"/api/v1/products","POST",20,1.86,18.58,38.05,5,31.66,"0",200,129.88,"0"
"req_000556","2026-10-01 18:41:58",18,"/api/v1/products","GET",33,2.14,40.21,55.16,0,27.14,"1",200,36.89,"0"
"req_000557","2026-10-01 18:43:34",18,"/api/v1/reports","GET",143,3.4,34.56,53.56,11,39.12,"0",800,707.95,"0"
"req_000558","2026-10-01 18:45:53",18,"/api/v1/products","GET",45,3,39.63,37.05,1,31.68,"0",200,107.35,"0"
"req_000559","2026-10-01 18:46:50",18,"/api/v1/checkout","PUT",110,3.39,53.14,49.16,6,16.02,"0",500,400.79,"0"
"req_000560","2026-10-01 18:47:31",18,"/api/v1/checkout","PUT",65,4.56,31.53,48.11,4,9.52,"0",500,281.17,"0"
"req_000561","2026-10-01 18:48:22",18,"/api/v1/checkout","POST",35,20.29,27.19,42.85,10,36.51,"0",500,412.53,"0"
"req_000562","2026-10-01 18:53:09",18,"/api/v1/products","GET",25,2.85,29.99,38.16,0,20.95,"1",200,26.12,"0"
"req_000563","2026-10-01 18:53:52",18,"/api/v1/products","GET",64,2.23,42.49,47.59,2,11.46,"0",200,107.95,"0"
"req_000564","2026-10-01 18:54:36",18,"/api/v1/products","POST",28,15.6,30.23,47.49,2,21.18,"0",200,115.84,"0"
"req_000565","2026-10-01 18:55:30",18,"/api/v1/products","GET",42,2.8,38.49,44.93,1,25.12,"0",200,97.39,"0"
"req_000566","2026-10-01 18:56:41",18,"/api/v1/users","GET",57,1.17,38.02,46.01,0,20.5,"1",150,35.29,"0"
"req_000567","2026-10-01 18:59:08",18,"/api/v1/search","GET",42,0.9,43.24,35.94,0,16.92,"1",300,56.37,"0"
"req_000568","2026-10-01 18:59:35",18,"/api/v1/products","GET",22,1.58,29.47,45.71,0,29.18,"1",200,37.23,"0"
"req_000569","2026-10-01 19:04:02",19,"/api/v1/users","GET",20,1.53,28.71,37.76,0,30.56,"1",150,40.82,"0"
"req_000570","2026-10-01 19:06:36",19,"/api/v1/checkout","POST",57,4,25.3,51.41,5,57.65,"0",500,317.35,"0"
"req_000571","2026-10-01 19:06:50",19,"/api/v1/search","GET",72,1.15,28.96,56.01,9,30.86,"0",300,270.04,"0"
"req_000572","2026-10-01 19:07:04",19,"/api/v1/products","GET",56,6.38,24.49,57.45,0,23.22,"1",200,29.38,"0"
"req_000573","2026-10-01 19:11:24",19,"/api/v1/reports","GET",66,2.15,31.2,40.9,14,27.07,"0",800,609.78,"0"
"req_000574","2026-10-01 19:17:52",19,"/api/v1/products","GET",19,3.51,42.45,46.83,4,52.82,"0",200,190.72,"0"
"req_000575","2026-10-01 19:18:49",19,"/api/v1/products","GET",36,7.07,30.92,47.67,0,33.33,"1",200,59.8,"0"
"req_000576","2026-10-01 19:22:01",19,"/api/v1/search","POST",79,6.53,37.56,54.89,6,30.78,"0",300,275.45,"0"
"req_000577","2026-10-01 19:22:08",19,"/api/v1/products","GET",129,1.38,41.78,51.2,0,2,"1",200,18.36,"0"
"req_000578","2026-10-01 19:23:03",19,"/api/v1/products","GET",22,2.26,29.74,56.56,0,44.43,"1",200,55.37,"0"
"req_000579","2026-10-01 19:24:24",19,"/api/v1/search","GET",13,4.06,28.82,40.77,4,25.41,"0",300,173.91,"0"
"req_000580","2026-10-01 19:27:10",19,"/api/v1/search","GET",49,4.25,31.3,45.48,6,23.49,"0",300,214.32,"0"
"req_000581","2026-10-01 19:28:53",19,"/api/v1/products","POST",59,0.73,32.06,48.79,2,33.66,"0",200,133.63,"0"
"req_000582","2026-10-01 19:32:22",19,"/api/v1/reports","GET",88,1.39,27.73,44.16,11,45.18,"0",800,613.67,"0"
"req_000583","2026-10-01 19:34:22",19,"/api/v1/search","GET",133,6.92,45.47,54,4,30.51,"0",300,198.23,"0"
"req_000584","2026-10-01 19:34:49",19,"/api/v1/search","GET",43,2.41,36.5,41.25,0,17.02,"1",300,52.82,"0"
"req_000585","2026-10-01 19:35:39",19,"/api/v1/products","GET",16,1.01,14.65,38.97,0,22.73,"1",200,36.32,"0"
"req_000586","2026-10-01 19:38:45",19,"/api/v1/users","GET",14,3.12,25.16,33.84,0,22.78,"1",150,42.62,"0"
"req_000587","2026-10-01 19:39:40",19,"/api/v1/reports","GET",13,1.15,36.53,36.36,8,44.73,"0",800,594.9,"0"
"req_000588","2026-10-01 19:41:15",19,"/api/v1/reports","POST",44,10.28,39.54,46.26,13,33.3,"0",800,611.15,"0"
"req_000589","2026-10-01 19:45:42",19,"/api/v1/users","GET",60,27.15,25.88,36.11,0,51.28,"1",150,62.04,"0"
"req_000590","2026-10-01 19:48:47",19,"/api/v1/search","GET",28,4.95,27.35,50.36,6,62.82,"0",300,211.45,"0"
"req_000591","2026-10-01 19:49:32",19,"/api/v1/users","GET",121,3.7,49.17,44.99,0,19.43,"1",150,33.31,"0"
"req_000592","2026-10-01 19:51:47",19,"/api/v1/checkout","PUT",68,3.79,32.58,36.41,9,79.72,"0",500,470.43,"0"
"req_000593","2026-10-01 19:52:30",19,"/api/v1/users","GET",37,5.19,24.95,39.08,2,16.61,"0",150,92.04,"0"
"req_000594","2026-10-01 19:53:04",19,"/api/v1/reports","GET",75,3.45,39.71,54.57,13,24.78,"0",800,742.3,"0"
"req_000595","2026-10-01 19:54:38",19,"/api/v1/checkout","POST",63,1.35,27.15,56,7,26.5,"0",500,390.52,"0"
"req_000596","2026-10-01 19:54:59",19,"/api/v1/users","GET",34,7.84,32.86,40.48,0,48.98,"1",150,62.73,"0"
"req_000597","2026-10-01 19:55:30",19,"/api/v1/users","GET",64,0.61,35.69,49.34,0,28.39,"1",150,44.9,"0"
"req_000598","2026-10-01 19:57:46",19,"/api/v1/users","GET",118,2.61,47.83,57.88,2,44.83,"0",150,153.36,"1"
"req_000599","2026-10-01 20:03:47",20,"/api/v1/products","GET",82,3.46,35.99,41.31,0,46.37,"1",200,71.89,"0"
"req_000600","2026-10-01 20:04:19",20,"/api/v1/users","GET",71,3.48,45.91,56.67,3,51.95,"0",150,140.52,"0"
"req_000601","2026-10-01 20:04:47",20,"/api/v1/users","GET",31,9.61,26.66,53.59,2,30.66,"0",150,121.01,"0"
"req_000602","2026-10-01 20:05:51",20,"/api/v1/products","GET",51,1.05,33.26,48.43,0,22.21,"1",200,38.77,"0"
"req_000603","2026-10-01 20:06:21",20,"/api/v1/checkout","POST",20,1.4,31.33,46.55,6,49.35,"0",500,344.54,"0"
"req_000604","2026-10-01 20:07:53",20,"/api/v1/users","POST",58,2.91,38.88,54.49,1,58.39,"0",150,129.91,"0"
"req_000605","2026-10-01 20:11:00",20,"/api/v1/users","GET",33,12.69,18.51,41.8,1,42.58,"0",150,111.69,"0"
"req_000606","2026-10-01 20:12:06",20,"/api/v1/users","GET",24,1.11,22.05,38.23,1,29.95,"0",150,87.31,"0"
"req_000607","2026-10-01 20:14:45",20,"/api/v1/checkout","PUT",23,9.6,41.9,43.47,6,33.13,"0",500,359.85,"0"
"req_000608","2026-10-01 20:16:40",20,"/api/v1/products","GET",47,3.88,29.71,40.01,0,29.88,"1",200,47.02,"0"
"req_000609","2026-10-01 20:22:00",20,"/api/v1/users","GET",38,7.63,28.2,41.35,0,50.4,"1",150,58.12,"0"
"req_000610","2026-10-01 20:25:26",20,"/api/v1/users","GET",23,12.57,24.11,38.1,3,44.32,"0",150,145.49,"0"
"req_000611","2026-10-01 20:27:22",20,"/api/v1/users","POST",47,2.92,23.68,51.15,5,62.96,"0",150,178.71,"1"
"req_000612","2026-10-01 20:27:38",20,"/api/v1/users","GET",164,4.16,51.14,50.22,3,40.89,"0",150,148.35,"0"
"req_000613","2026-10-01 20:27:41",20,"/api/v1/search","GET",166,2.24,43.63,57,3,68.29,"0",300,259.84,"0"
"req_000614","2026-10-01 20:27:43",20,"/api/v1/users","GET",26,0.86,31.6,36.97,0,34.42,"1",150,47.92,"0"
"req_000615","2026-10-01 20:28:33",20,"/api/v1/checkout","POST",27,7.09,28.77,36.67,9,48.45,"0",500,416.68,"0"
"req_000616","2026-10-01 20:31:28",20,"/api/v1/reports","GET",47,4.62,23.06,39.39,13,25.08,"0",800,607.7,"0"
"req_000617","2026-10-01 20:31:52",20,"/api/v1/products","GET",35,2.46,24.82,43.64,0,31.34,"1",200,42.12,"0"
"req_000618","2026-10-01 20:32:58",20,"/api/v1/products","GET",171,24.44,64.69,57.89,0,22.71,"1",200,54.32,"0"
"req_000619","2026-10-01 20:36:00",20,"/api/v1/users","GET",65,4.85,36.14,44.36,0,55.2,"1",150,73.28,"0"
"req_000620","2026-10-01 20:39:35",20,"/api/v1/users","GET",68,5.28,33.09,51.55,0,34.79,"1",150,45,"0"
"req_000621","2026-10-01 20:42:30",20,"/api/v1/users","POST",69,1.47,42.36,49.21,1,31.5,"0",150,101.65,"0"
"req_000622","2026-10-01 20:43:43",20,"/api/v1/search","GET",36,10.52,34.49,46.86,3,12.56,"0",300,178.76,"0"
"req_000623","2026-10-01 20:44:44",20,"/api/v1/products","POST",84,1.67,45.4,44.47,1,14.08,"0",200,102.03,"0"
"req_000624","2026-10-01 20:45:31",20,"/api/v1/search","GET",16,1.99,13.67,44.35,4,43.48,"0",300,179.99,"0"
"req_000625","2026-10-01 20:46:34",20,"/api/v1/products","GET",45,3.25,36.45,43.87,0,27.57,"1",200,54.72,"0"
"req_000626","2026-10-01 20:51:04",20,"/api/v1/search","GET",121,18.91,44.21,59.26,2,38.33,"0",300,205.34,"0"
"req_000627","2026-10-01 20:52:51",20,"/api/v1/products","GET",12,3.19,32.34,43.48,0,33.61,"1",200,53.67,"0"
"req_000628","2026-10-01 20:57:51",20,"/api/v1/users","GET",21,7.29,47.35,46.74,2,44.79,"0",150,152.02,"1"
"req_000629","2026-10-01 21:11:18",21,"/api/v1/search","GET",19,1.83,27.1,38.56,3,57.35,"0",300,215.81,"0"
"req_000630","2026-10-01 21:11:50",21,"/api/v1/users","GET",77,6.61,9.81,51.38,0,33.11,"1",150,46.35,"0"
"req_000631","2026-10-01 21:15:00",21,"/api/v1/users","GET",44,13.46,20.22,40.65,1,43.79,"0",150,105.09,"0"
"req_000632","2026-10-01 21:16:15",21,"/api/v1/products","GET",37,6.78,32.23,54.02,0,41.15,"1",200,55.45,"0"
"req_000633","2026-10-01 21:25:29",21,"/api/v1/products","GET",78,4.33,53.02,42.55,2,49.14,"0",200,161.77,"0"
"req_000634","2026-10-01 21:26:10",21,"/api/v1/products","POST",11,10.06,28.54,36.88,1,32.26,"0",200,99.04,"0"
"req_000635","2026-10-01 21:30:46",21,"/api/v1/search","GET",90,2.97,36.14,53.13,3,35.56,"0",300,214.84,"0"
"req_000636","2026-10-01 21:34:29",21,"/api/v1/search","GET",31,3.22,37.76,35.46,0,37.8,"1",300,72.51,"0"
"req_000637","2026-10-01 21:36:14",21,"/api/v1/products","POST",59,2.23,14.56,44.67,4,52.23,"0",200,174.52,"0"
"req_000638","2026-10-01 21:37:05",21,"/api/v1/users","GET",95,5.97,37.01,53.37,0,25.77,"1",150,44.62,"0"
"req_000639","2026-10-01 21:39:22",21,"/api/v1/checkout","POST",27,3.85,48.93,44.45,7,15.18,"0",500,329.27,"0"
"req_000640","2026-10-01 21:39:42",21,"/api/v1/search","GET",162,4.71,44.33,57.62,0,56.46,"1",300,101.8,"0"
"req_000641","2026-10-01 21:41:31",21,"/api/v1/users","GET",39,26,36.14,49.09,2,34.55,"0",150,121.96,"0"
"req_000642","2026-10-01 21:43:45",21,"/api/v1/products","GET",82,2.52,24.61,52.54,3,29.75,"0",200,144.81,"0"
"req_000643","2026-10-01 21:46:25",21,"/api/v1/search","POST",13,1.78,18.95,46.43,4,21.14,"0",300,198.27,"0"
"req_000644","2026-10-01 21:47:57",21,"/api/v1/checkout","POST",23,0.94,16.24,59.08,6,16.05,"0",500,310.01,"0"
"req_000645","2026-10-01 21:47:58",21,"/api/v1/users","GET",42,0.77,33.2,49.62,2,30.69,"0",150,108.97,"0"
"req_000646","2026-10-01 21:49:33",21,"/api/v1/search","GET",91,1.08,40.02,47.69,8,39.85,"0",300,302.8,"1"
"req_000647","2026-10-01 21:50:51",21,"/api/v1/users","GET",48,25.85,38.64,53.75,1,62.06,"0",150,135.75,"0"
"req_000648","2026-10-01 21:51:27",21,"/api/v1/users","GET",16,9.64,31.47,41.81,0,37.94,"1",150,50.11,"0"
"req_000649","2026-10-01 21:51:36",21,"/api/v1/reports","GET",68,10.59,39.5,40.81,15,28.49,"0",800,690.03,"0"
"req_000650","2026-10-01 21:51:40",21,"/api/v1/reports","GET",53,1,28.73,45.55,16,34,"0",800,786.03,"0"
"req_000651","2026-10-01 21:54:48",21,"/api/v1/products","GET",97,8.11,33.04,45.93,0,36.56,"1",200,51.09,"0"
"req_000652","2026-10-01 21:55:11",21,"/api/v1/reports","GET",41,1.61,37.4,43.41,6,42.54,"0",800,558.58,"0"
"req_000653","2026-10-01 21:57:06",21,"/api/v1/checkout","POST",233,2.06,53.66,62.81,7,51.12,"0",500,414.41,"0"
"req_000654","2026-10-01 21:59:06",21,"/api/v1/search","GET",19,4.48,44.3,50.4,5,22.4,"0",300,236.46,"0"
"req_000655","2026-10-01 22:00:08",22,"/api/v1/users","GET",71,7.67,34.86,53.38,0,52.03,"1",150,69.66,"0"
"req_000656","2026-10-01 22:03:47",22,"/api/v1/users","GET",150,3.55,42.71,51.88,0,23.06,"1",150,32.06,"0"
"req_000657","2026-10-01 22:04:38",22,"/api/v1/products","GET",32,3.32,20.51,39.74,0,36.41,"1",200,68.58,"0"
"req_000658","2026-10-01 22:07:56",22,"/api/v1/products","POST",73,2.5,42.84,45.61,2,38.06,"0",200,139.46,"0"
"req_000659","2026-10-01 22:09:55",22,"/api/v1/users","GET",58,3.56,36.23,43.01,0,55.39,"1",150,59.95,"0"
"req_000660","2026-10-01 22:14:47",22,"/api/v1/users","GET",33,0.41,25.18,45.37,1,11.63,"0",150,79.26,"0"
"req_000661","2026-10-01 22:15:47",22,"/api/v1/checkout","POST",156,1.57,52.85,54.33,6,45.46,"0",500,403.34,"0"
"req_000662","2026-10-01 22:17:22",22,"/api/v1/reports","GET",36,3.82,26.82,40.36,9,47.58,"0",800,513.63,"0"
"req_000663","2026-10-01 22:21:23",22,"/api/v1/users","GET",24,30.82,23.68,30.14,0,54.69,"1",150,64.23,"0"
"req_000664","2026-10-01 22:23:39",22,"/api/v1/checkout","POST",11,2.02,16.23,43.8,10,32.86,"0",500,396.24,"0"
"req_000665","2026-10-01 22:23:57",22,"/api/v1/products","GET",89,1.82,32.05,47.77,2,41.97,"0",200,138.71,"0"
"req_000666","2026-10-01 22:27:35",22,"/api/v1/checkout","POST",18,3.24,12.33,34.53,10,22.9,"0",500,301.47,"0"
"req_000667","2026-10-01 22:28:21",22,"/api/v1/search","GET",69,0.46,35.75,36.79,0,38.73,"1",300,75.19,"0"
"req_000668","2026-10-01 22:29:37",22,"/api/v1/users","GET",62,6.7,24.69,45.51,0,39.81,"1",150,56.41,"0"
"req_000669","2026-10-01 22:37:08",22,"/api/v1/checkout","POST",7,22.52,24.49,51.44,8,41.39,"0",500,346.61,"0"
"req_000670","2026-10-01 22:37:44",22,"/api/v1/products","GET",49,22.38,32.89,54.45,0,57.32,"1",200,61.29,"0"
"req_000671","2026-10-01 22:37:55",22,"/api/v1/users","GET",48,2.21,31.06,41.55,1,30.98,"0",150,82.25,"0"
"req_000672","2026-10-01 22:38:47",22,"/api/v1/checkout","POST",80,5.32,49.09,46.24,8,34.95,"0",500,390.5,"0"
"req_000673","2026-10-01 22:39:59",22,"/api/v1/products","GET",23,10.13,11.79,45.95,0,26.29,"1",200,44.41,"0"
"req_000674","2026-10-01 22:41:33",22,"/api/v1/users","GET",115,13.55,43.18,57.58,0,38.26,"1",150,49.16,"0"
"req_000675","2026-10-01 22:46:49",22,"/api/v1/products","GET",98,9.78,39.23,50.57,2,29.93,"0",200,142.78,"0"
"req_000676","2026-10-01 22:50:44",22,"/api/v1/products","GET",261,1.32,52.66,68.56,1,52.71,"0",200,158.67,"0"
"req_000677","2026-10-01 22:53:16",22,"/api/v1/products","GET",134,0.97,51.65,51.95,4,12.62,"0",200,150.82,"0"
"req_000678","2026-10-01 22:53:37",22,"/api/v1/products","GET",24,6.21,31.78,43.34,0,20.87,"1",200,34.94,"0"
"req_000679","2026-10-01 22:55:16",22,"/api/v1/products","GET",47,5.69,39.99,49.16,1,17.31,"0",200,99.9,"0"
"req_000680","2026-10-01 22:55:28",22,"/api/v1/users","GET",30,1.06,28.93,42.75,0,37.41,"1",150,46.57,"0"
"req_000681","2026-10-01 22:55:58",22,"/api/v1/users","GET",15,9.57,18.64,37.9,0,12.93,"1",150,22.92,"0"
"req_000682","2026-10-01 22:58:09",22,"/api/v1/checkout","POST",11,8.96,20.81,44.75,6,49.59,"0",500,320.74,"0"
"req_000683","2026-10-01 22:59:16",22,"/api/v1/search","GET",44,1.4,27.8,44.62,6,32.46,"0",300,250,"0"
"req_000684","2026-10-01 23:08:33",23,"/api/v1/reports","GET",18,4.83,24.68,39.88,12,21.04,"0",800,547.59,"0"
"req_000685","2026-10-01 23:09:27",23,"/api/v1/users","POST",57,4.99,47.61,48.76,1,41.95,"0",150,112.12,"0"
"req_000686","2026-10-01 23:10:03",23,"/api/v1/checkout","POST",82,3.1,51.85,51.63,5,22.12,"0",500,338.1,"0"
"req_000687","2026-10-01 23:10:47",23,"/api/v1/products","GET",113,12.05,49.3,47.85,0,32.48,"1",200,39.35,"0"
"req_000688","2026-10-01 23:13:34",23,"/api/v1/products","GET",37,1.75,34.63,35.16,1,33.04,"0",200,104.92,"0"
"req_000689","2026-10-01 23:14:28",23,"/api/v1/search","GET",103,4.66,37.58,51.59,0,45.49,"1",300,74.73,"0"
"req_000690","2026-10-01 23:15:37",23,"/api/v1/users","GET",105,2.12,33.3,48.59,0,26.84,"1",150,46.53,"0"
"req_000691","2026-10-01 23:16:01",23,"/api/v1/search","GET",59,2.77,32.35,53.01,0,22.58,"1",300,52.05,"0"
"req_000692","2026-10-01 23:16:05",23,"/api/v1/products","GET",30,9.46,47.66,47.09,0,33.38,"1",200,62.25,"0"
"req_000693","2026-10-01 23:16:53",23,"/api/v1/checkout","POST",91,6.58,27.53,44.51,5,48.79,"0",500,352.25,"0"
"req_000694","2026-10-01 23:21:28",23,"/api/v1/checkout","PUT",11,3.43,25.18,48.21,5,35.25,"0",500,305.04,"0"
"req_000695","2026-10-01 23:21:51",23,"/api/v1/products","GET",122,1.65,49.96,41.34,4,43.08,"0",200,176.59,"0"
"req_000696","2026-10-01 23:25:31",23,"/api/v1/search","GET",114,4.81,34.61,50.07,8,32.93,"0",300,281.62,"0"
"req_000697","2026-10-01 23:25:59",23,"/api/v1/users","GET",41,1.97,35.48,43.72,1,17.56,"0",150,88.42,"0"
"req_000698","2026-10-01 23:27:56",23,"/api/v1/reports","GET",54,2.62,31.45,36.81,7,20.77,"0",800,499.79,"0"
"req_000699","2026-10-01 23:28:15",23,"/api/v1/reports","GET",12,1.31,22.37,42.56,11,39.67,"0",800,678,"0"
"req_000700","2026-10-01 23:32:45",23,"/api/v1/users","GET",27,1.25,36.65,49.13,2,51.82,"0",150,120.63,"0"
"req_000701","2026-10-01 23:36:48",23,"/api/v1/checkout","POST",32,0.84,31.61,39.35,8,37.44,"0",500,344.98,"0"
"req_000702","2026-10-01 23:38:00",23,"/api/v1/users","GET",181,3.25,61.05,58.85,0,31.25,"1",150,54.74,"0"
"req_000703","2026-10-01 23:38:39",23,"/api/v1/products","POST",15,0.98,29.33,52.06,1,21.47,"0",200,101.8,"0"
"req_000704","2026-10-01 23:39:21",23,"/api/v1/search","GET",22,43.91,22.76,33.19,4,32.91,"0",300,208.09,"0"
"req_000705","2026-10-01 23:39:28",23,"/api/v1/checkout","POST",55,4.83,41.6,39.72,6,45.92,"0",500,395.97,"0"
"req_000706","2026-10-01 23:42:32",23,"/api/v1/search","GET",54,1.77,47.5,45.91,1,18.26,"0",300,174.24,"0"
"req_000707","2026-10-01 23:43:58",23,"/api/v1/products","POST",38,12.73,39.1,49.94,1,41.65,"0",200,115.67,"0"
"req_000708","2026-10-01 23:44:17",23,"/api/v1/products","GET",46,3.73,31.58,41.97,0,48.08,"1",200,60.53,"0"
"req_000709","2026-10-01 23:44:33",23,"/api/v1/users","GET",80,3.8,47.91,47.3,1,61.45,"0",150,140.76,"0"
"req_000710","2026-10-01 23:46:29",23,"/api/v1/search","GET",35,2.51,32.29,46.84,9,24.61,"0",300,245.56,"0"
"req_000711","2026-10-01 23:48:16",23,"/api/v1/checkout","POST",101,2.88,42.9,45.03,3,46.67,"0",500,332.41,"0"
"req_000712","2026-10-01 23:50:10",23,"/api/v1/checkout","POST",80,1.39,32.84,47.76,3,49.83,"0",500,290.63,"0"
"req_000713","2026-10-01 23:51:33",23,"/api/v1/users","GET",165,3.72,43.91,60.97,0,45.91,"1",150,68.02,"0"
"req_000714","2026-10-01 23:51:42",23,"/api/v1/search","GET",37,1.64,23.07,38.91,5,15.8,"0",300,186.87,"0"
"req_000715","2026-10-01 23:53:19",23,"/api/v1/checkout","PUT",20,5.62,26.44,47.15,5,25.79,"0",500,293.56,"0"
"req_000716","2026-10-01 23:56:02",23,"/api/v1/search","GET",53,19.47,40.67,53.14,7,45.92,"0",300,284.43,"0"
"req_000717","2026-10-01 23:56:27",23,"/api/v1/users","GET",89,6.6,24.56,51.21,1,41.03,"0",150,124.95,"0"
"req_000718","2026-10-01 23:57:07",23,"/api/v1/products","POST",126,5.21,42.68,44.89,1,43.33,"0",200,138.19,"0"
"req_000719","2026-10-01 23:58:05",23,"/api/v1/products","GET",193,12.23,55.81,62.72,0,41.02,"1",200,66.62,"0"
"req_000720","2026-10-01 23:58:23",23,"/api/v1/search","GET",10,5.63,35.83,47.53,5,5.62,"0",300,168.13,"0"
"req_000721","2026-10-01 23:58:49",23,"/api/v1/products","GET",33,1.11,13.42,53.47,4,48.74,"0",200,158.58,"0"
"req_000722","2026-10-02 00:01:30",0,"/api/v1/search","GET",120,9.83,41.96,47.83,0,24.16,"1",300,59,"0"
"req_000723","2026-10-02 00:02:07",0,"/api/v1/products","GET",21,2.2,31.8,36.7,0,31.75,"1",200,46.65,"0"
"req_000724","2026-10-02 00:03:59",0,"/api/v1/users","POST",34,2.76,19.32,52.6,1,45.84,"0",150,98.88,"0"
"req_000725","2026-10-02 00:04:42",0,"/api/v1/users","GET",18,2.65,28.64,37.93,0,5.22,"1",150,21.09,"0"
"req_000726","2026-10-02 00:05:32",0,"/api/v1/checkout","POST",24,2.9,27.61,35.91,5,40.63,"0",500,303.63,"0"
"req_000727","2026-10-02 00:06:25",0,"/api/v1/users","GET",26,1.82,28.3,50.33,0,27.16,"1",150,25.92,"0"
"req_000728","2026-10-02 00:06:42",0,"/api/v1/users","GET",24,8.79,28.33,40.23,0,26.07,"1",150,31.22,"0"
"req_000729","2026-10-02 00:06:42",0,"/api/v1/users","GET",68,8.09,32.82,56.42,0,35.91,"1",150,44.73,"0"
"req_000730","2026-10-02 00:06:48",0,"/api/v1/search","POST",9,3.5,15.68,53.48,7,25.41,"0",300,224.54,"0"
"req_000731","2026-10-02 00:08:57",0,"/api/v1/users","POST",44,2.26,37.5,48.38,1,32.25,"0",150,103.37,"0"
"req_000732","2026-10-02 00:09:57",0,"/api/v1/reports","GET",133,6.39,60.7,48.02,7,43.19,"0",800,641.47,"0"
"req_000733","2026-10-02 00:10:53",0,"/api/v1/reports","GET",16,5.46,35.24,45.58,13,66.76,"0",800,666.68,"0"
"req_000734","2026-10-02 00:12:54",0,"/api/v1/reports","GET",63,6.92,29.96,38.77,12,43.01,"0",800,604.03,"0"
"req_000735","2026-10-02 00:13:03",0,"/api/v1/products","GET",19,8.14,18.34,52.92,0,20.1,"1",200,17.41,"0"
"req_000736","2026-10-02 00:13:04",0,"/api/v1/users","GET",36,3.82,35,45.42,0,44.46,"1",150,56.66,"0"
"req_000737","2026-10-02 00:17:29",0,"/api/v1/users","GET",50,5.95,30.37,43.25,0,47.98,"1",150,73.11,"0"
"req_000738","2026-10-02 00:19:00",0,"/api/v1/search","GET",93,1.89,29.88,52.46,6,41.08,"0",300,243.64,"0"
"req_000739","2026-10-02 00:19:23",0,"/api/v1/search","GET",53,15.76,30.22,43.65,0,28.94,"1",300,58.53,"0"
"req_000740","2026-10-02 00:20:09",0,"/api/v1/checkout","POST",26,8.78,31.28,49.17,6,11.32,"0",500,322.61,"0"
"req_000741","2026-10-02 00:21:32",0,"/api/v1/reports","GET",79,25.51,47.25,34.03,12,33.98,"0",800,784.21,"0"
"req_000742","2026-10-02 00:23:56",0,"/api/v1/search","GET",13,1.17,15.66,38.1,5,45.57,"0",300,217.42,"0"
"req_000743","2026-10-02 00:29:59",0,"/api/v1/users","POST",78,21.14,31.92,52.38,1,25.81,"0",150,96.98,"0"
"req_000744","2026-10-02 00:30:09",0,"/api/v1/reports","POST",21,2.31,39.06,28.17,13,49.97,"0",800,634.45,"0"
"req_000745","2026-10-02 00:34:00",0,"/api/v1/checkout","POST",19,2.09,24.55,30.13,10,15.78,"0",500,360.75,"0"
"req_000746","2026-10-02 00:34:36",0,"/api/v1/users","GET",48,3.56,28.57,44.62,0,23.16,"1",150,43.38,"0"
"req_000747","2026-10-02 00:39:15",0,"/api/v1/products","GET",10,0.66,10.43,43.37,3,40.55,"0",200,103.01,"0"
"req_000748","2026-10-02 00:39:42",0,"/api/v1/checkout","POST",27,5.28,22.46,46.52,10,31.5,"0",500,378.96,"0"
"req_000749","2026-10-02 00:44:03",0,"/api/v1/reports","GET",24,3.55,34.72,43.68,17,30.88,"0",800,734.61,"0"
"req_000750","2026-10-02 00:47:12",0,"/api/v1/users","GET",19,10.94,25,50.2,0,43.45,"1",150,57.13,"0"
"req_000751","2026-10-02 00:47:50",0,"/api/v1/products","GET",51,3.57,28.17,53.23,0,58.07,"1",200,80.19,"0"
"req_000752","2026-10-02 00:48:05",0,"/api/v1/products","GET",48,17.19,35.91,42.84,0,33.8,"1",200,57.74,"0"
"req_000753","2026-10-02 00:49:11",0,"/api/v1/users","GET",67,2,43.43,52.58,0,40.85,"1",150,49.68,"0"
"req_000754","2026-10-02 00:50:25",0,"/api/v1/products","GET",163,10.67,25.41,48.8,0,27.21,"1",200,40.33,"0"
"req_000755","2026-10-02 00:53:46",0,"/api/v1/products","GET",40,28.81,35.5,45.63,0,18.88,"1",200,39.45,"0"
"req_000756","2026-10-02 00:54:24",0,"/api/v1/products","POST",199,7.89,70.53,54.1,2,36.13,"0",200,291.67,"1"
"req_000757","2026-10-02 00:59:26",0,"/api/v1/search","POST",11,5.38,21.11,43.08,9,22.14,"0",300,210.74,"0"
"req_000758","2026-10-02 01:02:34",1,"/api/v1/products","GET",12,4.33,19.68,36.66,1,50.5,"0",200,120.19,"0"
"req_000759","2026-10-02 01:02:49",1,"/api/v1/reports","GET",21,2.97,24.05,40.93,7,48.74,"0",800,522.85,"0"
"req_000760","2026-10-02 01:03:11",1,"/api/v1/reports","GET",37,4.88,28.04,36.86,13,36.31,"0",800,652.01,"0"
"req_000761","2026-10-02 01:04:17",1,"/api/v1/reports","GET",42,1.61,27.62,48.65,4,37.13,"0",800,464.12,"0"
"req_000762","2026-10-02 01:07:01",1,"/api/v1/search","GET",153,56.65,48.61,57.41,0,43.67,"1",300,80.94,"0"
"req_000763","2026-10-02 01:08:47",1,"/api/v1/products","GET",32,4.29,5.3,47.75,0,47.3,"1",200,62.02,"0"
"req_000764","2026-10-02 01:09:24",1,"/api/v1/products","POST",98,2.37,45.63,51.06,4,32.03,"0",200,158.52,"0"
"req_000765","2026-10-02 01:15:01",1,"/api/v1/search","POST",51,2.19,37.33,39.8,5,28.56,"0",300,201.56,"0"
"req_000766","2026-10-02 01:16:22",1,"/api/v1/search","GET",86,10.31,41.58,48.98,9,41.58,"0",300,329.96,"1"
"req_000767","2026-10-02 01:18:45",1,"/api/v1/reports","GET",104,3.41,37.67,49.32,12,28.17,"0",800,653.22,"0"
"req_000768","2026-10-02 01:21:51",1,"/api/v1/users","GET",11,16.7,29.92,37.62,1,47.63,"0",150,118.98,"0"
"req_000769","2026-10-02 01:24:01",1,"/api/v1/users","GET",72,14.52,43.21,52.04,1,24.53,"0",150,104.12,"0"
"req_000770","2026-10-02 01:24:24",1,"/api/v1/users","GET",32,9.92,29.42,55.3,0,20.32,"1",150,31.96,"0"
"req_000771","2026-10-02 01:24:31",1,"/api/v1/users","GET",32,5.45,26.84,40.78,1,51.04,"0",150,111.25,"0"
"req_000772","2026-10-02 01:26:17",1,"/api/v1/products","GET",20,2,16.78,44.08,0,21.71,"1",200,41.09,"0"
"req_000773","2026-10-02 01:30:31",1,"/api/v1/users","POST",34,6.03,28.04,41.92,1,15.99,"0",150,82.87,"0"
"req_000774","2026-10-02 01:30:58",1,"/api/v1/products","GET",16,2.71,30.48,35.21,1,10.99,"0",200,74.94,"0"
"req_000775","2026-10-02 01:31:01",1,"/api/v1/search","POST",24,1.54,33.23,46.11,6,8.12,"0",300,176.33,"0"
"req_000776","2026-10-02 01:31:29",1,"/api/v1/products","POST",45,13.77,28.92,48.56,1,31.43,"0",200,107.81,"0"
"req_000777","2026-10-02 01:32:28",1,"/api/v1/reports","GET",37,0.78,50.02,51.82,13,21.35,"0",800,707.66,"0"
"req_000778","2026-10-02 01:37:55",1,"/api/v1/reports","GET",78,54.12,37.8,61.46,10,30.94,"0",800,642.72,"0"
"req_000779","2026-10-02 01:41:07",1,"/api/v1/checkout","POST",8,3.18,29.2,39.95,7,45.49,"0",500,362.68,"0"
"req_000780","2026-10-02 01:42:03",1,"/api/v1/reports","GET",83,4.5,48.98,42.63,18,20.41,"0",800,646.65,"0"
"req_000781","2026-10-02 01:42:34",1,"/api/v1/search","GET",63,39.64,27.78,42.11,0,42.2,"1",300,77.1,"0"
"req_000782","2026-10-02 01:46:18",1,"/api/v1/search","GET",17,8.55,32.2,37.45,0,41.41,"1",300,77.71,"0"
"req_000783","2026-10-02 01:46:55",1,"/api/v1/users","GET",31,3.86,30.77,51.21,0,31.68,"1",150,42.74,"0"
"req_000784","2026-10-02 01:49:43",1,"/api/v1/products","GET",35,1.56,32.5,42.06,2,54.05,"0",200,153.96,"0"
"req_000785","2026-10-02 01:51:10",1,"/api/v1/search","GET",43,2.09,36.86,49.35,5,20.97,"0",300,217.36,"0"
"req_000786","2026-10-02 01:51:35",1,"/api/v1/products","GET",20,5.57,42.4,42.51,3,34.5,"0",200,132.82,"0"
"req_000787","2026-10-02 01:53:19",1,"/api/v1/products","GET",18,6.45,16.08,44.72,0,7.88,"1",200,17.53,"0"
"req_000788","2026-10-02 01:53:42",1,"/api/v1/search","GET",170,1.35,46.9,45.91,2,43.23,"0",300,218.48,"0"
"req_000789","2026-10-02 01:55:50",1,"/api/v1/users","GET",22,7.2,24.33,36.9,2,2.09,"0",150,71.67,"0"
"req_000790","2026-10-02 01:56:55",1,"/api/v1/products","POST",24,3.21,26.64,25.65,1,38.43,"0",200,114.41,"0"
"req_000791","2026-10-02 01:58:37",1,"/api/v1/checkout","POST",46,3.89,42.01,37.08,9,33.52,"0",500,399.11,"0"
"req_000792","2026-10-02 02:01:44",2,"/api/v1/users","POST",95,6.96,40.53,48.51,1,31.3,"0",150,108.64,"0"
"req_000793","2026-10-02 02:05:21",2,"/api/v1/search","GET",22,2.05,27.95,45.19,7,34.96,"0",300,245.6,"0"
"req_000794","2026-10-02 02:06:17",2,"/api/v1/products","GET",55,2.04,37.53,58.09,0,21.13,"1",200,41.46,"0"
"req_000795","2026-10-02 02:06:34",2,"/api/v1/search","GET",109,6.16,34.89,40.78,5,25.32,"0",300,214.45,"0"
"req_000796","2026-10-02 02:08:34",2,"/api/v1/products","GET",50,21.6,34.77,43.59,0,35.35,"1",200,48.91,"0"
"req_000797","2026-10-02 02:11:38",2,"/api/v1/users","GET",38,10.36,23.06,41.6,0,32.26,"1",150,40.35,"0"
"req_000798","2026-10-02 02:13:12",2,"/api/v1/products","POST",58,0.71,29.94,51.4,2,11.43,"0",200,109.38,"0"
"req_000799","2026-10-02 02:15:47",2,"/api/v1/checkout","POST",48,1.3,25.3,44.33,6,29.07,"0",500,299.7,"0"
"req_000800","2026-10-02 02:17:08",2,"/api/v1/products","GET",21,9.66,31.97,44.38,0,38.31,"1",200,63.57,"0"
"req_000801","2026-10-02 02:19:50",2,"/api/v1/reports","GET",56,1.94,28.85,46.03,8,36.31,"0",800,511.8,"0"
"req_000802","2026-10-02 02:20:18",2,"/api/v1/checkout","POST",23,22.94,44.9,44.92,3,30.61,"0",500,327.57,"0"
"req_000803","2026-10-02 02:22:32",2,"/api/v1/products","POST",190,2.73,50.17,49.66,5,50.28,"0",200,183.43,"0"
"req_000804","2026-10-02 02:23:44",2,"/api/v1/users","GET",23,4.95,28.6,47.96,0,66.84,"1",150,84.67,"0"
"req_000805","2026-10-02 02:25:41",2,"/api/v1/users","GET",150,9.08,37.06,61.86,0,40.72,"1",150,66.26,"0"
"req_000806","2026-10-02 02:26:55",2,"/api/v1/products","GET",62,3.78,44.48,47.07,0,39.91,"1",200,56.2,"0"
"req_000807","2026-10-02 02:29:32",2,"/api/v1/users","GET",70,6.83,55.09,50.77,0,19.53,"1",150,27.71,"0"
"req_000808","2026-10-02 02:31:45",2,"/api/v1/products","GET",45,4.87,28.94,36.11,0,29.29,"1",200,34.91,"0"
"req_000809","2026-10-02 02:32:28",2,"/api/v1/products","GET",16,2.41,37.34,53.03,0,31.5,"1",200,56.74,"0"
"req_000810","2026-10-02 02:32:40",2,"/api/v1/users","GET",43,2.84,38.72,48.5,1,42.91,"0",150,115.48,"0"
"req_000811","2026-10-02 02:33:54",2,"/api/v1/products","GET",38,2.07,18.6,57.88,0,11.63,"1",200,25.69,"0"
"req_000812","2026-10-02 02:34:52",2,"/api/v1/reports","GET",265,4.87,68.57,63.26,11,33.14,"0",800,707.48,"0"
"req_000813","2026-10-02 02:39:07",2,"/api/v1/users","GET",60,4.22,27.16,57.62,0,37.02,"1",150,55.98,"0"
"req_000814","2026-10-02 02:44:28",2,"/api/v1/search","GET",41,2.33,45.51,44.57,6,30.01,"0",300,248.53,"0"
"req_000815","2026-10-02 02:46:15",2,"/api/v1/search","POST",47,3.88,35.79,47.03,6,29.14,"0",300,231.74,"0"
"req_000816","2026-10-02 02:46:36",2,"/api/v1/search","GET",212,8.08,57.06,60.11,0,21.11,"1",300,51.32,"0"
"req_000817","2026-10-02 02:48:59",2,"/api/v1/reports","GET",13,5.68,29.27,38,12,29.54,"0",800,628.23,"0"
"req_000818","2026-10-02 02:52:07",2,"/api/v1/products","GET",42,7.81,28.29,47.46,0,36.95,"1",200,47.4,"0"
"req_000819","2026-10-02 02:52:53",2,"/api/v1/products","GET",50,4.59,15.9,51.72,0,15.9,"1",200,35.7,"0"
"req_000820","2026-10-02 02:56:07",2,"/api/v1/users","GET",55,8.16,59.41,45.62,1,30.41,"0",150,105.24,"0"
"req_000821","2026-10-02 02:57:09",2,"/api/v1/products","GET",126,1.06,45.9,47.07,5,69.19,"0",200,213.34,"1"
"req_000822","2026-10-02 03:00:25",3,"/api/v1/search","GET",26,3.09,34.83,42.83,2,34.52,"0",300,167.37,"0"
"req_000823","2026-10-02 03:04:27",3,"/api/v1/users","GET",10,3.58,36.07,55.46,1,33.19,"0",150,94.3,"0"
"req_000824","2026-10-02 03:04:29",3,"/api/v1/products","POST",30,4.54,19.28,29.65,3,37.04,"0",200,129.82,"0"
"req_000825","2026-10-02 03:07:25",3,"/api/v1/products","GET",25,1.06,31.88,40.77,0,21.19,"1",200,38.61,"0"
"req_000826","2026-10-02 03:08:23",3,"/api/v1/reports","GET",11,15.98,32.31,47.04,7,33.44,"0",800,559.08,"0"
"req_000827","2026-10-02 03:11:10",3,"/api/v1/products","GET",52,10.66,28.03,38.5,6,29.67,"0",200,176.99,"0"
"req_000828","2026-10-02 03:12:15",3,"/api/v1/products","GET",49,5.18,38.75,57.64,0,40.36,"1",200,48.65,"0"
"req_000829","2026-10-02 03:17:37",3,"/api/v1/products","GET",22,10.82,24.96,36.91,0,46.29,"1",200,63.01,"0"
"req_000830","2026-10-02 03:18:11",3,"/api/v1/products","GET",224,3.94,41.87,53.56,0,33.55,"1",200,46.98,"0"
"req_000831","2026-10-02 03:22:08",3,"/api/v1/products","GET",134,8.53,48.87,57,0,34.99,"1",200,59.1,"0"
"req_000832","2026-10-02 03:23:22",3,"/api/v1/users","POST",28,9.77,36.83,52.44,1,21.67,"0",150,89.64,"0"
"req_000833","2026-10-02 03:23:24",3,"/api/v1/products","GET",122,10.87,20.84,45.65,0,20.41,"1",200,43.06,"0"
"req_000834","2026-10-02 03:25:21",3,"/api/v1/users","GET",19,3.71,39.79,45.89,0,21.07,"1",150,28.3,"0"
"req_000835","2026-10-02 03:25:28",3,"/api/v1/search","GET",50,3.89,43.09,32.44,0,23.87,"1",300,58.33,"0"
"req_000836","2026-10-02 03:28:26",3,"/api/v1/search","GET",247,17.88,63.09,67.22,0,30.28,"1",300,73.63,"0"
"req_000837","2026-10-02 03:30:07",3,"/api/v1/products","POST",90,1.35,33.68,67.19,3,2,"0",200,123.53,"0"
"req_000838","2026-10-02 03:30:48",3,"/api/v1/search","GET",33,8.52,50.46,47.4,0,39.52,"1",300,64.69,"0"
"req_000839","2026-10-02 03:35:50",3,"/api/v1/reports","GET",9,9.74,21.16,30.92,12,55.38,"0",800,656.9,"0"
"req_000840","2026-10-02 03:36:14",3,"/api/v1/products","GET",77,0.85,46.42,49.8,1,59.89,"0",200,156.74,"0"
"req_000841","2026-10-02 03:36:27",3,"/api/v1/checkout","POST",24,3.61,22.18,46.56,4,35.77,"0",500,311.24,"0"
"req_000842","2026-10-02 03:38:25",3,"/api/v1/checkout","POST",158,17.74,48.02,56.38,6,25.6,"0",500,369.73,"0"
"req_000843","2026-10-02 03:38:31",3,"/api/v1/products","GET",120,4.9,54.07,50.41,0,35.55,"1",200,48.16,"0"
"req_000844","2026-10-02 03:39:41",3,"/api/v1/search","POST",58,3.23,31.18,48.91,6,53.13,"0",300,258.23,"0"
"req_000845","2026-10-02 03:40:12",3,"/api/v1/users","GET",129,2.3,48.89,34.64,0,55.97,"1",150,70.8,"0"
"req_000846","2026-10-02 03:40:16",3,"/api/v1/products","GET",14,3.17,22.19,47.16,0,39.02,"1",200,61.72,"0"
"req_000847","2026-10-02 03:41:18",3,"/api/v1/products","GET",228,8.14,70.6,55.57,0,45.31,"1",200,94.22,"0"
"req_000848","2026-10-02 03:41:39",3,"/api/v1/users","GET",150,5.78,45.06,54.17,0,38.09,"1",150,55.93,"0"
"req_000849","2026-10-02 03:41:43",3,"/api/v1/checkout","POST",112,7.64,39.97,49.07,3,20.73,"0",500,277.56,"0"
"req_000850","2026-10-02 03:42:21",3,"/api/v1/products","GET",63,3.26,34.42,45.13,1,56.13,"0",200,130.1,"0"
"req_000851","2026-10-02 03:44:40",3,"/api/v1/users","GET",24,2.97,33.59,41.81,1,39.88,"0",150,98.54,"0"
"req_000852","2026-10-02 03:47:42",3,"/api/v1/checkout","POST",31,1.93,20.16,49.85,3,6.42,"0",500,239.94,"0"
"req_000853","2026-10-02 03:51:55",3,"/api/v1/products","GET",33,6.68,32.93,48.65,2,14.67,"0",200,98.97,"0"
"req_000854","2026-10-02 03:56:04",3,"/api/v1/users","GET",124,12.26,41.69,46.76,0,58,"1",150,72.1,"0"
"req_000855","2026-10-02 03:57:45",3,"/api/v1/search","GET",11,3.72,31.35,56.63,3,30.38,"0",300,187.46,"0"
"req_000856","2026-10-02 04:00:31",4,"/api/v1/products","GET",35,10.76,38.59,49.82,0,22.56,"1",200,35.97,"0"
"req_000857","2026-10-02 04:01:03",4,"/api/v1/search","GET",68,4.51,46.16,51.34,0,28.13,"1",300,62.21,"0"
"req_000858","2026-10-02 04:03:39",4,"/api/v1/reports","GET",12,3,25.22,38.84,9,14.78,"0",800,514.49,"0"
"req_000859","2026-10-02 04:04:38",4,"/api/v1/users","POST",30,7.83,30.71,46.83,2,36.8,"0",150,118.04,"0"
"req_000860","2026-10-02 04:10:19",4,"/api/v1/reports","GET",146,1.33,38.27,62.88,10,17.68,"0",800,673.02,"0"
"req_000861","2026-10-02 04:15:09",4,"/api/v1/reports","GET",51,2.18,23.1,56.26,12,51.49,"0",800,570.02,"0"
"req_000862","2026-10-02 04:17:39",4,"/api/v1/search","GET",104,12.77,40.81,48.82,5,38,"0",300,248.61,"0"
"req_000863","2026-10-02 04:19:52",4,"/api/v1/products","POST",42,7.79,26.18,45.97,2,24.51,"0",200,114.28,"0"
"req_000864","2026-10-02 04:21:14",4,"/api/v1/products","GET",89,5.25,46.45,39.31,5,33.02,"0",200,184.8,"0"
"req_000865","2026-10-02 04:23:35",4,"/api/v1/users","GET",68,3.62,42.13,57.65,2,48.8,"0",150,132.59,"0"
"req_000866","2026-10-02 04:27:15",4,"/api/v1/checkout","POST",100,5.53,36.68,58.86,5,55.82,"0",500,384.05,"0"
"req_000867","2026-10-02 04:30:10",4,"/api/v1/products","GET",46,0.57,36.99,42.49,0,25.44,"1",200,36.38,"0"
"req_000868","2026-10-02 04:32:06",4,"/api/v1/products","GET",21,2.37,27,42.24,0,40.84,"1",200,49.13,"0"
"req_000869","2026-10-02 04:32:30",4,"/api/v1/users","GET",16,2.31,29.41,40.24,0,26.49,"1",150,36.72,"0"
"req_000870","2026-10-02 04:34:10",4,"/api/v1/users","GET",79,4.66,32.3,46.07,0,17.36,"1",150,18.62,"0"
"req_000871","2026-10-02 04:34:37",4,"/api/v1/checkout","POST",33,8.49,24.55,54.32,8,6.04,"0",500,271.44,"0"
"req_000872","2026-10-02 04:35:07",4,"/api/v1/checkout","POST",24,1.24,14.99,47.17,3,33.13,"0",500,258.87,"0"
"req_000873","2026-10-02 04:35:31",4,"/api/v1/products","GET",75,2.93,45.92,35,2,37.18,"0",200,132.24,"0"
"req_000874","2026-10-02 04:38:21",4,"/api/v1/checkout","POST",60,2.28,32.28,58.89,6,17.39,"0",500,308.85,"0"
"req_000875","2026-10-02 04:39:32",4,"/api/v1/users","GET",19,4.66,33.89,45.94,1,36.66,"0",150,89.4,"0"
"req_000876","2026-10-02 04:41:40",4,"/api/v1/search","GET",13,4.55,28.15,48.22,4,24.96,"0",300,181.85,"0"
"req_000877","2026-10-02 04:43:33",4,"/api/v1/products","GET",15,1.7,30.24,40.48,0,34.8,"1",200,36.72,"0"
"req_000878","2026-10-02 04:47:07",4,"/api/v1/users","GET",137,1.45,51.59,59.76,0,43.76,"1",150,64.91,"0"
"req_000879","2026-10-02 04:50:10",4,"/api/v1/reports","GET",63,4.45,15.81,46.29,14,34.52,"0",800,642.4,"0"
"req_000880","2026-10-02 04:53:48",4,"/api/v1/search","POST",36,10.7,25.14,44.08,2,22.84,"0",300,167.06,"0"
"req_000881","2026-10-02 04:55:04",4,"/api/v1/reports","GET",66,2.58,40.99,39.45,20,35.21,"0",800,666.41,"0"
"req_000882","2026-10-02 04:55:30",4,"/api/v1/checkout","POST",42,18.91,22.22,36.51,5,11.93,"0",500,330.11,"0"
"req_000883","2026-10-02 04:55:33",4,"/api/v1/search","GET",14,3.63,32.53,47.58,0,44.17,"1",300,62.74,"0"
"req_000884","2026-10-02 04:58:13",4,"/api/v1/checkout","POST",86,1.74,21.63,40.57,1,57.31,"0",500,272.95,"0"
"req_000885","2026-10-02 04:59:42",4,"/api/v1/reports","GET",91,2.5,43.44,52.66,12,45.32,"0",800,702.05,"0"
"req_000886","2026-10-02 05:00:34",5,"/api/v1/products","GET",16,4.23,24.61,49.36,0,43.13,"1",200,69.32,"0"
"req_000887","2026-10-02 05:00:42",5,"/api/v1/products","GET",129,4.46,34.73,64.96,0,36.31,"1",200,65.74,"0"
"req_000888","2026-10-02 05:00:47",5,"/api/v1/products","GET",40,9.15,25.58,51.23,3,42.03,"0",200,106.28,"0"
"req_000889","2026-10-02 05:05:55",5,"/api/v1/checkout","POST",25,6.24,18.27,49.23,4,23.25,"0",500,301.84,"0"
"req_000890","2026-10-02 05:06:54",5,"/api/v1/checkout","POST",500,3.13,99.5,76.38,5,19.13,"0",500,4319.52,"1"
"req_000891","2026-10-02 05:08:14",5,"/api/v1/products","GET",39,14.86,36.72,55.04,1,30.08,"0",200,120.56,"0"
"req_000892","2026-10-02 05:11:42",5,"/api/v1/users","GET",13,8.81,31.75,48.1,0,46.15,"1",150,56.44,"0"
"req_000893","2026-10-02 05:16:20",5,"/api/v1/search","GET",48,3.48,38.47,48.54,0,31.27,"1",300,53.76,"0"
"req_000894","2026-10-02 05:17:10",5,"/api/v1/users","GET",71,2.42,36.25,56.06,1,44.47,"0",150,123.87,"0"
"req_000895","2026-10-02 05:17:28",5,"/api/v1/users","GET",103,11.7,40.12,44.64,1,45.18,"0",150,127.73,"0"
"req_000896","2026-10-02 05:18:22",5,"/api/v1/reports","GET",59,6.49,35.09,49.82,15,60.15,"0",800,721.76,"0"
"req_000897","2026-10-02 05:21:54",5,"/api/v1/users","GET",41,8.32,14.28,49.02,0,15.2,"1",150,36.41,"0"
"req_000898","2026-10-02 05:22:09",5,"/api/v1/products","GET",29,4.51,37.59,29.64,0,20.2,"1",200,44.49,"0"
"req_000899","2026-10-02 05:25:36",5,"/api/v1/search","GET",70,19.93,36.27,37.52,4,35.61,"0",300,191.06,"0"
"req_000900","2026-10-02 05:27:25",5,"/api/v1/search","GET",27,4.07,23.67,35.02,0,28,"1",300,44.33,"0"
"req_000901","2026-10-02 05:27:31",5,"/api/v1/products","GET",88,5.56,34.41,46.6,1,43.73,"0",200,122.93,"0"
"req_000902","2026-10-02 05:28:11",5,"/api/v1/products","GET",34,1.91,27.81,36.09,0,20.23,"1",200,34.98,"0"
"req_000903","2026-10-02 05:28:22",5,"/api/v1/users","GET",9,2.99,15.46,38.57,0,28.6,"1",150,48.56,"0"
"req_000904","2026-10-02 05:29:44",5,"/api/v1/products","GET",83,4.84,34.77,59.69,0,29.8,"1",200,41.39,"0"
"req_000905","2026-10-02 05:36:48",5,"/api/v1/search","GET",36,2.78,8.85,45.9,5,40.2,"0",300,216.94,"0"
"req_000906","2026-10-02 05:39:07",5,"/api/v1/reports","GET",46,14.18,27.96,36.71,13,30.58,"0",800,561.88,"0"
"req_000907","2026-10-02 05:39:45",5,"/api/v1/users","POST",150,6.78,56.58,68.37,1,36.16,"0",150,117.28,"0"
"req_000908","2026-10-02 05:41:39",5,"/api/v1/products","GET",39,10.52,31.24,37.22,2,31.88,"0",200,137.06,"0"
"req_000909","2026-10-02 05:43:17",5,"/api/v1/users","GET",53,0.87,42.82,41.22,0,32.31,"1",150,37.18,"0"
"req_000910","2026-10-02 05:44:27",5,"/api/v1/products","GET",50,1.29,32.52,39.2,0,34.74,"1",200,60.15,"0"
"req_000911","2026-10-02 05:45:59",5,"/api/v1/users","GET",141,0.82,38.29,50.72,0,35.32,"1",150,56.51,"0"
"req_000912","2026-10-02 05:46:30",5,"/api/v1/users","GET",35,7.3,29.08,39.86,1,38.04,"0",150,109.52,"0"
"req_000913","2026-10-02 05:47:22",5,"/api/v1/reports","GET",24,18.11,19.48,53.51,14,71.91,"0",800,666.43,"0"
"req_000914","2026-10-02 05:48:18",5,"/api/v1/reports","GET",26,0.7,25.93,42.2,15,35.51,"0",800,654.9,"0"
"req_000915","2026-10-02 05:48:39",5,"/api/v1/checkout","POST",9,5.46,32.54,48.49,4,29.49,"0",500,298.67,"0"
"req_000916","2026-10-02 05:54:44",5,"/api/v1/checkout","POST",11,11.75,25.04,42.75,3,35.56,"0",500,304.08,"0"
"req_000917","2026-10-02 05:55:13",5,"/api/v1/reports","GET",119,11.94,46.21,46.9,8,48.61,"0",800,608.75,"0"
"req_000918","2026-10-02 05:56:32",5,"/api/v1/search","GET",43,13.25,36.98,42.77,6,23.75,"0",300,238.05,"0"
"req_000919","2026-10-02 05:58:14",5,"/api/v1/products","GET",47,5.3,36.47,43.35,1,22.84,"0",200,107.13,"0"
"req_000920","2026-10-02 06:01:13",6,"/api/v1/products","GET",53,1.97,30.1,39.6,0,22.32,"1",200,36.75,"0"
"req_000921","2026-10-02 06:05:46",6,"/api/v1/checkout","POST",110,7.68,37.19,47.96,4,19.34,"0",500,333.44,"0"
"req_000922","2026-10-02 06:10:09",6,"/api/v1/reports","GET",36,3.55,23.67,52.05,13,23.98,"0",800,571.58,"0"
"req_000923","2026-10-02 06:12:07",6,"/api/v1/reports","GET",39,1.4,32.76,41.52,10,36.57,"0",800,522.91,"0"
"req_000924","2026-10-02 06:16:16",6,"/api/v1/products","POST",90,4.45,30.14,46.8,1,26.47,"0",200,110.26,"0"
"req_000925","2026-10-02 06:18:12",6,"/api/v1/search","GET",104,3.67,50.5,59.71,0,15.88,"1",300,43.46,"0"
"req_000926","2026-10-02 06:26:21",6,"/api/v1/checkout","PUT",93,3.02,42.8,49.4,5,33.22,"0",500,327.76,"0"
"req_000927","2026-10-02 06:26:42",6,"/api/v1/products","GET",19,15.95,46.4,48.93,0,40.86,"1",200,64.7,"0"
"req_000928","2026-10-02 06:28:59",6,"/api/v1/users","GET",52,0.75,30.45,42.44,0,32.23,"1",150,45.93,"0"
"req_000929","2026-10-02 06:29:16",6,"/api/v1/products","GET",32,5.92,42.5,53.81,1,81.61,"0",200,170.55,"0"
"req_000930","2026-10-02 06:31:25",6,"/api/v1/users","POST",32,59.92,26.17,47.77,1,29.24,"0",150,123.36,"0"
"req_000931","2026-10-02 06:32:53",6,"/api/v1/users","GET",55,7.97,35.19,47.2,0,28.81,"1",150,48.84,"0"
"req_000932","2026-10-02 06:34:33",6,"/api/v1/reports","POST",142,16.67,57.46,53.55,8,56.69,"0",800,659.66,"0"
"req_000933","2026-10-02 06:35:22",6,"/api/v1/reports","POST",12,3.86,37.73,52.33,14,12.71,"0",800,615.6,"0"
"req_000934","2026-10-02 06:35:42",6,"/api/v1/reports","GET",24,5.44,42.11,26.29,9,43,"0",800,622.96,"0"
"req_000935","2026-10-02 06:36:15",6,"/api/v1/checkout","POST",44,4.23,11.67,54.26,4,44.26,"0",500,290.52,"0"
"req_000936","2026-10-02 06:38:50",6,"/api/v1/products","GET",34,2.64,32.72,45.3,1,22.36,"0",200,95.34,"0"
"req_000937","2026-10-02 06:39:18",6,"/api/v1/products","GET",85,42.25,59.12,47.71,0,18.35,"1",200,28.16,"0"
"req_000938","2026-10-02 06:46:08",6,"/api/v1/users","GET",39,1.22,36.06,47.44,0,39.79,"1",150,49.74,"0"
"req_000939","2026-10-02 06:47:51",6,"/api/v1/products","POST",31,1.85,23.94,38.02,1,18.46,"0",200,92.12,"0"
"req_000940","2026-10-02 06:49:23",6,"/api/v1/checkout","PUT",129,2.86,36.88,40.3,6,22.64,"0",500,369.53,"0"
"req_000941","2026-10-02 06:50:37",6,"/api/v1/users","GET",90,5.16,39,59.8,1,34.09,"0",150,107.7,"0"
"req_000942","2026-10-02 06:52:18",6,"/api/v1/users","GET",21,22.98,31.28,40.47,1,40.34,"0",150,109.78,"0"
"req_000943","2026-10-02 06:52:45",6,"/api/v1/products","GET",12,9.49,32.32,37.6,0,23.37,"1",200,49.33,"0"
"req_000944","2026-10-02 06:53:35",6,"/api/v1/users","GET",53,2.73,22.39,40.24,0,44.77,"1",150,53.76,"0"
"req_000945","2026-10-02 06:53:42",6,"/api/v1/checkout","POST",271,1.93,57.01,63.86,3,37.04,"0",500,342.85,"0"
"req_000946","2026-10-02 06:53:46",6,"/api/v1/users","GET",31,2.61,28.16,42.25,0,24.86,"1",150,39.49,"0"
"req_000947","2026-10-02 06:54:03",6,"/api/v1/products","POST",16,5.79,22.21,34.27,2,35.05,"0",200,127.24,"0"
"req_000948","2026-10-02 07:00:22",7,"/api/v1/search","POST",20,8.27,38.7,45.78,5,60.51,"0",300,262.48,"0"
"req_000949","2026-10-02 07:02:51",7,"/api/v1/search","GET",17,3.3,53.62,40.55,0,38.74,"1",300,72.95,"0"
"req_000950","2026-10-02 07:10:06",7,"/api/v1/products","GET",34,0.43,21.76,49.78,0,30.31,"1",200,45.66,"0"
"req_000951","2026-10-02 07:10:23",7,"/api/v1/users","GET",92,1.02,53.25,50.21,0,32.47,"1",150,45.3,"0"
"req_000952","2026-10-02 07:12:14",7,"/api/v1/users","GET",56,3.19,22.69,41.89,0,48.17,"1",150,70.24,"0"
"req_000953","2026-10-02 07:14:16",7,"/api/v1/users","GET",96,5.21,50.17,64,0,34.21,"1",150,51.63,"0"
"req_000954","2026-10-02 07:15:01",7,"/api/v1/search","GET",108,12.69,58.03,58.79,4,48.71,"0",300,258.08,"0"
"req_000955","2026-10-02 07:15:34",7,"/api/v1/users","GET",54,4.92,33.66,36.04,0,10.26,"1",150,24.61,"0"
"req_000956","2026-10-02 07:17:18",7,"/api/v1/search","POST",59,11.65,36.6,48.7,3,56.89,"0",300,244.28,"0"
"req_000957","2026-10-02 07:25:56",7,"/api/v1/search","GET",22,9.38,31.93,43.62,2,22.94,"0",300,162.91,"0"
"req_000958","2026-10-02 07:26:29",7,"/api/v1/checkout","POST",74,8.7,38.17,62.05,9,45.28,"0",500,384.93,"0"
"req_000959","2026-10-02 07:27:43",7,"/api/v1/search","POST",48,8.24,26.27,46.94,6,18.79,"0",300,189.1,"0"
"req_000960","2026-10-02 07:32:14",7,"/api/v1/search","GET",25,3.25,24.23,38.87,3,37.01,"0",300,188.49,"0"
"req_000961","2026-10-02 07:39:29",7,"/api/v1/users","GET",35,3.04,27.63,42.11,2,73.39,"0",150,155.72,"1"
"req_000962","2026-10-02 07:40:00",7,"/api/v1/search","POST",52,7.35,32.38,51.42,6,31.88,"0",300,234.27,"0"
"req_000963","2026-10-02 07:40:05",7,"/api/v1/products","GET",275,1.45,67.03,64.12,0,60.99,"1",200,95.45,"0"
"req_000964","2026-10-02 07:42:19",7,"/api/v1/checkout","POST",117,13.11,47.35,46.99,6,26.63,"0",500,363.19,"0"
"req_000965","2026-10-02 07:45:08",7,"/api/v1/products","GET",22,8.67,26.23,34.8,2,23.15,"0",200,111.96,"0"
"req_000966","2026-10-02 07:45:23",7,"/api/v1/reports","GET",73,5.47,34.33,43.86,14,49.35,"0",800,760.13,"0"
"req_000967","2026-10-02 07:46:28",7,"/api/v1/products","GET",23,3.25,23.3,50.32,7,22.36,"0",200,185.25,"0"
"req_000968","2026-10-02 07:46:39",7,"/api/v1/products","GET",69,9.08,26.89,39.68,0,44.79,"1",200,59.46,"0"
"req_000969","2026-10-02 07:48:00",7,"/api/v1/checkout","POST",18,3.34,18.54,40.1,4,55.5,"0",500,269.19,"0"
"req_000970","2026-10-02 07:48:40",7,"/api/v1/products","GET",15,6.23,31.72,47.64,1,34.05,"0",200,106.04,"0"
"req_000971","2026-10-02 07:51:03",7,"/api/v1/users","GET",51,2.5,25.66,46.7,1,29.93,"0",150,100.62,"0"
"req_000972","2026-10-02 07:54:14",7,"/api/v1/users","POST",89,2.48,45.64,48.95,1,28.43,"0",150,102.82,"0"
"req_000973","2026-10-02 08:00:16",8,"/api/v1/search","POST",22,6.58,19.26,41.93,7,39.65,"0",300,257.17,"0"
"req_000974","2026-10-02 08:00:23",8,"/api/v1/search","GET",91,6.33,40.42,42.56,5,32.62,"0",300,259.36,"0"
"req_000975","2026-10-02 08:01:05",8,"/api/v1/products","GET",114,7.99,30.43,45.95,0,28.58,"1",200,38.32,"0"
"req_000976","2026-10-02 08:05:41",8,"/api/v1/products","GET",73,3.67,42.92,45.47,0,29.32,"1",200,56.71,"0"
"req_000977","2026-10-02 08:09:43",8,"/api/v1/products","POST",103,3.65,41.33,48.62,1,34.63,"0",200,127.99,"0"
"req_000978","2026-10-02 08:10:32",8,"/api/v1/users","GET",49,15.49,15.18,51.98,0,10.64,"1",150,20.47,"0"
"req_000979","2026-10-02 08:14:42",8,"/api/v1/search","GET",166,4.05,47.01,56.78,6,60.83,"0",300,264.27,"0"
"req_000980","2026-10-02 08:16:03",8,"/api/v1/products","GET",91,7.24,38.49,46.02,1,50.25,"0",200,136.32,"0"
"req_000981","2026-10-02 08:17:12",8,"/api/v1/users","GET",52,2.37,22.56,46.98,0,16.21,"1",150,23.21,"0"
"req_000982","2026-10-02 08:17:48",8,"/api/v1/products","POST",29,0.91,36.98,45.15,2,53.41,"0",200,137.76,"0"
"req_000983","2026-10-02 08:18:28",8,"/api/v1/users","GET",51,9.2,21.61,36.99,0,32.9,"1",150,33.34,"0"
"req_000984","2026-10-02 08:20:40",8,"/api/v1/checkout","POST",112,3.23,42.78,49.02,5,18.11,"0",500,327.05,"0"
"req_000985","2026-10-02 08:24:11",8,"/api/v1/users","GET",73,6.78,34.69,41.99,0,17.47,"1",150,31.67,"0"
"req_000986","2026-10-02 08:26:29",8,"/api/v1/products","POST",27,9.08,29.76,41.37,4,31.37,"0",200,145.46,"0"
"req_000987","2026-10-02 08:29:44",8,"/api/v1/checkout","PUT",24,3.11,28.51,38.01,4,52.25,"0",500,320.39,"0"
"req_000988","2026-10-02 08:33:11",8,"/api/v1/products","GET",67,1.89,42.8,49.53,3,15.1,"0",200,160.81,"0"
"req_000989","2026-10-02 08:34:11",8,"/api/v1/products","GET",21,5.78,35.11,52.55,0,10.8,"1",200,20.09,"0"
"req_000990","2026-10-02 08:35:33",8,"/api/v1/checkout","POST",125,2.79,55.43,58.82,7,28.02,"0",500,400.91,"0"
"req_000991","2026-10-02 08:43:54",8,"/api/v1/checkout","POST",43,2.73,39.14,48.61,13,35.89,"0",500,547.28,"1"
"req_000992","2026-10-02 08:44:04",8,"/api/v1/products","GET",52,5.94,25.65,48.41,0,24.55,"1",200,42.65,"0"
"req_000993","2026-10-02 08:45:08",8,"/api/v1/checkout","POST",9,4.03,19.81,29.5,8,16.58,"0",500,366.74,"0"
"req_000994","2026-10-02 08:45:38",8,"/api/v1/checkout","POST",119,11.14,50.53,46,3,29.91,"0",500,322.36,"0"
"req_000995","2026-10-02 08:46:44",8,"/api/v1/products","GET",34,2.22,10.95,58.79,1,16.19,"0",200,81.74,"0"
"req_000996","2026-10-02 08:49:59",8,"/api/v1/products","GET",83,3.83,45.09,47.7,0,43.38,"1",200,56.54,"0"
"req_000997","2026-10-02 08:52:52",8,"/api/v1/users","GET",10,27.8,24.98,37.39,1,22.27,"0",150,86.64,"0"
"req_000998","2026-10-02 08:54:25",8,"/api/v1/products","GET",67,1.26,27.93,52.05,0,24.66,"1",200,40.34,"0"
"req_000999","2026-10-02 08:55:03",8,"/api/v1/users","GET",59,1.28,39.89,40.78,0,36.52,"1",150,57.02,"0"
"req_001000","2026-10-02 08:57:31",8,"/api/v1/products","GET",14,2.59,35.3,43.93,1,20.89,"0",200,96.99,"0"
"req_001001","2026-10-02 08:59:25",8,"/api/v1/checkout","POST",51,3.44,36.62,39.3,2,34.34,"0",500,276.34,"0"
"req_001002","2026-10-02 09:02:19",9,"/api/v1/products","GET",17,6.8,31.7,44.19,0,7.29,"1",200,22.11,"0"
"req_001003","2026-10-02 09:09:38",9,"/api/v1/checkout","POST",23,1.12,25.07,52.59,11,26.1,"0",500,356.51,"0"
"req_001004","2026-10-02 09:12:29",9,"/api/v1/users","GET",72,10.89,42.7,43.07,0,87.9,"1",150,103.22,"0"
"req_001005","2026-10-02 09:13:04",9,"/api/v1/users","GET",41,7.9,24.93,53.87,0,28.64,"1",150,42.76,"0"
"req_001006","2026-10-02 09:14:36",9,"/api/v1/products","GET",37,4.72,31.73,47.25,1,27.07,"0",200,99.32,"0"
"req_001007","2026-10-02 09:17:51",9,"/api/v1/search","GET",26,3.18,31.23,37.9,5,31.48,"0",300,188.85,"0"
"req_001008","2026-10-02 09:19:23",9,"/api/v1/search","GET",10,2.53,19.54,46.19,6,29.28,"0",300,170.72,"0"
"req_001009","2026-10-02 09:20:14",9,"/api/v1/products","POST",60,4.22,37.26,46.61,2,47.94,"0",200,146.63,"0"
"req_001010","2026-10-02 09:21:32",9,"/api/v1/checkout","POST",7,25.27,25.47,39.97,9,26.67,"0",500,390.59,"0"
"req_001011","2026-10-02 09:22:29",9,"/api/v1/users","GET",99,5.51,36.32,53.76,0,46.35,"1",150,69.15,"0"
"req_001012","2026-10-02 09:34:26",9,"/api/v1/search","GET",51,5.45,38.07,44.44,6,31.27,"0",300,259.43,"0"
"req_001013","2026-10-02 09:36:39",9,"/api/v1/products","POST",48,0.64,19.69,50.8,3,41.92,"0",200,143.25,"0"
"req_001014","2026-10-02 09:38:46",9,"/api/v1/products","POST",31,7.55,32.23,29.42,1,22.58,"0",200,107.88,"0"
"req_001015","2026-10-02 09:39:07",9,"/api/v1/products","GET",9,2.65,21.22,40.63,0,27.19,"1",200,49.55,"0"
"req_001016","2026-10-02 09:40:07",9,"/api/v1/checkout","POST",64,4.37,29.06,38.92,2,31.99,"0",500,281.1,"0"
"req_001017","2026-10-02 09:48:43",9,"/api/v1/products","GET",56,3.98,27.94,41.6,0,32.04,"1",200,42.52,"0"
"req_001018","2026-10-02 09:50:51",9,"/api/v1/products","GET",33,2.58,32.88,53.36,0,21.8,"1",200,30.69,"0"
"req_001019","2026-10-02 09:55:32",9,"/api/v1/checkout","POST",55,12.18,21.23,62.34,5,17.92,"0",500,295.78,"0"
"req_001020","2026-10-02 09:56:28",9,"/api/v1/products","GET",82,13.06,35.7,44.51,0,21.86,"1",200,42.43,"0"
"req_001021","2026-10-02 09:58:06",9,"/api/v1/checkout","POST",64,3.76,40.09,48.99,8,31.54,"0",500,393.87,"0"
"req_001022","2026-10-02 09:59:59",9,"/api/v1/products","GET",73,1.43,52.14,50.91,0,29.22,"1",200,48.97,"0"
"req_001023","2026-10-02 10:00:50",10,"/api/v1/users","GET",65,2.25,36.05,45.55,0,19.4,"1",150,38.94,"0"
"req_001024","2026-10-02 10:01:41",10,"/api/v1/users","GET",28,25.74,37.72,34.1,1,22.69,"0",150,92.64,"0"
"req_001025","2026-10-02 10:01:52",10,"/api/v1/products","GET",191,1.47,40.67,58.71,1,44.92,"0",200,146.12,"0"
"req_001026","2026-10-02 10:02:28",10,"/api/v1/users","GET",68,4.68,35.61,51.55,1,45.43,"0",150,110.08,"0"
"req_001027","2026-10-02 10:02:51",10,"/api/v1/users","GET",59,2.37,31.96,52.96,2,30.08,"0",150,101.31,"0"
"req_001028","2026-10-02 10:11:10",10,"/api/v1/products","GET",35,1.67,42.48,42.55,0,54.12,"1",200,68.59,"0"
"req_001029","2026-10-02 10:11:35",10,"/api/v1/reports","GET",12,7.85,30,54.05,16,49.01,"0",800,690.38,"0"
"req_001030","2026-10-02 10:16:26",10,"/api/v1/reports","GET",37,6.67,32.98,40.82,15,20.41,"0",800,649.12,"0"
"req_001031","2026-10-02 10:18:02",10,"/api/v1/reports","GET",31,4.22,45.28,52.48,8,34.72,"0",800,581.89,"0"
"req_001032","2026-10-02 10:23:07",10,"/api/v1/products","GET",10,14.61,10.27,36.2,0,34.46,"1",200,45.75,"0"
"req_001033","2026-10-02 10:26:42",10,"/api/v1/products","GET",81,6.04,30.93,47.54,0,38.01,"1",200,66.49,"0"
"req_001034","2026-10-02 10:26:50",10,"/api/v1/products","GET",42,5.83,36.08,39.39,2,28.28,"0",200,108.34,"0"
"req_001035","2026-10-02 10:30:45",10,"/api/v1/users","GET",125,17.79,48.99,52.68,0,53.81,"1",150,62.79,"0"
"req_001036","2026-10-02 10:31:56",10,"/api/v1/users","GET",40,17.46,29.19,37.04,2,33.78,"0",150,123.67,"0"
"req_001037","2026-10-02 10:33:10",10,"/api/v1/reports","POST",139,0.59,37.14,55.74,16,38,"0",800,676.55,"0"
"req_001038","2026-10-02 10:35:20",10,"/api/v1/search","GET",19,2.09,27.13,33.53,6,43.07,"0",300,254.53,"0"
"req_001039","2026-10-02 10:36:01",10,"/api/v1/users","POST",20,10.78,24.66,39.26,1,23.66,"0",150,91.17,"0"
"req_001040","2026-10-02 10:36:03",10,"/api/v1/products","GET",35,13.7,36.41,49.29,0,46.2,"1",200,58.47,"0"
"req_001041","2026-10-02 10:36:38",10,"/api/v1/reports","GET",103,3.51,31.55,52.47,14,41.61,"0",800,680.25,"0"
"req_001042","2026-10-02 10:38:46",10,"/api/v1/users","POST",14,22.81,30.06,40.51,2,22.79,"0",150,96.93,"0"
"req_001043","2026-10-02 10:39:08",10,"/api/v1/users","GET",168,9.68,54.07,49.07,0,18.11,"1",150,38.13,"0"
"req_001044","2026-10-02 10:40:06",10,"/api/v1/search","GET",69,5.9,23.39,43.29,7,26.11,"0",300,246.89,"0"
"req_001045","2026-10-02 10:40:31",10,"/api/v1/search","GET",68,4.7,19.86,51.94,2,39.79,"0",300,176.16,"0"
"req_001046","2026-10-02 10:44:23",10,"/api/v1/products","GET",24,8.98,28.89,48.13,0,42.37,"1",200,55.93,"0"
"req_001047","2026-10-02 10:49:11",10,"/api/v1/search","GET",51,1.32,30.13,44.45,3,32.57,"0",300,203.08,"0"
"req_001048","2026-10-02 10:53:39",10,"/api/v1/checkout","POST",26,3.35,35.87,36.38,2,29.37,"0",500,278.77,"0"
"req_001049","2026-10-02 10:54:06",10,"/api/v1/reports","GET",39,1.25,24.26,38.45,8,15.68,"0",800,553.98,"0"
"req_001050","2026-10-02 10:54:25",10,"/api/v1/products","GET",35,2.21,40.7,43.96,0,39.39,"1",200,59.49,"0"
"req_001051","2026-10-02 10:54:49",10,"/api/v1/checkout","POST",85,4.68,32.71,50.26,6,41.85,"0",500,336.52,"0"
"req_001052","2026-10-02 10:56:18",10,"/api/v1/products","POST",33,13.25,24.18,48.01,2,28.35,"0",200,115.23,"0"
"req_001053","2026-10-02 10:57:32",10,"/api/v1/products","GET",28,2.54,16.23,47.79,0,38.21,"1",200,52.85,"0"
"req_001054","2026-10-02 10:58:49",10,"/api/v1/search","GET",44,7.59,22.74,53.33,3,40.71,"0",300,192.34,"0"
"req_001055","2026-10-02 11:04:25",11,"/api/v1/products","POST",70,3.12,21.69,51.96,1,19.64,"0",200,100.28,"0"
"req_001056","2026-10-02 11:06:01",11,"/api/v1/checkout","POST",84,10.39,41.72,40.19,9,39.33,"0",500,459.6,"0"
"req_001057","2026-10-02 11:07:09",11,"/api/v1/search","GET",73,6.65,43.94,46.73,1,36.35,"0",300,176.7,"0"
"req_001058","2026-10-02 11:07:35",11,"/api/v1/users","GET",119,4.06,41.38,45.83,0,41.27,"1",150,56.53,"0"
"req_001059","2026-10-02 11:08:43",11,"/api/v1/products","GET",82,1.6,49.01,43.76,1,15.54,"0",200,100.46,"0"
"req_001060","2026-10-02 11:11:41",11,"/api/v1/products","GET",13,5.9,41.6,33.31,4,57.67,"0",200,188.02,"0"
"req_001061","2026-10-02 11:14:22",11,"/api/v1/products","GET",130,10.74,34.9,53.96,1,51.3,"0",200,163.75,"0"
"req_001062","2026-10-02 11:16:50",11,"/api/v1/checkout","POST",93,0.67,37.52,44.64,2,45.66,"0",500,286.15,"0"
"req_001063","2026-10-02 11:23:32",11,"/api/v1/products","GET",30,1.37,19.06,48.59,0,37.77,"1",200,60.06,"0"
"req_001064","2026-10-02 11:24:14",11,"/api/v1/products","GET",122,3.02,56.2,53.92,0,36.19,"1",200,54.72,"0"
"req_001065","2026-10-02 11:29:01",11,"/api/v1/users","GET",13,27.69,14.12,36.77,0,48.49,"1",150,61.17,"0"
"req_001066","2026-10-02 11:33:24",11,"/api/v1/search","GET",46,2.89,33.4,50.38,3,34.91,"0",300,195.49,"0"
"req_001067","2026-10-02 11:34:48",11,"/api/v1/checkout","PUT",157,3.26,51.61,50.49,7,23.8,"0",500,361.7,"0"
"req_001068","2026-10-02 11:36:29",11,"/api/v1/products","GET",73,4.35,36.07,49.91,0,43.45,"1",200,59.85,"0"
"req_001069","2026-10-02 11:40:57",11,"/api/v1/users","GET",66,8.84,18.37,48.14,1,28.2,"0",150,95.98,"0"
"req_001070","2026-10-02 11:49:01",11,"/api/v1/search","GET",11,2.25,26.19,34.44,8,45.27,"0",300,279.05,"0"
"req_001071","2026-10-02 11:49:10",11,"/api/v1/search","GET",17,4.39,32.19,40.09,6,23.73,"0",300,227.36,"0"
"req_001072","2026-10-02 11:50:33",11,"/api/v1/products","GET",23,1.66,41.96,39.57,0,26.48,"1",200,42.42,"0"
"req_001073","2026-10-02 11:53:22",11,"/api/v1/users","GET",29,17.76,36.6,40.23,0,46.96,"1",150,60.45,"0"
"req_001074","2026-10-02 11:54:05",11,"/api/v1/reports","GET",154,11.38,44.34,61.1,9,36.58,"0",800,675.66,"0"
"req_001075","2026-10-02 11:56:34",11,"/api/v1/products","GET",40,6.65,45.88,35.52,0,46.88,"1",200,70.87,"0"
"req_001076","2026-10-02 11:58:28",11,"/api/v1/search","GET",27,4.67,20.71,46.04,2,29.82,"0",300,156.64,"0"
"req_001077","2026-10-02 12:00:42",12,"/api/v1/reports","POST",40,3.62,29.15,48.79,13,15.97,"0",800,594.64,"0"
"req_001078","2026-10-02 12:02:31",12,"/api/v1/products","GET",115,3.44,44.39,36.96,1,50.63,"0",200,135.18,"0"
"req_001079","2026-10-02 12:09:13",12,"/api/v1/products","GET",60,8.38,39.3,51.46,3,27.37,"0",200,141.12,"0"
"req_001080","2026-10-02 12:10:20",12,"/api/v1/products","GET",34,2.61,34.32,47.68,0,35.11,"1",200,52.92,"0"
"req_001081","2026-10-02 12:11:07",12,"/api/v1/users","GET",9,6.15,29.39,37.01,1,32.75,"0",150,92.3,"0"
"req_001082","2026-10-02 12:13:26",12,"/api/v1/reports","GET",76,9.44,22.51,46.7,8,39.8,"0",800,604.57,"0"
"req_001083","2026-10-02 12:13:35",12,"/api/v1/users","GET",34,13.11,26.02,46.89,1,35.35,"0",150,88.84,"0"
"req_001084","2026-10-02 12:14:12",12,"/api/v1/search","GET",54,6.73,32.67,45.1,0,30.23,"1",300,60.15,"0"
"req_001085","2026-10-02 12:16:37",12,"/api/v1/search","GET",40,4.43,25.91,51.19,4,30.22,"0",300,205.64,"0"
"req_001086","2026-10-02 12:18:51",12,"/api/v1/products","GET",38,2.54,30.92,43.72,0,39.82,"1",200,64.21,"0"
"req_001087","2026-10-02 12:19:58",12,"/api/v1/reports","GET",63,3.99,35.5,50.51,14,24.91,"0",800,586.12,"0"
"req_001088","2026-10-02 12:20:09",12,"/api/v1/users","GET",54,2.37,23.27,46.79,1,8.58,"0",150,71.31,"0"
"req_001089","2026-10-02 12:20:15",12,"/api/v1/search","GET",45,15.39,33.05,42.65,5,28.67,"0",300,254.63,"0"
"req_001090","2026-10-02 12:22:33",12,"/api/v1/products","GET",170,5.59,43.85,62.59,3,36.8,"0",200,170.52,"0"
"req_001091","2026-10-02 12:25:04",12,"/api/v1/reports","GET",21,5.51,20.44,48.65,17,25.96,"0",800,639.6,"0"
"req_001092","2026-10-02 12:26:15",12,"/api/v1/products","GET",65,18.89,31.38,52.01,0,44.22,"1",200,66.03,"0"
"req_001093","2026-10-02 12:28:01",12,"/api/v1/checkout","POST",59,22.88,28.34,53.77,6,44.29,"0",500,358.08,"0"
"req_001094","2026-10-02 12:30:47",12,"/api/v1/users","GET",27,2.93,22.58,49.82,3,37.94,"0",150,132.3,"0"
"req_001095","2026-10-02 12:31:00",12,"/api/v1/products","POST",13,4.27,33.71,48.86,2,28.36,"0",200,122.87,"0"
"req_001096","2026-10-02 12:32:59",12,"/api/v1/users","GET",62,8.6,21.8,42.27,0,36.93,"1",150,63.86,"0"
"req_001097","2026-10-02 12:35:13",12,"/api/v1/users","GET",73,2.86,48.44,43.45,0,40.24,"1",150,49.92,"0"
"req_001098","2026-10-02 12:37:05",12,"/api/v1/products","GET",77,8.3,29.22,41.03,0,17.75,"1",200,45.67,"0"
"req_001099","2026-10-02 12:40:06",12,"/api/v1/reports","POST",53,8.25,33.61,45.92,9,73.64,"0",800,645.18,"0"
"req_001100","2026-10-02 12:41:00",12,"/api/v1/search","POST",59,0.73,32.43,41.63,5,27,"0",300,203.55,"0"
"req_001101","2026-10-02 12:43:25",12,"/api/v1/products","GET",44,3.93,24.52,43.87,0,33.66,"1",200,58.45,"0"
"req_001102","2026-10-02 12:51:43",12,"/api/v1/search","GET",36,1.31,36.23,41.29,3,54.25,"0",300,196.65,"0"
"req_001103","2026-10-02 12:51:51",12,"/api/v1/search","GET",78,12.89,27.54,49.65,4,98.22,"0",300,277.88,"0"
"req_001104","2026-10-02 12:56:46",12,"/api/v1/products","GET",62,11.82,25.14,49.94,0,12.56,"1",200,16.57,"0"
"req_001105","2026-10-02 12:57:53",12,"/api/v1/users","GET",204,5.1,55.11,54.18,2,23.13,"0",150,145.63,"0"
"req_001106","2026-10-02 12:58:01",12,"/api/v1/search","POST",37,7.02,29.47,45.18,3,14.66,"0",300,171.17,"0"
"req_001107","2026-10-02 12:59:11",12,"/api/v1/checkout","POST",17,1.82,19.27,51.39,8,23.08,"0",500,333.62,"0"
"req_001108","2026-10-02 13:00:23",13,"/api/v1/users","GET",31,3.42,30.47,32.19,0,18.39,"1",150,29.95,"0"
"req_001109","2026-10-02 13:02:36",13,"/api/v1/checkout","POST",56,3.51,22.04,52.34,4,28.22,"0",500,308.66,"0"
"req_001110","2026-10-02 13:02:50",13,"/api/v1/checkout","POST",78,5.34,42.23,42.89,2,56.19,"0",500,309.42,"0"
"req_001111","2026-10-02 13:03:41",13,"/api/v1/search","POST",48,3.57,39.16,50.14,8,17.23,"0",300,249.03,"0"
"req_001112","2026-10-02 13:07:00",13,"/api/v1/users","GET",61,11.45,19.16,43.05,1,28.72,"0",150,92.56,"0"
"req_001113","2026-10-02 13:08:36",13,"/api/v1/reports","POST",56,3.47,28.16,43.66,15,57.66,"0",800,708.36,"0"
"req_001114","2026-10-02 13:09:07",13,"/api/v1/search","GET",86,13.84,31.37,56.01,9,47.48,"0",300,351.7,"1"
"req_001115","2026-10-02 13:09:50",13,"/api/v1/products","GET",186,4.98,50.34,53.25,1,17.33,"0",200,122.54,"0"
"req_001116","2026-10-02 13:12:23",13,"/api/v1/products","GET",110,3.02,46.81,48.12,0,72.1,"1",200,93.43,"0"
"req_001117","2026-10-02 13:12:43",13,"/api/v1/checkout","POST",65,5.49,33.68,51.51,6,15.34,"0",500,325.65,"0"
"req_001118","2026-10-02 13:14:38",13,"/api/v1/checkout","POST",57,3.83,24.63,48.14,9,35.82,"0",500,415,"0"
"req_001119","2026-10-02 13:16:11",13,"/api/v1/products","GET",21,3.37,23.14,34.21,1,30.72,"0",200,94.6,"0"
"req_001120","2026-10-02 13:17:28",13,"/api/v1/reports","GET",72,1.55,53.06,39.8,10,42.89,"0",800,658.74,"0"
"req_001121","2026-10-02 13:19:01",13,"/api/v1/search","GET",16,1.36,27.75,46.53,0,59.73,"1",300,81.76,"0"
"req_001122","2026-10-02 13:19:56",13,"/api/v1/reports","GET",31,1.68,26.97,43.26,7,12.64,"0",800,523.91,"0"
"req_001123","2026-10-02 13:20:19",13,"/api/v1/users","GET",210,4.17,47.2,60.55,0,33.8,"1",150,52.06,"0"
"req_001124","2026-10-02 13:22:09",13,"/api/v1/users","GET",31,16.44,12.04,49.28,0,34.27,"1",150,35.4,"0"
"req_001125","2026-10-02 13:22:50",13,"/api/v1/checkout","POST",66,3.82,31.08,44.36,2,41.93,"0",500,289.23,"0"
"req_001126","2026-10-02 13:25:53",13,"/api/v1/checkout","POST",67,5.6,37.2,42.12,5,33.34,"0",500,323.12,"0"
"req_001127","2026-10-02 13:26:28",13,"/api/v1/users","GET",32,3.46,28.95,47.14,0,68.4,"1",150,82.2,"0"
"req_001128","2026-10-02 13:27:44",13,"/api/v1/checkout","POST",28,7.49,32.24,35.83,6,75.03,"0",500,361.82,"0"
"req_001129","2026-10-02 13:32:31",13,"/api/v1/products","POST",87,6.12,42.02,56.33,2,26.97,"0",200,128.79,"0"
"req_001130","2026-10-02 13:34:58",13,"/api/v1/users","POST",180,8.98,72.72,51.08,2,35.26,"0",150,277.41,"1"
"req_001131","2026-10-02 13:37:05",13,"/api/v1/products","GET",51,3.58,33.08,46.37,0,32.03,"1",200,42.75,"0"
"req_001132","2026-10-02 13:37:22",13,"/api/v1/search","GET",24,14.99,18.31,44.87,6,36.7,"0",300,196.07,"0"
"req_001133","2026-10-02 13:40:19",13,"/api/v1/search","GET",45,2.19,23.56,48.13,0,16.03,"1",300,45.87,"0"
"req_001134","2026-10-02 13:42:04",13,"/api/v1/products","POST",9,10.38,21.91,37.09,1,50.03,"0",200,118.3,"0"
"req_001135","2026-10-02 13:42:40",13,"/api/v1/users","GET",26,5.4,30.99,38.77,0,36.61,"1",150,56.48,"0"
"req_001136","2026-10-02 13:43:02",13,"/api/v1/search","GET",106,14.56,34.87,47.65,0,47.32,"1",300,83.28,"0"
"req_001137","2026-10-02 13:43:04",13,"/api/v1/products","GET",15,2.57,26.82,38.15,0,54.88,"1",200,63.24,"0"
"req_001138","2026-10-02 13:44:28",13,"/api/v1/products","POST",47,1.74,42.11,42.29,2,30.72,"0",200,114.46,"0"
"req_001139","2026-10-02 13:47:04",13,"/api/v1/users","GET",215,3.4,53.03,47.48,0,52.75,"1",150,80.77,"0"
"req_001140","2026-10-02 13:49:52",13,"/api/v1/users","GET",20,14.06,19.55,42.92,0,42.73,"1",150,44.3,"0"
"req_001141","2026-10-02 13:51:20",13,"/api/v1/products","GET",28,11.58,42.25,40,0,36.12,"1",200,50.94,"0"
"req_001142","2026-10-02 13:52:30",13,"/api/v1/reports","GET",40,3.26,39.86,41.53,14,31.28,"0",800,622.1,"0"
"req_001143","2026-10-02 13:55:21",13,"/api/v1/users","GET",104,11.6,49.73,45.17,0,34.8,"1",150,53.01,"0"
"req_001144","2026-10-02 13:56:39",13,"/api/v1/search","POST",31,9.22,29.83,50.45,1,15.05,"0",300,152.12,"0"
"req_001145","2026-10-02 13:57:38",13,"/api/v1/products","GET",22,3,17.34,30.58,2,39.56,"0",200,113.22,"0"
"req_001146","2026-10-02 13:57:57",13,"/api/v1/products","POST",37,1.92,29.45,44.91,3,20.65,"0",200,137.31,"0"
"req_001147","2026-10-02 14:01:02",14,"/api/v1/products","GET",29,3.63,20.71,40.18,1,35.15,"0",200,111.11,"0"
"req_001148","2026-10-02 14:03:02",14,"/api/v1/users","GET",58,9.01,47.04,42.51,1,47.4,"0",150,108.9,"0"
"req_001149","2026-10-02 14:06:13",14,"/api/v1/users","GET",40,6.29,18.42,56.34,0,37.4,"1",150,49.24,"0"
"req_001150","2026-10-02 14:07:21",14,"/api/v1/products","GET",37,18.42,35.02,54.63,0,26.76,"1",200,49.97,"0"
"req_001151","2026-10-02 14:09:10",14,"/api/v1/checkout","POST",18,2.02,37.09,35.95,6,36.8,"0",500,308.14,"0"
"req_001152","2026-10-02 14:09:18",14,"/api/v1/products","GET",164,7.57,52.67,48.86,0,26.12,"1",200,57.78,"0"
"req_001153","2026-10-02 14:10:37",14,"/api/v1/reports","GET",22,6.09,33.74,45.05,12,37.92,"0",800,647.44,"0"
"req_001154","2026-10-02 14:13:48",14,"/api/v1/checkout","POST",11,10.99,35,43.74,7,37.36,"0",500,411.08,"0"
"req_001155","2026-10-02 14:15:52",14,"/api/v1/users","POST",30,3.61,20.4,40.91,2,13.68,"0",150,79.82,"0"
"req_001156","2026-10-02 14:16:12",14,"/api/v1/reports","GET",21,10.71,28.98,43.22,8,30.8,"0",800,584.54,"0"
"req_001157","2026-10-02 14:17:03",14,"/api/v1/users","GET",120,2.62,56.14,58.92,0,56.45,"1",150,76.72,"0"
"req_001158","2026-10-02 14:20:24",14,"/api/v1/users","GET",41,3.05,33.26,51.03,1,23.47,"0",150,99.79,"0"
"req_001159","2026-10-02 14:21:23",14,"/api/v1/checkout","POST",24,12.19,28.59,41.62,6,33.76,"0",500,290.22,"0"
"req_001160","2026-10-02 14:24:33",14,"/api/v1/products","GET",55,6.71,27.41,37.42,0,48.84,"1",200,70.44,"0"
"req_001161","2026-10-02 14:25:09",14,"/api/v1/users","GET",59,4.19,22.2,55.59,0,42.97,"1",150,54.14,"0"
"req_001162","2026-10-02 14:26:18",14,"/api/v1/users","GET",96,8.47,34.17,49.73,0,17.44,"1",150,41.16,"0"
"req_001163","2026-10-02 14:26:46",14,"/api/v1/users","GET",29,13.73,48.99,36.57,2,17.5,"0",150,110.49,"0"
"req_001164","2026-10-02 14:31:22",14,"/api/v1/users","GET",18,5.29,8.52,44.34,1,71.91,"0",150,128.3,"0"
"req_001165","2026-10-02 14:31:34",14,"/api/v1/products","GET",93,1.95,26.41,43.2,5,28.83,"0",200,183.89,"0"
"req_001166","2026-10-02 14:31:52",14,"/api/v1/products","GET",47,4.3,42.36,46.98,2,22.96,"0",200,117.82,"0"
"req_001167","2026-10-02 14:33:21",14,"/api/v1/products","GET",35,0.99,22.42,49.04,0,16.49,"1",200,31.61,"0"
"req_001168","2026-10-02 14:33:48",14,"/api/v1/users","GET",57,0.51,48.41,44.92,0,46.78,"1",150,67.28,"0"
"req_001169","2026-10-02 14:34:32",14,"/api/v1/search","GET",43,3.71,20.4,44.94,0,42.15,"1",300,67.08,"0"
"req_001170","2026-10-02 14:34:56",14,"/api/v1/users","GET",31,8.57,37.88,42.14,0,61.96,"1",150,92.26,"0"
"req_001171","2026-10-02 14:35:38",14,"/api/v1/products","GET",30,10.03,33.41,47.47,0,40.65,"1",200,46.41,"0"
"req_001172","2026-10-02 14:42:15",14,"/api/v1/search","GET",38,1.67,32.63,35.4,10,35.35,"0",300,274.41,"0"
"req_001173","2026-10-02 14:42:45",14,"/api/v1/checkout","PUT",34,2.99,35.24,42.83,11,36.62,"0",500,409.35,"0"
"req_001174","2026-10-02 14:43:58",14,"/api/v1/checkout","POST",49,0.63,27.92,54.3,12,44.55,"0",500,423.93,"0"
"req_001175","2026-10-02 14:48:45",14,"/api/v1/products","GET",96,3.43,44.38,42.03,0,60.98,"1",200,75.95,"0"
"req_001176","2026-10-02 14:50:40",14,"/api/v1/products","GET",22,7.82,27.34,46.52,0,27.61,"1",200,44.58,"0"
"req_001177","2026-10-02 14:51:24",14,"/api/v1/users","POST",101,10.86,42.51,43.28,4,26.86,"0",150,157.53,"1"
"req_001178","2026-10-02 14:54:57",14,"/api/v1/reports","GET",63,2.49,36.94,39.79,8,38.74,"0",800,567.93,"0"
"req_001179","2026-10-02 14:58:35",14,"/api/v1/users","GET",23,26.55,37.09,45.08,0,37.15,"1",150,54.49,"0"
"req_001180","2026-10-02 14:59:47",14,"/api/v1/reports","GET",35,3.71,27.92,42.09,11,12.73,"0",800,580.99,"0"
"req_001181","2026-10-02 15:01:09",15,"/api/v1/users","GET",102,11.46,27.79,64.7,0,7.98,"1",150,23.82,"0"
"req_001182","2026-10-02 15:01:32",15,"/api/v1/products","GET",126,25.15,46.48,44.06,1,66.03,"0",200,168.47,"0"
"req_001183","2026-10-02 15:04:01",15,"/api/v1/search","GET",55,8.38,22.37,55.1,5,29.84,"0",300,225.12,"0"
"req_001184","2026-10-02 15:04:35",15,"/api/v1/products","GET",39,2.78,34.88,44.84,0,27.12,"1",200,47.9,"0"
"req_001185","2026-10-02 15:04:47",15,"/api/v1/search","GET",11,1.03,32.83,43.36,2,47.34,"0",300,177.7,"0"
"req_001186","2026-10-02 15:07:39",15,"/api/v1/checkout","POST",11,2.29,21.49,44.6,5,29.9,"0",500,311.81,"0"
"req_001187","2026-10-02 15:09:16",15,"/api/v1/users","GET",70,1.2,33.26,54.45,1,50.72,"0",150,117.48,"0"
"req_001188","2026-10-02 15:12:09",15,"/api/v1/users","GET",55,3.91,41.84,41.02,0,38.5,"1",150,51.08,"0"
"req_001189","2026-10-02 15:12:43",15,"/api/v1/users","GET",89,3.27,35.51,55.86,1,23.38,"0",150,100.88,"0"
"req_001190","2026-10-02 15:13:55",15,"/api/v1/reports","GET",142,28.11,61.07,51.6,19,74.4,"0",800,785.39,"0"
"req_001191","2026-10-02 15:15:23",15,"/api/v1/search","GET",105,7.3,36.96,44.87,0,33.52,"1",300,62.42,"0"
"req_001192","2026-10-02 15:17:21",15,"/api/v1/search","GET",33,6.15,26.45,54.31,0,23.41,"1",300,47.16,"0"
"req_001193","2026-10-02 15:20:44",15,"/api/v1/users","GET",92,2.97,43.62,45.37,0,36.52,"1",150,56.97,"0"
"req_001194","2026-10-02 15:20:54",15,"/api/v1/products","GET",30,9.04,19.9,53.71,1,35.69,"0",200,113.24,"0"
"req_001195","2026-10-02 15:21:29",15,"/api/v1/reports","GET",81,0.42,38.89,55.94,16,18.84,"0",800,854.6,"1"
"req_001196","2026-10-02 15:23:41",15,"/api/v1/search","POST",132,5.39,27.99,46.71,2,62.61,"0",300,223.68,"0"
"req_001197","2026-10-02 15:25:40",15,"/api/v1/products","GET",47,1.07,31.91,44.57,0,49.1,"1",200,60.5,"0"
"req_001198","2026-10-02 15:29:36",15,"/api/v1/products","GET",84,1.21,58.91,54.55,0,51.7,"1",200,68.2,"0"
"req_001199","2026-10-02 15:32:55",15,"/api/v1/checkout","POST",22,11.45,24.54,47.21,6,58.41,"0",500,337.04,"0"
"req_001200","2026-10-02 15:34:09",15,"/api/v1/users","POST",45,2.28,42.11,49.76,1,38.48,"0",150,106.03,"0"
"req_001201","2026-10-02 15:34:22",15,"/api/v1/users","POST",23,3.14,35.52,48.08,1,37.32,"0",150,100.77,"0"
"req_001202","2026-10-02 15:34:33",15,"/api/v1/users","GET",50,3,37.1,52.81,0,51.12,"1",150,69.01,"0"
"req_001203","2026-10-02 15:37:23",15,"/api/v1/search","GET",28,4.38,21.65,45.37,0,31.83,"1",300,56.65,"0"
"req_001204","2026-10-02 15:37:48",15,"/api/v1/products","POST",34,24.33,35.46,43.42,4,48.62,"0",200,162.45,"0"
"req_001205","2026-10-02 15:38:15",15,"/api/v1/checkout","PUT",31,8.05,30.31,49.69,6,21.63,"0",500,339.52,"0"
"req_001206","2026-10-02 15:39:19",15,"/api/v1/reports","GET",35,2.84,27.59,40.53,9,6.52,"0",800,526.56,"0"
"req_001207","2026-10-02 15:43:04",15,"/api/v1/checkout","PUT",25,3.14,23.78,41.2,7,27.14,"0",500,359.44,"0"
"req_001208","2026-10-02 15:43:28",15,"/api/v1/users","GET",27,9.43,38.79,46.27,1,32.09,"0",150,91.83,"0"
"req_001209","2026-10-02 15:44:24",15,"/api/v1/products","POST",37,1.02,35.35,45.52,2,40.55,"0",200,124.8,"0"
"req_001210","2026-10-02 15:45:27",15,"/api/v1/search","GET",107,5.8,29.58,46.08,0,36.23,"1",300,62.86,"0"
"req_001211","2026-10-02 15:47:51",15,"/api/v1/reports","GET",116,11.33,50.43,48.33,14,18.3,"0",800,656.81,"0"
"req_001212","2026-10-02 15:48:49",15,"/api/v1/reports","GET",44,1.68,41.31,51.57,16,38.6,"0",800,665.89,"0"
"req_001213","2026-10-02 15:49:19",15,"/api/v1/products","GET",71,3.67,38.12,53.39,0,54.33,"1",200,69.26,"0"
"req_001214","2026-10-02 15:52:39",15,"/api/v1/users","GET",105,4.9,50.4,46.8,2,51.69,"0",150,150.49,"1"
"req_001215","2026-10-02 15:54:07",15,"/api/v1/checkout","POST",25,0.65,36.16,49.84,7,23.91,"0",500,342.7,"0"
"req_001216","2026-10-02 15:56:21",15,"/api/v1/users","GET",37,10.33,41,31.19,2,35.91,"0",150,89.38,"0"
"req_001217","2026-10-02 15:57:00",15,"/api/v1/users","GET",63,6.23,33.07,40.12,0,35.32,"1",150,56.06,"0"
"req_001218","2026-10-02 15:57:24",15,"/api/v1/users","POST",72,0.93,28.39,46.95,1,36.54,"0",150,112.69,"0"
"req_001219","2026-10-02 15:58:25",15,"/api/v1/products","GET",37,1.41,31.67,40.31,0,10.83,"1",200,19.93,"0"
"req_001220","2026-10-02 15:59:45",15,"/api/v1/checkout","POST",55,3.84,33.14,49.87,14,31.75,"0",500,421.13,"0"
"req_001221","2026-10-02 15:59:52",15,"/api/v1/products","GET",48,3.35,44.57,37.2,1,27.27,"0",200,104.95,"0"
"req_001222","2026-10-02 16:02:27",16,"/api/v1/search","GET",31,2.1,40.66,40.07,4,27.27,"0",300,211.11,"0"
"req_001223","2026-10-02 16:02:55",16,"/api/v1/search","GET",9,1.29,35.05,36.46,2,38.5,"0",300,178.68,"0"
"req_001224","2026-10-02 16:04:12",16,"/api/v1/users","GET",72,12.42,24.06,54.34,0,43.79,"1",150,63.07,"0"
"req_001225","2026-10-02 16:04:49",16,"/api/v1/reports","GET",75,5.32,35.47,45.47,15,33.79,"0",800,729.98,"0"
"req_001226","2026-10-02 16:06:02",16,"/api/v1/checkout","PUT",84,16.15,42.82,47.18,7,21.22,"0",500,392.17,"0"
"req_001227","2026-10-02 16:08:54",16,"/api/v1/search","GET",38,1.93,26.84,47.4,5,32.2,"0",300,221.79,"0"
"req_001228","2026-10-02 16:20:03",16,"/api/v1/products","GET",164,3.7,50.83,44.77,0,48.61,"1",200,72.54,"0"
"req_001229","2026-10-02 16:20:18",16,"/api/v1/checkout","POST",84,7.04,35.74,51.77,8,27.51,"0",500,360.42,"0"
"req_001230","2026-10-02 16:22:37",16,"/api/v1/search","GET",114,6.29,47.93,46.46,0,12.02,"1",300,53.79,"0"
"req_001231","2026-10-02 16:26:40",16,"/api/v1/checkout","POST",47,6.35,36.07,50.7,5,25.71,"0",500,298.01,"0"
"req_001232","2026-10-02 16:28:51",16,"/api/v1/products","GET",5,5.18,19.86,42.17,0,38.33,"1",200,49.2,"0"
"req_001233","2026-10-02 16:28:55",16,"/api/v1/products","GET",95,2.96,38.37,47.07,2,58.93,"0",200,146.61,"0"
"req_001234","2026-10-02 16:31:22",16,"/api/v1/checkout","POST",27,2.97,25.41,52.51,4,16.66,"0",500,287.26,"0"
"req_001235","2026-10-02 16:32:23",16,"/api/v1/checkout","POST",21,5.5,36.98,42.58,6,63.84,"0",500,389.53,"0"
"req_001236","2026-10-02 16:34:19",16,"/api/v1/users","GET",33,2.71,38.4,42.43,0,34.46,"1",150,39.93,"0"
"req_001237","2026-10-02 16:35:31",16,"/api/v1/search","GET",173,5.98,51.4,56.26,0,31.99,"1",300,65.89,"0"
"req_001238","2026-10-02 16:39:04",16,"/api/v1/users","GET",8,0.77,31.76,50.37,0,48.1,"1",150,71.29,"0"
"req_001239","2026-10-02 16:39:06",16,"/api/v1/search","GET",28,2.27,14.17,38.18,4,42.67,"0",300,215.76,"0"
"req_001240","2026-10-02 16:40:09",16,"/api/v1/products","POST",114,4.67,48.92,51.6,1,17.12,"0",200,105.99,"0"
"req_001241","2026-10-02 16:44:57",16,"/api/v1/checkout","POST",32,2.22,35.65,42.46,13,30.95,"0",500,522.54,"1"
"req_001242","2026-10-02 16:46:44",16,"/api/v1/users","POST",111,5.22,31.43,55.42,1,26.98,"0",150,112.94,"0"
"req_001243","2026-10-02 16:46:48",16,"/api/v1/checkout","POST",113,23.84,53.29,53.98,11,35.63,"0",500,446.84,"0"
"req_001244","2026-10-02 16:47:24",16,"/api/v1/reports","GET",195,18.51,55.58,53.53,11,23.64,"0",800,696.11,"0"
"req_001245","2026-10-02 16:49:56",16,"/api/v1/products","GET",86,2.28,30.57,46.46,0,41.95,"1",200,57.77,"0"
"req_001246","2026-10-02 16:50:42",16,"/api/v1/checkout","POST",12,4.3,42.55,49.05,12,36.93,"0",500,444.95,"0"
"req_001247","2026-10-02 16:54:08",16,"/api/v1/search","GET",10,3.48,26.96,50.12,4,42.8,"0",300,215.07,"0"
"req_001248","2026-10-02 16:54:58",16,"/api/v1/checkout","POST",8,2.23,39.06,44.98,4,51.9,"0",500,344.1,"0"
"req_001249","2026-10-02 16:56:40",16,"/api/v1/products","GET",18,5.11,29.37,31.51,0,44.88,"1",200,54.51,"0"
"req_001250","2026-10-02 17:00:43",17,"/api/v1/checkout","POST",9,4.81,24.69,43.98,3,36.18,"0",500,255.63,"0"
"req_001251","2026-10-02 17:08:26",17,"/api/v1/search","GET",34,2.93,32.84,41.32,0,27.21,"1",300,50.69,"0"
"req_001252","2026-10-02 17:09:42",17,"/api/v1/checkout","PUT",17,2.58,38.75,48.48,4,29.22,"0",500,298.51,"0"
"req_001253","2026-10-02 17:10:42",17,"/api/v1/users","GET",10,5.2,28.01,46.22,1,32.95,"0",150,100.17,"0"
"req_001254","2026-10-02 17:13:13",17,"/api/v1/products","GET",18,3.05,28.22,48.85,0,40.04,"1",200,55.43,"0"
"req_001255","2026-10-02 17:14:58",17,"/api/v1/search","GET",30,0.9,28.5,35.63,0,24.5,"1",300,49.45,"0"
"req_001256","2026-10-02 17:14:59",17,"/api/v1/products","GET",38,3.78,28.47,48.62,0,22.7,"1",200,29.15,"0"
"req_001257","2026-10-02 17:15:49",17,"/api/v1/search","GET",17,3.55,28.98,52.3,4,28.92,"0",300,206.35,"0"
"req_001258","2026-10-02 17:16:52",17,"/api/v1/products","POST",133,3.55,47.63,49.78,2,11.17,"0",200,137.25,"0"
"req_001259","2026-10-02 17:18:03",17,"/api/v1/users","GET",39,3.31,28.98,39.07,0,16,"1",150,32.1,"0"
"req_001260","2026-10-02 17:24:42",17,"/api/v1/reports","GET",87,2.08,38.39,54.43,17,51.4,"0",800,671.39,"0"
"req_001261","2026-10-02 17:25:29",17,"/api/v1/search","GET",75,2.09,42.02,55.79,9,26.68,"0",300,281.89,"0"
"req_001262","2026-10-02 17:25:36",17,"/api/v1/search","GET",87,1.04,44.9,54.49,0,36.9,"1",300,78.33,"0"
"req_001263","2026-10-02 17:29:22",17,"/api/v1/search","GET",41,8.85,33.15,49.95,7,50.54,"0",300,303.7,"1"
"req_001264","2026-10-02 17:32:48",17,"/api/v1/products","GET",45,1.46,36.73,52.52,0,20.25,"1",200,30.87,"0"
"req_001265","2026-10-02 17:33:19",17,"/api/v1/users","GET",18,3.82,38.12,49.88,0,21.02,"1",150,33.56,"0"
"req_001266","2026-10-02 17:33:29",17,"/api/v1/search","GET",77,0.5,46.06,44.45,4,21.39,"0",300,231.37,"0"
"req_001267","2026-10-02 17:34:26",17,"/api/v1/checkout","POST",19,3.18,12.76,45.24,4,14.72,"0",500,277.84,"0"
"req_001268","2026-10-02 17:35:04",17,"/api/v1/search","GET",67,6.07,39.09,39.24,6,45.9,"0",300,255.69,"0"
"req_001269","2026-10-02 17:35:40",17,"/api/v1/reports","GET",36,1.77,38.45,41.47,11,16.37,"0",800,610.12,"0"
"req_001270","2026-10-02 17:36:09",17,"/api/v1/users","POST",13,2.63,26.76,42.5,3,36.82,"0",150,122.09,"0"
"req_001271","2026-10-02 17:36:45",17,"/api/v1/products","GET",30,9.16,25.89,48.41,0,25.68,"1",200,42.84,"0"
"req_001272","2026-10-02 17:40:19",17,"/api/v1/search","GET",63,2.27,23.89,40.29,0,27.01,"1",300,57.67,"0"
"req_001273","2026-10-02 17:40:55",17,"/api/v1/products","GET",27,9.9,23.78,38.5,4,80.85,"0",200,194.12,"0"
"req_001274","2026-10-02 17:44:31",17,"/api/v1/users","POST",78,10.26,44.75,54.02,1,38.61,"0",150,105.55,"0"
"req_001275","2026-10-02 17:47:53",17,"/api/v1/search","POST",21,9.37,24.27,37.88,1,24.41,"0",300,158.27,"0"
"req_001276","2026-10-02 17:51:47",17,"/api/v1/search","GET",42,5.94,30.26,46.44,0,19.43,"1",300,43.85,"0"
"req_001277","2026-10-02 17:56:23",17,"/api/v1/products","GET",13,8.96,34,41.19,0,21.82,"1",200,35.17,"0"
"req_001278","2026-10-02 17:56:28",17,"/api/v1/search","GET",27,4.37,24.62,31.98,6,10.12,"0",300,196.95,"0"
"req_001279","2026-10-02 18:03:36",18,"/api/v1/users","GET",23,17.65,29.73,46.11,0,15,"1",150,31.89,"0"
"req_001280","2026-10-02 18:04:53",18,"/api/v1/users","GET",29,7,19.42,50.37,0,60.71,"1",150,74.6,"0"
"req_001281","2026-10-02 18:06:19",18,"/api/v1/checkout","PUT",37,3.64,30.62,45.44,7,9.25,"0",500,323.02,"0"
"req_001282","2026-10-02 18:07:03",18,"/api/v1/users","GET",56,13.95,16.68,44.13,3,36.09,"0",150,136.67,"0"
"req_001283","2026-10-02 18:07:08",18,"/api/v1/products","GET",28,4.88,15.17,48.26,0,24.15,"1",200,29.49,"0"
"req_001284","2026-10-02 18:09:39",18,"/api/v1/products","GET",75,7.73,42.49,47.62,0,49.92,"1",200,76.34,"0"
"req_001285","2026-10-02 18:10:37",18,"/api/v1/products","GET",23,1.44,35.43,39.81,3,22.71,"0",200,127.88,"0"
"req_001286","2026-10-02 18:17:24",18,"/api/v1/search","GET",63,7.04,47.03,44.91,1,46.67,"0",300,179.64,"0"
"req_001287","2026-10-02 18:17:40",18,"/api/v1/search","GET",30,10.93,28.88,52.77,4,30.87,"0",300,210.73,"0"
"req_001288","2026-10-02 18:18:41",18,"/api/v1/search","GET",185,4.35,58.67,63.42,0,49.44,"1",300,75.28,"0"
"req_001289","2026-10-02 18:19:53",18,"/api/v1/products","GET",42,18.04,31.79,40.85,0,20.24,"1",200,48.14,"0"
"req_001290","2026-10-02 18:22:01",18,"/api/v1/users","GET",76,2.05,36.11,53.92,0,21.95,"1",150,34.33,"0"
"req_001291","2026-10-02 18:24:27",18,"/api/v1/products","GET",84,7.15,30.08,50.5,0,42.46,"1",200,64.97,"0"
"req_001292","2026-10-02 18:27:10",18,"/api/v1/products","GET",31,7.23,26.56,41.92,0,28.57,"1",200,44.82,"0"
"req_001293","2026-10-02 18:28:39",18,"/api/v1/products","GET",69,9.35,41.18,49.82,0,32,"1",200,56.45,"0"
"req_001294","2026-10-02 18:29:14",18,"/api/v1/search","GET",23,23.16,35.2,24.72,5,14.73,"0",300,202.37,"0"
"req_001295","2026-10-02 18:31:57",18,"/api/v1/checkout","POST",105,4.83,34.63,50.74,5,37.29,"0",500,306.51,"0"
"req_001296","2026-10-02 18:38:42",18,"/api/v1/products","GET",86,8.05,40.93,45.3,5,23.45,"0",200,186.28,"0"
"req_001297","2026-10-02 18:46:09",18,"/api/v1/search","GET",43,5.84,34.05,52.24,3,30.13,"0",300,192,"0"
"req_001298","2026-10-02 18:49:08",18,"/api/v1/users","GET",35,0.79,26.49,47.84,0,37.87,"1",150,48.02,"0"
"req_001299","2026-10-02 18:51:19",18,"/api/v1/search","GET",15,2.86,30.91,51.63,0,39.56,"1",300,62.9,"0"
"req_001300","2026-10-02 18:52:14",18,"/api/v1/users","POST",56,1.93,10.93,56.41,1,28.05,"0",150,90.93,"0"
"req_001301","2026-10-02 18:52:38",18,"/api/v1/checkout","PUT",82,2.52,41.7,35.18,4,31.84,"0",500,308.44,"0"
"req_001302","2026-10-02 18:52:53",18,"/api/v1/reports","GET",20,2.01,36.54,38.99,17,33.4,"0",800,710.87,"0"
"req_001303","2026-10-02 18:55:27",18,"/api/v1/users","GET",73,3.96,26.03,45.34,0,24.14,"1",150,39.16,"0"
"req_001304","2026-10-02 18:55:51",18,"/api/v1/products","GET",78,4.83,55.8,40.46,2,13.67,"0",200,116.08,"0"
"req_001305","2026-10-02 18:56:11",18,"/api/v1/products","POST",175,1.93,42.31,53.12,1,10.99,"0",200,121.96,"0"
"req_001306","2026-10-02 18:56:54",18,"/api/v1/checkout","PUT",24,6.36,17.11,39.95,5,16.26,"0",500,275.31,"0"
"req_001307","2026-10-02 18:57:11",18,"/api/v1/search","GET",60,12.11,48.77,38.92,3,26.56,"0",300,207.92,"0"
"req_001308","2026-10-02 18:58:37",18,"/api/v1/checkout","POST",9,2.09,24.17,40.88,4,73.93,"0",500,330.54,"0"
"req_001309","2026-10-02 18:59:36",18,"/api/v1/reports","GET",49,5.87,30.88,41.62,14,20.73,"0",800,646.8,"0"
"req_001310","2026-10-02 19:01:40",19,"/api/v1/users","GET",75,6.82,51.06,45.68,0,58.3,"1",150,74.28,"0"
"req_001311","2026-10-02 19:02:02",19,"/api/v1/products","GET",117,1.81,25.79,49.77,0,45.49,"1",200,63.66,"0"
"req_001312","2026-10-02 19:02:23",19,"/api/v1/search","POST",19,2.78,22.17,40.73,4,51.02,"0",300,193.32,"0"
"req_001313","2026-10-02 19:08:35",19,"/api/v1/products","GET",67,3.51,36.65,43.41,0,33.39,"1",200,46.41,"0"
"req_001314","2026-10-02 19:08:42",19,"/api/v1/users","GET",43,4.02,20.8,39.83,0,38.99,"1",150,42.89,"0"
"req_001315","2026-10-02 19:19:55",19,"/api/v1/users","GET",60,7.16,29.35,55.3,0,26.94,"1",150,41.45,"0"
"req_001316","2026-10-02 19:22:58",19,"/api/v1/users","GET",101,3.6,27.06,53.81,0,34.27,"1",150,38.8,"0"
"req_001317","2026-10-02 19:24:18",19,"/api/v1/products","POST",47,4.72,29.38,48.8,1,28.06,"0",200,104.63,"0"
"req_001318","2026-10-02 19:26:37",19,"/api/v1/search","POST",158,2.8,38.12,59.06,4,47.22,"0",300,235.1,"0"
"req_001319","2026-10-02 19:27:20",19,"/api/v1/checkout","POST",24,6.37,31.3,49.07,3,53.84,"0",500,312.06,"0"
"req_001320","2026-10-02 19:27:40",19,"/api/v1/users","GET",122,1.64,41.57,61.97,0,41.73,"1",150,59.88,"0"
"req_001321","2026-10-02 19:29:57",19,"/api/v1/products","GET",104,22.55,34.23,50.78,0,48.82,"1",200,77.3,"0"
"req_001322","2026-10-02 19:31:59",19,"/api/v1/users","GET",13,0.75,38.58,42.1,1,39.47,"0",150,98.43,"0"
"req_001323","2026-10-02 19:33:59",19,"/api/v1/checkout","POST",35,2.99,23.55,42.12,9,51.86,"0",500,361.62,"0"
"req_001324","2026-10-02 19:34:09",19,"/api/v1/reports","GET",18,1.24,27.65,53.05,12,22.6,"0",800,635.88,"0"
"req_001325","2026-10-02 19:39:11",19,"/api/v1/users","GET",96,10.02,28.78,54.97,0,35.7,"1",150,50.42,"0"
"req_001326","2026-10-02 19:39:29",19,"/api/v1/checkout","PUT",167,3.36,59.15,56.45,5,28.96,"0",500,360.92,"0"
"req_001327","2026-10-02 19:39:49",19,"/api/v1/checkout","POST",5,1.71,27.89,34.53,2,49.09,"0",500,281.46,"0"
"req_001328","2026-10-02 19:44:08",19,"/api/v1/checkout","POST",230,1.56,60.25,65.1,8,49.29,"0",500,405.63,"0"
"req_001329","2026-10-02 19:44:08",19,"/api/v1/reports","GET",50,4.68,26.88,38.15,9,47.98,"0",800,624.04,"0"
"req_001330","2026-10-02 19:44:21",19,"/api/v1/users","GET",50,1.03,46.39,45.09,2,40.22,"0",150,134.24,"0"
"req_001331","2026-10-02 19:44:22",19,"/api/v1/search","GET",16,2.73,24.76,47.47,6,17.95,"0",300,200.11,"0"
"req_001332","2026-10-02 19:44:28",19,"/api/v1/products","GET",49,6.84,39.4,43.51,0,17.73,"1",200,30.69,"0"
"req_001333","2026-10-02 19:45:09",19,"/api/v1/checkout","POST",28,39.62,27.92,47.7,8,18.06,"0",500,363.81,"0"
"req_001334","2026-10-02 19:47:11",19,"/api/v1/reports","GET",95,2.9,41.86,44.7,16,18.53,"0",800,638.55,"0"
"req_001335","2026-10-02 19:47:42",19,"/api/v1/search","POST",16,3.48,30.08,44.29,5,31.84,"0",300,206.2,"0"
"req_001336","2026-10-02 19:48:03",19,"/api/v1/search","POST",20,35.47,32.23,38.29,3,27.33,"0",300,215.49,"0"
"req_001337","2026-10-02 19:55:00",19,"/api/v1/products","GET",65,8.54,39.14,47.54,2,37.43,"0",200,136.46,"0"
"req_001338","2026-10-02 20:00:27",20,"/api/v1/products","POST",42,20.67,37.12,51.53,3,61.21,"0",200,200.29,"1"
"req_001339","2026-10-02 20:08:58",20,"/api/v1/users","GET",36,1.61,26.07,42.29,1,40.22,"0",150,105.27,"0"
"req_001340","2026-10-02 20:13:09",20,"/api/v1/users","GET",20,4.32,15.17,44.53,2,32.56,"0",150,112.39,"0"
"req_001341","2026-10-02 20:13:27",20,"/api/v1/checkout","PUT",62,6.09,39.82,41.95,7,26.88,"0",500,333.36,"0"
"req_001342","2026-10-02 20:19:13",20,"/api/v1/products","POST",29,4.06,35.69,37.34,2,36.86,"0",200,133.16,"0"
"req_001343","2026-10-02 20:19:19",20,"/api/v1/search","GET",38,1.9,30.72,51.31,1,23.73,"0",300,134.52,"0"
"req_001344","2026-10-02 20:19:28",20,"/api/v1/search","GET",55,3.45,33.68,52.18,3,42.68,"0",300,185.19,"0"
"req_001345","2026-10-02 20:22:11",20,"/api/v1/users","GET",160,0.46,49.3,58.5,2,32.34,"0",150,147.3,"0"
"req_001346","2026-10-02 20:22:13",20,"/api/v1/checkout","POST",44,3.34,40.23,39.89,6,11.84,"0",500,340.62,"0"
"req_001347","2026-10-02 20:25:10",20,"/api/v1/products","GET",19,14.33,31.23,48.97,2,19.95,"0",200,95.75,"0"
"req_001348","2026-10-02 20:26:00",20,"/api/v1/users","GET",33,6.87,22.16,49.01,1,21.34,"0",150,84.82,"0"
"req_001349","2026-10-02 20:33:02",20,"/api/v1/search","GET",21,5.07,28.55,40.1,0,37.34,"1",300,65.3,"0"
"req_001350","2026-10-02 20:37:09",20,"/api/v1/users","POST",66,2.55,31.7,47.11,2,49.22,"0",150,143.78,"0"
"req_001351","2026-10-02 20:38:44",20,"/api/v1/products","GET",25,1.57,24.47,47.81,3,31.95,"0",200,132.62,"0"
"req_001352","2026-10-02 20:38:52",20,"/api/v1/search","GET",33,8.48,26.47,37.88,1,41.12,"0",300,157.17,"0"
"req_001353","2026-10-02 20:40:15",20,"/api/v1/products","GET",46,30.35,34.24,42.8,0,11.19,"1",200,31.19,"0"
"req_001354","2026-10-02 20:50:22",20,"/api/v1/products","GET",28,2.93,34.59,33.76,0,48.74,"1",200,64.36,"0"
"req_001355","2026-10-02 20:55:18",20,"/api/v1/search","GET",41,2.42,22.31,37.82,0,55.41,"1",300,87.63,"0"
"req_001356","2026-10-02 20:56:42",20,"/api/v1/products","GET",26,4.49,23.33,44.57,0,36.24,"1",200,39.61,"0"
"req_001357","2026-10-02 20:59:38",20,"/api/v1/products","GET",53,3.17,36.75,44.56,2,35.81,"0",200,125.19,"0"
"req_001358","2026-10-02 21:00:05",21,"/api/v1/users","GET",165,7.07,54.36,45.7,1,35.04,"0",150,115.4,"0"
"req_001359","2026-10-02 21:00:13",21,"/api/v1/search","GET",35,2.84,31.79,46.08,0,45.05,"1",300,72.45,"0"
"req_001360","2026-10-02 21:00:42",21,"/api/v1/products","GET",69,19.52,25,47.75,0,16.52,"1",200,45.08,"0"
"req_001361","2026-10-02 21:03:03",21,"/api/v1/users","GET",18,2.36,25.96,45.13,3,44.61,"0",150,132.81,"0"
"req_001362","2026-10-02 21:04:46",21,"/api/v1/checkout","POST",39,11.18,31.63,42.86,7,23.93,"0",500,329.07,"0"
"req_001363","2026-10-02 21:09:10",21,"/api/v1/products","POST",32,6.53,16.46,43.86,3,10.12,"0",200,104.75,"0"
"req_001364","2026-10-02 21:09:35",21,"/api/v1/users","POST",67,3,28.35,37.27,3,23.8,"0",150,112.31,"0"
"req_001365","2026-10-02 21:09:42",21,"/api/v1/checkout","POST",48,7.96,34.21,40.03,8,37.1,"0",500,359.82,"0"
"req_001366","2026-10-02 21:10:23",21,"/api/v1/users","POST",46,5.83,33.46,45.08,2,34.81,"0",150,111.73,"0"
"req_001367","2026-10-02 21:10:24",21,"/api/v1/products","GET",167,17.12,47.25,54.78,4,13.47,"0",200,186.05,"0"
"req_001368","2026-10-02 21:11:23",21,"/api/v1/products","GET",37,6.02,21.22,54.13,0,26.31,"1",200,47.48,"0"
"req_001369","2026-10-02 21:15:03",21,"/api/v1/checkout","POST",50,9.6,31.08,46.86,9,25.31,"0",500,418.82,"0"
"req_001370","2026-10-02 21:16:31",21,"/api/v1/products","POST",47,3.84,26.73,44.86,1,37.49,"0",200,108.77,"0"
"req_001371","2026-10-02 21:17:08",21,"/api/v1/users","GET",35,2.3,21.89,47.18,2,36.35,"0",150,111.57,"0"
"req_001372","2026-10-02 21:18:13",21,"/api/v1/search","GET",87,11.49,27.58,45.71,8,49.07,"0",300,309.53,"1"
"req_001373","2026-10-02 21:18:39",21,"/api/v1/products","GET",81,3.68,26.61,46.12,0,39.45,"1",200,57.7,"0"
"req_001374","2026-10-02 21:19:38",21,"/api/v1/users","GET",195,3.72,76.08,50.75,0,37.36,"1",150,88.88,"0"
"req_001375","2026-10-02 21:23:05",21,"/api/v1/users","GET",49,1.74,23.67,48.67,0,34.32,"1",150,46.26,"0"
"req_001376","2026-10-02 21:29:52",21,"/api/v1/products","GET",56,6.13,19.52,53.81,0,53.92,"1",200,74.88,"0"
"req_001377","2026-10-02 21:30:24",21,"/api/v1/users","GET",59,5.78,39.68,50.81,0,30.26,"1",150,30.71,"0"
"req_001378","2026-10-02 21:32:11",21,"/api/v1/products","GET",179,4.57,48.87,43.35,0,63.57,"1",200,80.17,"0"
"req_001379","2026-10-02 21:32:12",21,"/api/v1/users","GET",31,5.11,32.11,35.99,1,16.19,"0",150,81.16,"0"
"req_001380","2026-10-02 21:33:37",21,"/api/v1/reports","GET",47,2.41,33.23,40.76,12,34.26,"0",800,562.71,"0"
"req_001381","2026-10-02 21:34:35",21,"/api/v1/products","GET",43,4.44,41.15,53.01,1,34.6,"0",200,114.41,"0"
"req_001382","2026-10-02 21:40:40",21,"/api/v1/checkout","POST",23,10.52,40.16,52.9,2,27.72,"0",500,256.14,"0"
"req_001383","2026-10-02 21:41:20",21,"/api/v1/products","GET",49,1.8,37.64,44.87,0,55.28,"1",200,75.57,"0"
"req_001384","2026-10-02 21:44:32",21,"/api/v1/products","GET",19,5.93,27.93,44.32,0,47.2,"1",200,63.93,"0"
"req_001385","2026-10-02 21:45:44",21,"/api/v1/search","GET",23,0.65,25.21,52.3,1,22.09,"0",300,131.81,"0"
"req_001386","2026-10-02 21:46:12",21,"/api/v1/products","GET",48,32.49,23.01,43.14,0,38.32,"1",200,55.06,"0"
"req_001387","2026-10-02 21:49:05",21,"/api/v1/products","POST",135,2.4,49.23,53.39,4,37.97,"0",200,217.94,"1"
"req_001388","2026-10-02 21:50:21",21,"/api/v1/search","GET",73,0.67,32.26,39.36,3,33.12,"0",300,197.47,"0"
"req_001389","2026-10-02 21:53:31",21,"/api/v1/products","GET",163,5.65,53.49,56.14,0,69.24,"1",200,100.07,"0"
"req_001390","2026-10-02 21:55:06",21,"/api/v1/users","POST",24,6.52,25.92,55.67,3,52.52,"0",150,148.48,"0"
"req_001391","2026-10-02 21:56:53",21,"/api/v1/users","GET",114,4.28,37.8,50.01,0,24.82,"1",150,43.83,"0"
"req_001392","2026-10-02 21:57:16",21,"/api/v1/checkout","POST",156,13.7,48.78,48.74,1,66.9,"0",500,340.11,"0"
"req_001393","2026-10-02 21:57:38",21,"/api/v1/products","GET",21,12.63,27.81,51.46,0,33.45,"1",200,50.26,"0"
"req_001394","2026-10-02 22:00:25",22,"/api/v1/users","GET",10,4.64,13.88,44.98,0,27.94,"1",150,30.97,"0"
"req_001395","2026-10-02 22:02:30",22,"/api/v1/products","GET",37,9.34,32.02,52.49,1,31.23,"0",200,108.33,"0"
"req_001396","2026-10-02 22:02:57",22,"/api/v1/users","GET",71,25.15,36.92,45.23,0,39.29,"1",150,51.49,"0"
"req_001397","2026-10-02 22:05:28",22,"/api/v1/users","GET",58,1.74,30.2,46.83,0,75.57,"1",150,85.2,"0"
"req_001398","2026-10-02 22:07:44",22,"/api/v1/products","GET",76,10.66,39.42,55.52,0,35.54,"1",200,57.11,"0"
"req_001399","2026-10-02 22:09:04",22,"/api/v1/search","GET",16,2.58,22.55,49.37,0,45.54,"1",300,79.71,"0"
"req_001400","2026-10-02 22:09:19",22,"/api/v1/users","GET",28,8.08,20.55,34.41,0,30.61,"1",150,53.05,"0"
"req_001401","2026-10-02 22:10:54",22,"/api/v1/search","GET",115,4.81,44.86,50.98,0,43.84,"1",300,71.35,"0"
"req_001402","2026-10-02 22:14:44",22,"/api/v1/products","GET",48,5.38,17.87,51.9,0,30.52,"1",200,45.09,"0"
"req_001403","2026-10-02 22:14:44",22,"/api/v1/search","GET",42,5.81,36.98,42.09,4,26.46,"0",300,197.51,"0"
"req_001404","2026-10-02 22:16:39",22,"/api/v1/users","GET",55,5.41,43.13,40.52,0,35.4,"1",150,53.19,"0"
"req_001405","2026-10-02 22:19:25",22,"/api/v1/products","GET",97,7.76,21.36,40.84,2,35.45,"0",200,134.03,"0"
"req_001406","2026-10-02 22:24:42",22,"/api/v1/products","POST",9,8.39,33.69,36.3,2,47.79,"0",200,139.53,"0"
"req_001407","2026-10-02 22:25:02",22,"/api/v1/users","GET",13,4.99,35.23,42.71,0,19.05,"1",150,28.2,"0"
"req_001408","2026-10-02 22:31:30",22,"/api/v1/search","POST",79,8.53,30.14,51.42,3,47.63,"0",300,205.14,"0"
"req_001409","2026-10-02 22:32:09",22,"/api/v1/products","GET",173,9.18,45.24,45.19,0,29.03,"1",200,49.4,"0"
"req_001410","2026-10-02 22:35:41",22,"/api/v1/users","GET",41,2.95,15.73,41.41,0,37.53,"1",150,45.21,"0"
"req_001411","2026-10-02 22:36:16",22,"/api/v1/products","GET",30,34.68,35.41,35.95,3,32.54,"0",200,176.69,"0"
"req_001412","2026-10-02 22:43:32",22,"/api/v1/users","GET",44,1.53,40.31,44.69,1,32.89,"0",150,94.12,"0"
"req_001413","2026-10-02 22:44:25",22,"/api/v1/products","GET",26,3.83,33.24,47.42,1,42.61,"0",200,117.9,"0"
"req_001414","2026-10-02 22:45:47",22,"/api/v1/products","GET",24,3.12,35.51,38.15,4,39.25,"0",200,172.38,"0"
"req_001415","2026-10-02 22:49:43",22,"/api/v1/products","POST",18,0.89,26,37.14,3,32.45,"0",200,133.57,"0"
"req_001416","2026-10-02 22:51:02",22,"/api/v1/users","POST",63,23.2,33.77,55.19,1,32.51,"0",150,111.49,"0"
"req_001417","2026-10-02 22:58:46",22,"/api/v1/search","GET",49,2.97,25.7,38.33,1,44.67,"0",300,167.61,"0"
"req_001418","2026-10-02 22:59:24",22,"/api/v1/products","GET",21,2.41,35.79,40.9,0,55.03,"1",200,70.07,"0"
"req_001419","2026-10-02 23:04:28",23,"/api/v1/users","POST",39,0.88,19.23,48.1,1,29.4,"0",150,83.65,"0"
"req_001420","2026-10-02 23:08:59",23,"/api/v1/checkout","POST",64,14.57,33.63,47.44,10,56.17,"0",500,502.45,"1"
"req_001421","2026-10-02 23:16:17",23,"/api/v1/users","GET",24,2.14,30.34,36.52,0,62.59,"1",150,66.6,"0"
"req_001422","2026-10-02 23:22:00",23,"/api/v1/users","GET",19,8.88,15.9,51.28,2,37.62,"0",150,103.95,"0"
"req_001423","2026-10-02 23:22:27",23,"/api/v1/reports","GET",49,4.39,23,38.3,8,45.4,"0",800,530.7,"0"
"req_001424","2026-10-02 23:25:35",23,"/api/v1/checkout","POST",65,17.22,24.64,53.53,5,30,"0",500,297.41,"0"
"req_001425","2026-10-02 23:27:54",23,"/api/v1/users","GET",22,0.81,31.91,46.16,1,25.19,"0",150,80.66,"0"
"req_001426","2026-10-02 23:32:13",23,"/api/v1/reports","GET",11,3.04,39.57,39.48,11,42.13,"0",800,644.72,"0"
"req_001427","2026-10-02 23:33:40",23,"/api/v1/products","GET",64,1.84,35.31,50.88,0,28.64,"1",200,44.67,"0"
"req_001428","2026-10-02 23:36:32",23,"/api/v1/products","GET",30,12.36,33.8,50.68,2,23.85,"0",200,115.95,"0"
"req_001429","2026-10-02 23:36:38",23,"/api/v1/checkout","PUT",160,9.33,40.27,59.58,7,21.22,"0",500,388.73,"0"
"req_001430","2026-10-02 23:44:23",23,"/api/v1/checkout","PUT",49,2.12,34.39,52.74,6,41.48,"0",500,332.55,"0"
"req_001431","2026-10-02 23:45:47",23,"/api/v1/users","POST",99,21.62,51.86,51.32,1,68.69,"0",150,164.82,"1"
"req_001432","2026-10-02 23:46:23",23,"/api/v1/reports","GET",60,7.5,40.15,38.87,11,30.36,"0",800,614.06,"0"
"req_001433","2026-10-02 23:47:41",23,"/api/v1/reports","GET",42,1.75,35.06,48.08,15,29.94,"0",800,670.05,"0"
"req_001434","2026-10-02 23:48:02",23,"/api/v1/checkout","POST",105,2.58,35.42,53.39,6,49.97,"0",500,343.82,"0"
"req_001435","2026-10-02 23:57:34",23,"/api/v1/users","POST",73,7.68,32.64,59.89,2,56.24,"0",150,140.21,"0"
"req_001436","2026-10-02 23:58:50",23,"/api/v1/search","GET",43,9.99,16.71,33.69,3,43.55,"0",300,200.87,"0"
"req_001437","2026-10-02 23:59:00",23,"/api/v1/products","GET",108,1.15,43.67,35.05,2,11.21,"0",200,131.63,"0"
"req_001438","2026-10-03 00:01:15",0,"/api/v1/reports","GET",135,2.2,49.7,49.28,9,42.43,"0",800,597.71,"0"
"req_001439","2026-10-03 00:01:20",0,"/api/v1/products","GET",56,1.39,29.18,42.66,1,38.08,"0",200,116.51,"0"
"req_001440","2026-10-03 00:03:40",0,"/api/v1/users","POST",91,1.5,48.95,48.08,2,14.12,"0",150,100.22,"0"
"req_001441","2026-10-03 00:03:45",0,"/api/v1/search","POST",23,10.32,17.54,37.16,6,50.21,"0",300,237.66,"0"
"req_001442","2026-10-03 00:07:06",0,"/api/v1/products","GET",81,4,29.18,50.56,0,32.41,"1",200,46.84,"0"
"req_001443","2026-10-03 00:07:26",0,"/api/v1/reports","GET",54,8.28,41.3,52.18,6,17.79,"0",800,484.07,"0"
"req_001444","2026-10-03 00:08:02",0,"/api/v1/search","GET",123,1.04,43.02,52.68,3,43.81,"0",300,190.28,"0"
"req_001445","2026-10-03 00:09:37",0,"/api/v1/users","POST",48,1.31,32.11,52.85,1,29.46,"0",150,94.22,"0"
"req_001446","2026-10-03 00:11:12",0,"/api/v1/search","GET",45,20.52,34.05,45.83,5,39.72,"0",300,243.97,"0"
"req_001447","2026-10-03 00:12:42",0,"/api/v1/search","GET",17,4.76,41.54,47.92,5,16.5,"0",300,208.79,"0"
"req_001448","2026-10-03 00:12:56",0,"/api/v1/checkout","POST",82,11.67,43.26,54.85,2,50.1,"0",500,302.82,"0"
"req_001449","2026-10-03 00:16:47",0,"/api/v1/search","GET",66,2.86,17.22,47.12,5,22.36,"0",300,205.81,"0"
"req_001450","2026-10-03 00:20:24",0,"/api/v1/checkout","POST",48,5.58,22.32,40.07,5,56.37,"0",500,327.75,"0"
"req_001451","2026-10-03 00:20:27",0,"/api/v1/reports","GET",53,4.15,35.52,50.93,15,16.88,"0",800,721.29,"0"
"req_001452","2026-10-03 00:24:14",0,"/api/v1/search","GET",39,7.04,20.25,48.19,4,42.76,"0",300,189.75,"0"
"req_001453","2026-10-03 00:26:07",0,"/api/v1/search","GET",45,15.69,32.4,42.67,0,76.87,"1",300,110.58,"0"
"req_001454","2026-10-03 00:29:00",0,"/api/v1/users","GET",87,2.71,55.01,54.38,0,40.26,"1",150,58.23,"0"
"req_001455","2026-10-03 00:31:14",0,"/api/v1/products","GET",90,11.79,38.75,48.41,0,33.05,"1",200,52.28,"0"
"req_001456","2026-10-03 00:31:31",0,"/api/v1/reports","GET",24,10.36,32.02,45.2,13,36.72,"0",800,687.85,"0"
"req_001457","2026-10-03 00:35:59",0,"/api/v1/products","GET",19,3.44,27.6,36.32,1,38.27,"0",200,120.49,"0"
"req_001458","2026-10-03 00:36:01",0,"/api/v1/products","GET",67,1.82,27.56,63.58,0,35.47,"1",200,39.26,"0"
"req_001459","2026-10-03 00:36:41",0,"/api/v1/products","GET",19,16.15,34.66,43.3,0,34.14,"1",200,49.6,"0"
"req_001460","2026-10-03 00:39:03",0,"/api/v1/products","GET",43,1.58,23.55,47.87,2,23.1,"0",200,108.31,"0"
"req_001461","2026-10-03 00:39:42",0,"/api/v1/search","POST",58,3,31.86,44.67,6,26.98,"0",300,232.15,"0"
"req_001462","2026-10-03 00:43:07",0,"/api/v1/search","GET",65,1.17,31.67,42.16,0,24.98,"1",300,61.97,"0"
"req_001463","2026-10-03 00:43:15",0,"/api/v1/users","GET",58,5.41,34.24,46.24,0,48.18,"1",150,64.11,"0"
"req_001464","2026-10-03 00:43:27",0,"/api/v1/products","GET",47,2.44,22.76,47.77,0,45.03,"1",200,57.08,"0"
"req_001465","2026-10-03 00:43:42",0,"/api/v1/search","GET",66,4.64,40.5,41.55,2,26.98,"0",300,199.54,"0"
"req_001466","2026-10-03 00:45:30",0,"/api/v1/search","GET",106,1.68,44.24,61.35,0,52.4,"1",300,79.2,"0"
"req_001467","2026-10-03 00:47:46",0,"/api/v1/products","GET",49,21.88,29.54,57.51,0,37.73,"1",200,52.15,"0"
"req_001468","2026-10-03 00:48:27",0,"/api/v1/products","GET",62,3.23,29.4,40.66,0,28.9,"1",200,52.14,"0"
"req_001469","2026-10-03 00:50:09",0,"/api/v1/users","GET",53,2.36,32.7,52.24,0,14.14,"1",150,28.85,"0"
"req_001470","2026-10-03 00:50:13",0,"/api/v1/users","GET",118,5.48,46.47,54.41,1,51.43,"0",150,128.14,"0"
"req_001471","2026-10-03 01:01:17",1,"/api/v1/checkout","POST",129,5.56,29.72,65.02,3,52.27,"0",500,333.71,"0"
"req_001472","2026-10-03 01:04:52",1,"/api/v1/products","GET",26,3.63,24.63,37.69,0,37.61,"1",200,60.97,"0"
"req_001473","2026-10-03 01:07:38",1,"/api/v1/users","GET",198,0.61,67.19,54.7,0,27.5,"1",150,50.31,"0"
"req_001474","2026-10-03 01:08:18",1,"/api/v1/checkout","POST",96,4.46,35.58,46.23,9,14.27,"0",500,422.3,"0"
"req_001475","2026-10-03 01:09:39",1,"/api/v1/products","GET",38,2.71,31.68,46.37,0,50.83,"1",200,63.67,"0"
"req_001476","2026-10-03 01:10:51",1,"/api/v1/users","GET",20,1.18,28.91,45.61,0,25.61,"1",150,35.2,"0"
"req_001477","2026-10-03 01:14:03",1,"/api/v1/checkout","POST",55,25.99,49.28,51.52,5,65.31,"0",500,363.68,"0"
"req_001478","2026-10-03 01:18:06",1,"/api/v1/users","GET",196,8.18,43.97,64.43,1,30.55,"0",150,132.94,"0"
"req_001479","2026-10-03 01:18:20",1,"/api/v1/users","GET",56,32.09,34.95,41.87,0,31.85,"1",150,41.84,"0"
"req_001480","2026-10-03 01:18:35",1,"/api/v1/checkout","POST",28,8.24,35.61,52.31,2,28.85,"0",500,271.7,"0"
"req_001481","2026-10-03 01:20:27",1,"/api/v1/products","GET",61,6.13,27.78,40.56,0,25.89,"1",200,45.65,"0"
"req_001482","2026-10-03 01:21:34",1,"/api/v1/reports","GET",29,1.34,35.26,53.06,13,35.09,"0",800,687.94,"0"
"req_001483","2026-10-03 01:22:56",1,"/api/v1/reports","GET",32,2.42,27.86,47.9,4,35.93,"0",800,487.4,"0"
"req_001484","2026-10-03 01:25:19",1,"/api/v1/users","GET",36,2.98,13.46,42.55,0,34.42,"1",150,51.29,"0"
"req_001485","2026-10-03 01:27:26",1,"/api/v1/products","GET",122,3.37,44.74,64.41,0,24.65,"1",200,46.86,"0"
"req_001486","2026-10-03 01:28:28",1,"/api/v1/search","GET",24,2.73,32.79,45.46,0,46.99,"1",300,71.08,"0"
"req_001487","2026-10-03 01:34:29",1,"/api/v1/products","GET",26,19.23,25.06,43.89,3,23.64,"0",200,127.73,"0"
"req_001488","2026-10-03 01:38:27",1,"/api/v1/reports","GET",209,10.67,44.38,54.3,19,21.8,"0",800,788.72,"0"
"req_001489","2026-10-03 01:42:15",1,"/api/v1/products","GET",53,4.4,39.82,54.97,2,32.26,"0",200,129.63,"0"
"req_001490","2026-10-03 01:42:17",1,"/api/v1/search","GET",53,3.2,35.69,50.19,0,32.42,"1",300,58.81,"0"
"req_001491","2026-10-03 01:46:55",1,"/api/v1/search","GET",28,18.3,30.36,50.12,2,59,"0",300,204.23,"0"
"req_001492","2026-10-03 01:47:00",1,"/api/v1/products","GET",31,14.36,32.78,44.53,1,52.69,"0",200,131.98,"0"
"req_001493","2026-10-03 01:47:12",1,"/api/v1/products","GET",21,1.35,36.43,43.94,0,35.53,"1",200,51.25,"0"
"req_001494","2026-10-03 01:50:12",1,"/api/v1/users","GET",85,3.9,27.97,42.16,1,17.15,"0",150,90.22,"0"
"req_001495","2026-10-03 01:52:24",1,"/api/v1/users","GET",105,2.34,49.38,48.53,1,19.16,"0",150,90.31,"0"
"req_001496","2026-10-03 01:52:44",1,"/api/v1/search","GET",50,3.63,27.08,48.6,4,22.15,"0",300,183.38,"0"
"req_001497","2026-10-03 01:53:29",1,"/api/v1/search","GET",106,5.25,50.64,51.56,6,26.99,"0",300,275.25,"0"
"req_001498","2026-10-03 01:56:26",1,"/api/v1/search","GET",58,2.81,31.47,55.06,0,31.61,"1",300,63.55,"0"
"req_001499","2026-10-03 01:58:38",1,"/api/v1/users","GET",37,16.93,17.97,41.81,0,26.34,"1",150,41.85,"0"
"req_001500","2026-10-03 02:01:41",2,"/api/v1/products","GET",17,4.48,34.84,46.62,4,40.29,"0",200,152.42,"0"
"req_001501","2026-10-03 02:01:47",2,"/api/v1/products","GET",114,1.89,32.56,52.44,2,28.81,"0",200,123.37,"0"
"req_001502","2026-10-03 02:09:26",2,"/api/v1/reports","GET",21,1.06,19.07,51.59,16,32.24,"0",800,625.59,"0"
"req_001503","2026-10-03 02:17:09",2,"/api/v1/products","GET",74,13.13,32.06,57.34,0,9.15,"1",200,16.92,"0"
"req_001504","2026-10-03 02:20:04",2,"/api/v1/reports","GET",41,2.69,30.21,52.15,14,28.85,"0",800,646.18,"0"
"req_001505","2026-10-03 02:22:12",2,"/api/v1/users","GET",36,1.41,22.78,48.95,0,54.29,"1",150,70.15,"0"
"req_001506","2026-10-03 02:27:28",2,"/api/v1/search","GET",23,5.27,37.92,44.05,3,57.02,"0",300,205.83,"0"
"req_001507","2026-10-03 02:27:58",2,"/api/v1/search","GET",21,10.22,25.03,45.62,0,23.22,"1",300,44.49,"0"
"req_001508","2026-10-03 02:28:41",2,"/api/v1/products","GET",35,3.46,42.29,50.58,3,32.11,"0",200,126.54,"0"
"req_001509","2026-10-03 02:31:04",2,"/api/v1/products","GET",32,11,32.6,37.62,3,20.54,"0",200,107.43,"0"
"req_001510","2026-10-03 02:33:38",2,"/api/v1/users","GET",65,3.23,36.61,39.01,1,29.89,"0",150,94.88,"0"
"req_001511","2026-10-03 02:34:53",2,"/api/v1/search","GET",83,4.2,47.94,45.77,1,24.96,"0",300,170.99,"0"
"req_001512","2026-10-03 02:36:11",2,"/api/v1/products","GET",42,10.77,24.31,53.73,0,40.74,"1",200,49.72,"0"
"req_001513","2026-10-03 02:38:18",2,"/api/v1/search","GET",218,2.22,63.18,64.41,4,48.67,"0",300,280.59,"0"
"req_001514","2026-10-03 02:43:10",2,"/api/v1/products","GET",28,2.89,30.04,37.01,0,25.07,"1",200,45.76,"0"
"req_001515","2026-10-03 02:45:16",2,"/api/v1/reports","GET",23,0.93,16.28,63.19,12,18.34,"0",800,516.65,"0"
"req_001516","2026-10-03 02:47:28",2,"/api/v1/products","POST",52,3.78,33.77,47.53,1,34.44,"0",200,113.54,"0"
"req_001517","2026-10-03 02:51:06",2,"/api/v1/search","GET",95,1.18,36.95,53.08,0,85.52,"1",300,114.4,"0"
"req_001518","2026-10-03 03:01:26",3,"/api/v1/products","GET",23,6.03,36.81,46.18,0,30.11,"1",200,42.51,"0"
"req_001519","2026-10-03 03:09:49",3,"/api/v1/search","POST",70,7.53,40.09,48.58,2,55.31,"0",300,207.75,"0"
"req_001520","2026-10-03 03:12:32",3,"/api/v1/reports","GET",61,5.4,17.96,51.99,7,13.76,"0",800,484.07,"0"
"req_001521","2026-10-03 03:20:05",3,"/api/v1/search","GET",26,5.25,20.41,51.04,10,44.94,"0",300,346.61,"1"
"req_001522","2026-10-03 03:22:40",3,"/api/v1/users","GET",92,22.34,35.53,52.05,0,40.09,"1",150,62.26,"0"
"req_001523","2026-10-03 03:23:37",3,"/api/v1/users","GET",28,2.46,37.99,46.27,2,17.22,"0",150,96.7,"0"
"req_001524","2026-10-03 03:24:40",3,"/api/v1/search","GET",40,10.36,41.21,45.43,0,15.22,"1",300,51.94,"0"
"req_001525","2026-10-03 03:25:49",3,"/api/v1/users","GET",57,0.99,38.67,53.23,0,45.45,"1",150,50.54,"0"
"req_001526","2026-10-03 03:30:32",3,"/api/v1/products","GET",191,12.3,43.28,56.77,0,26.62,"1",200,38.52,"0"
"req_001527","2026-10-03 03:42:26",3,"/api/v1/users","GET",15,4.48,25.09,37.9,0,6.01,"1",150,13.34,"0"
"req_001528","2026-10-03 03:43:23",3,"/api/v1/search","GET",19,2.68,19.37,36.63,0,22.23,"1",300,49.6,"0"
"req_001529","2026-10-03 03:44:15",3,"/api/v1/checkout","POST",14,20.48,30.17,41.36,5,30.89,"0",500,323.12,"0"
"req_001530","2026-10-03 03:46:28",3,"/api/v1/checkout","POST",21,3.69,34.88,35.53,4,25.81,"0",500,316.02,"0"
"req_001531","2026-10-03 03:50:08",3,"/api/v1/users","POST",41,8.33,46.08,47.11,1,43.35,"0",150,109.5,"0"
"req_001532","2026-10-03 03:50:41",3,"/api/v1/checkout","POST",23,8.19,27.08,52.87,4,39.51,"0",500,307.3,"0"
"req_001533","2026-10-03 03:52:01",3,"/api/v1/users","GET",25,2.8,32.39,35.55,2,7.09,"0",150,82.07,"0"
"req_001534","2026-10-03 03:54:08",3,"/api/v1/search","GET",129,5.38,35.17,48.67,0,52.62,"1",300,92.18,"0"
"req_001535","2026-10-03 03:54:39",3,"/api/v1/products","GET",36,2.72,29.22,45.04,1,53.08,"0",200,121.38,"0"
"req_001536","2026-10-03 03:55:57",3,"/api/v1/reports","GET",50,0.67,25.47,63.34,11,26.22,"0",800,503.82,"0"
"req_001537","2026-10-03 03:55:59",3,"/api/v1/products","GET",60,2.16,22.67,54.84,2,69.71,"0",200,152.65,"0"
"req_001538","2026-10-03 03:57:41",3,"/api/v1/products","GET",13,0.55,29.3,41.57,1,39.77,"0",200,112.21,"0"
"req_001539","2026-10-03 03:57:58",3,"/api/v1/search","POST",5,3.88,36.63,43.37,3,38.8,"0",300,188.41,"0"
"req_001540","2026-10-03 03:58:01",3,"/api/v1/search","POST",78,6.05,39.92,44.09,3,44.07,"0",300,233.26,"0"
"req_001541","2026-10-03 03:58:31",3,"/api/v1/reports","GET",12,4.99,22.14,41.37,10,30.72,"0",800,552.63,"0"
"req_001542","2026-10-03 04:02:18",4,"/api/v1/checkout","PUT",70,1.19,48.16,50.89,8,21.75,"0",500,435.71,"0"
"req_001543","2026-10-03 04:07:32",4,"/api/v1/products","POST",53,12.41,31.5,55,2,18.09,"0",200,123.67,"0"
"req_001544","2026-10-03 04:10:20",4,"/api/v1/products","GET",47,2.8,26.77,36.58,3,31.98,"0",200,141.87,"0"
"req_001545","2026-10-03 04:11:08",4,"/api/v1/users","GET",40,1.11,24.43,50.74,0,44.01,"1",150,53.63,"0"
"req_001546","2026-10-03 04:14:43",4,"/api/v1/checkout","PUT",127,2.97,29.19,54.15,10,39.29,"0",500,447.9,"0"
"req_001547","2026-10-03 04:15:07",4,"/api/v1/products","GET",37,9.29,42.17,47.15,0,38.89,"1",200,54.78,"0"
"req_001548","2026-10-03 04:15:46",4,"/api/v1/search","POST",61,9.41,39.24,36.83,7,37.71,"0",300,313.76,"1"
"req_001549","2026-10-03 04:19:01",4,"/api/v1/checkout","POST",42,7.11,22.78,40.05,7,35.58,"0",500,317.46,"0"
"req_001550","2026-10-03 04:19:19",4,"/api/v1/search","GET",69,0.87,31.65,51.49,3,33.54,"0",300,209.05,"0"
"req_001551","2026-10-03 04:27:46",4,"/api/v1/users","GET",34,23.91,33.69,40.17,0,34.44,"1",150,52.01,"0"
"req_001552","2026-10-03 04:28:51",4,"/api/v1/checkout","POST",27,14.15,32.89,37.5,4,17.86,"0",500,290.37,"0"
"req_001553","2026-10-03 04:29:43",4,"/api/v1/search","GET",147,2.88,33.52,59.51,0,33.13,"1",300,67.84,"0"
"req_001554","2026-10-03 04:30:17",4,"/api/v1/users","GET",74,9.23,39.92,47.94,0,25.14,"1",150,36.25,"0"
"req_001555","2026-10-03 04:32:30",4,"/api/v1/search","GET",16,1.01,29.49,53.06,4,11.7,"0",300,188.01,"0"
"req_001556","2026-10-03 04:32:57",4,"/api/v1/search","GET",20,4.42,5,39.83,1,20.14,"0",300,136.99,"0"
"req_001557","2026-10-03 04:34:41",4,"/api/v1/products","GET",47,17.85,26.32,55.96,0,20.75,"1",200,27.3,"0"
"req_001558","2026-10-03 04:38:02",4,"/api/v1/users","GET",24,7.5,36.94,52.59,0,33.89,"1",150,48.28,"0"
"req_001559","2026-10-03 04:41:47",4,"/api/v1/users","POST",36,17.18,16.67,51.13,2,41.62,"0",150,129.9,"0"
"req_001560","2026-10-03 04:42:54",4,"/api/v1/search","GET",109,0.46,32.53,58.39,0,14.75,"1",300,47.05,"0"
"req_001561","2026-10-03 04:43:11",4,"/api/v1/users","POST",32,4.29,26.29,47.43,1,45.32,"0",150,96.3,"0"
"req_001562","2026-10-03 04:43:17",4,"/api/v1/reports","GET",37,9.51,41.35,47.48,9,25.5,"0",800,598.42,"0"
"req_001563","2026-10-03 04:45:02",4,"/api/v1/checkout","PUT",51,3.31,23.39,44.68,8,33.17,"0",500,379.37,"0"
"req_001564","2026-10-03 04:45:22",4,"/api/v1/products","GET",16,5.71,34.15,40.67,1,24.39,"0",200,104.42,"0"
"req_001565","2026-10-03 04:45:51",4,"/api/v1/products","GET",28,4.34,17.53,43.75,3,43.46,"0",200,158.79,"0"
"req_001566","2026-10-03 04:48:09",4,"/api/v1/search","GET",61,6.7,30.59,56.21,0,43.61,"1",300,63.99,"0"
"req_001567","2026-10-03 04:48:39",4,"/api/v1/products","GET",32,4.31,16.52,39.38,0,42.03,"1",200,52.64,"0"
"req_001568","2026-10-03 04:49:25",4,"/api/v1/reports","GET",31,4.29,27.56,42.55,13,38.06,"0",800,569.66,"0"
"req_001569","2026-10-03 04:49:49",4,"/api/v1/checkout","POST",25,3.4,24.77,41.2,7,34.79,"0",500,327.58,"0"
"req_001570","2026-10-03 04:52:37",4,"/api/v1/users","GET",21,3.9,33.07,41.43,1,32.12,"0",150,94.63,"0"
"req_001571","2026-10-03 04:56:49",4,"/api/v1/products","GET",50,5.23,36.82,54.69,0,41.11,"1",200,53.48,"0"
"req_001572","2026-10-03 04:59:43",4,"/api/v1/reports","POST",51,1.79,34.73,50.81,12,25.13,"0",800,604.99,"0"
"req_001573","2026-10-03 05:02:16",5,"/api/v1/products","POST",59,3.14,38.33,43.55,2,32.54,"0",200,120.52,"0"
"req_001574","2026-10-03 05:11:17",5,"/api/v1/products","GET",87,6.88,50.49,38.66,0,10.21,"1",200,19.6,"0"
"req_001575","2026-10-03 05:14:43",5,"/api/v1/users","GET",32,2.93,29.27,52.41,0,40.1,"1",150,54.63,"0"
"req_001576","2026-10-03 05:14:59",5,"/api/v1/search","GET",10,5.4,28.94,41.67,6,25.19,"0",300,187.25,"0"
"req_001577","2026-10-03 05:17:09",5,"/api/v1/users","POST",68,45.07,38.35,54,1,45.83,"0",150,145.96,"0"
"req_001578","2026-10-03 05:21:49",5,"/api/v1/products","GET",50,7.63,38.17,44.6,1,16.23,"0",200,102.45,"0"
"req_001579","2026-10-03 05:23:24",5,"/api/v1/reports","GET",36,1.19,31.95,50.73,10,2,"0",800,634.14,"0"
"req_001580","2026-10-03 05:23:44",5,"/api/v1/products","GET",95,5.65,25.35,53.54,2,43.57,"0",200,139.15,"0"
"req_001581","2026-10-03 05:26:27",5,"/api/v1/search","GET",16,9.32,38.53,40.23,7,11.64,"0",300,263.01,"0"
"req_001582","2026-10-03 05:31:30",5,"/api/v1/products","GET",54,0.75,45.73,33.7,0,38.11,"1",200,48.05,"0"
"req_001583","2026-10-03 05:34:49",5,"/api/v1/search","POST",62,4.75,39.22,45.03,7,30.37,"0",300,274.48,"0"
"req_001584","2026-10-03 05:40:25",5,"/api/v1/products","GET",127,5.61,51.8,47.09,0,40.07,"1",200,59.6,"0"
"req_001585","2026-10-03 05:44:50",5,"/api/v1/checkout","POST",282,34.82,64.87,63.28,4,44.71,"0",500,411.24,"0"
"req_001586","2026-10-03 05:45:36",5,"/api/v1/users","GET",121,18.19,50.5,49.1,0,36.42,"1",150,56.36,"0"
"req_001587","2026-10-03 05:54:15",5,"/api/v1/users","GET",46,1.26,27.18,39.21,0,45.14,"1",150,55.06,"0"
"req_001588","2026-10-03 05:56:30",5,"/api/v1/products","GET",69,4.75,26.94,42.37,0,42.82,"1",200,55.09,"0"
"req_001589","2026-10-03 05:59:46",5,"/api/v1/users","GET",168,3.8,60.19,52.6,0,32.07,"1",150,47.39,"0"
"req_001590","2026-10-03 06:02:02",6,"/api/v1/users","GET",30,2.28,25.5,38.66,0,24.89,"1",150,32.62,"0"
"req_001591","2026-10-03 06:03:09",6,"/api/v1/products","GET",36,8.1,13.21,49.11,0,14.9,"1",200,30.78,"0"
"req_001592","2026-10-03 06:11:03",6,"/api/v1/checkout","POST",17,5.6,26.19,30.94,8,40.05,"0",500,378.59,"0"
"req_001593","2026-10-03 06:11:17",6,"/api/v1/products","GET",18,1.17,25.02,54.59,0,41.19,"1",200,58.23,"0"
"req_001594","2026-10-03 06:12:33",6,"/api/v1/products","POST",25,0.7,30.5,44.01,1,17,"0",200,89.96,"0"
"req_001595","2026-10-03 06:14:59",6,"/api/v1/products","GET",15,4.37,33.72,38.52,2,34.02,"0",200,130.3,"0"
"req_001596","2026-10-03 06:20:14",6,"/api/v1/users","GET",52,39.19,38,49.1,0,82.06,"1",150,97.48,"0"
"req_001597","2026-10-03 06:26:23",6,"/api/v1/users","GET",134,1.5,36.77,52.36,0,54.96,"1",150,71.82,"0"
"req_001598","2026-10-03 06:27:30",6,"/api/v1/products","GET",19,8.27,33.73,42.39,0,31.03,"1",200,52.78,"0"
"req_001599","2026-10-03 06:31:24",6,"/api/v1/products","POST",9,2.35,16.86,41.25,4,32.22,"0",200,144.84,"0"
"req_001600","2026-10-03 06:33:58",6,"/api/v1/search","GET",59,1.7,30.69,44.31,1,57.24,"0",300,196.2,"0"
"req_001601","2026-10-03 06:35:34",6,"/api/v1/checkout","POST",22,4.22,24.62,31.3,5,21.85,"0",500,294.84,"0"
"req_001602","2026-10-03 06:36:01",6,"/api/v1/search","GET",16,18.99,28.23,51.94,8,25,"0",300,244.6,"0"
"req_001603","2026-10-03 06:36:26",6,"/api/v1/checkout","POST",39,3.94,37.42,43.64,5,29.28,"0",500,323.02,"0"
"req_001604","2026-10-03 06:38:34",6,"/api/v1/products","POST",86,5.03,27,45.4,5,44.64,"0",200,208.53,"1"
"req_001605","2026-10-03 06:39:44",6,"/api/v1/search","GET",18,0.53,13.15,41.32,0,21.09,"1",300,45,"0"
"req_001606","2026-10-03 06:44:33",6,"/api/v1/search","POST",32,3.02,27.11,48.29,6,20.73,"0",300,214.83,"0"
"req_001607","2026-10-03 06:45:16",6,"/api/v1/users","GET",53,13.99,35.5,54.66,0,34.72,"1",150,54.98,"0"
"req_001608","2026-10-03 06:46:44",6,"/api/v1/reports","GET",56,2.29,32.1,44.12,16,8.6,"0",800,631.23,"0"
"req_001609","2026-10-03 06:52:08",6,"/api/v1/products","GET",26,2.67,23.27,42.61,0,19.3,"1",200,29.04,"0"
"req_001610","2026-10-03 06:53:11",6,"/api/v1/users","GET",35,2.17,33.1,33.36,0,13.06,"1",150,22.47,"0"
"req_001611","2026-10-03 06:53:47",6,"/api/v1/users","GET",66,1.23,34.05,27.76,0,16.06,"1",150,24.92,"0"
"req_001612","2026-10-03 06:57:03",6,"/api/v1/users","GET",82,3.86,34.68,53.98,0,14.75,"1",150,28.95,"0"
"req_001613","2026-10-03 06:58:15",6,"/api/v1/users","POST",26,2.09,26.7,44.85,1,45.27,"0",150,101.56,"0"
"req_001614","2026-10-03 07:00:52",7,"/api/v1/reports","GET",23,6.7,31.72,37.79,11,20.31,"0",800,523.7,"0"
"req_001615","2026-10-03 07:02:10",7,"/api/v1/search","GET",35,1.63,15.74,50.12,5,44.34,"0",300,246.08,"0"
"req_001616","2026-10-03 07:03:08",7,"/api/v1/checkout","POST",24,1.87,26.86,37.23,7,23.02,"0",500,296.91,"0"
"req_001617","2026-10-03 07:05:16",7,"/api/v1/reports","POST",222,3.09,52.38,61.21,18,31.23,"0",800,808.97,"1"
"req_001618","2026-10-03 07:10:30",7,"/api/v1/search","GET",443,8.54,93.53,78.19,0,27.56,"1",300,362.22,"1"
"req_001619","2026-10-03 07:10:37",7,"/api/v1/search","GET",42,4.61,22.53,49.3,0,12.15,"1",300,36.81,"0"
"req_001620","2026-10-03 07:12:00",7,"/api/v1/reports","GET",16,11.23,45.31,48.64,19,27.43,"0",800,819.59,"1"
"req_001621","2026-10-03 07:12:57",7,"/api/v1/products","GET",87,3.32,37.61,46.49,0,28.02,"1",200,56.61,"0"
"req_001622","2026-10-03 07:13:33",7,"/api/v1/reports","GET",32,2.28,34.02,45.12,13,30.88,"0",800,593.01,"0"
"req_001623","2026-10-03 07:14:34",7,"/api/v1/reports","GET",23,0.83,22.74,44.73,12,47.88,"0",800,548.34,"0"
"req_001624","2026-10-03 07:14:59",7,"/api/v1/products","POST",20,8.13,21.42,38.38,2,38.21,"0",200,120.11,"0"
"req_001625","2026-10-03 07:15:43",7,"/api/v1/checkout","PUT",80,15.86,39.93,53.43,3,53.56,"0",500,312.49,"0"
"req_001626","2026-10-03 07:17:06",7,"/api/v1/checkout","POST",17,3.88,29.22,50.68,4,48.09,"0",500,307.71,"0"
"req_001627","2026-10-03 07:20:46",7,"/api/v1/search","GET",12,7.27,44.08,42.48,2,38.92,"0",300,181.97,"0"
"req_001628","2026-10-03 07:21:57",7,"/api/v1/users","GET",32,2.44,31.01,34.67,0,35.98,"1",150,42.81,"0"
"req_001629","2026-10-03 07:24:30",7,"/api/v1/products","GET",47,4.8,30.3,45.05,1,24.75,"0",200,98.93,"0"
"req_001630","2026-10-03 07:27:03",7,"/api/v1/users","GET",80,12.77,40.99,45.84,1,17.17,"0",150,84.93,"0"
"req_001631","2026-10-03 07:28:33",7,"/api/v1/products","GET",140,4.04,42.31,60.69,0,70.15,"1",200,94.3,"0"
"req_001632","2026-10-03 07:31:14",7,"/api/v1/products","POST",51,1.93,26.02,52.57,3,41.65,"0",200,153.81,"0"
"req_001633","2026-10-03 07:33:58",7,"/api/v1/users","GET",16,2.2,23.09,49.65,1,43.09,"0",150,100.88,"0"
"req_001634","2026-10-03 07:38:38",7,"/api/v1/products","GET",59,0.89,32.85,57.12,2,42.32,"0",200,124.98,"0"
"req_001635","2026-10-03 07:43:01",7,"/api/v1/checkout","POST",99,1.68,39.11,53.32,3,39.94,"0",500,287.52,"0"
"req_001636","2026-10-03 07:48:04",7,"/api/v1/checkout","POST",25,1.86,22.41,41.39,7,51.47,"0",500,309.48,"0"
"req_001637","2026-10-03 07:49:03",7,"/api/v1/products","GET",23,9.21,34.14,42.84,0,14.81,"1",200,35.45,"0"
"req_001638","2026-10-03 07:52:09",7,"/api/v1/products","POST",44,2.28,17.64,52.32,2,41.39,"0",200,120.88,"0"
"req_001639","2026-10-03 07:54:50",7,"/api/v1/reports","GET",142,8.37,46.9,52.56,13,28.34,"0",800,724.5,"0"
"req_001640","2026-10-03 07:58:51",7,"/api/v1/reports","GET",62,10.09,38.14,50.41,9,20.45,"0",800,580.05,"0"
"req_001641","2026-10-03 08:02:05",8,"/api/v1/products","GET",76,9.2,32.51,51.47,1,50.66,"0",200,137.89,"0"
"req_001642","2026-10-03 08:02:45",8,"/api/v1/search","POST",16,4.43,21.17,50,4,95.52,"0",300,261.74,"0"
"req_001643","2026-10-03 08:04:23",8,"/api/v1/users","POST",108,31.06,40.41,46.5,4,11.76,"0",150,174.09,"1"
"req_001644","2026-10-03 08:12:45",8,"/api/v1/products","GET",23,6.84,12.44,50.57,0,35.19,"1",200,44.62,"0"
"req_001645","2026-10-03 08:15:26",8,"/api/v1/users","GET",39,20.54,36.52,40.11,0,33.04,"1",150,55.48,"0"
"req_001646","2026-10-03 08:17:14",8,"/api/v1/products","GET",27,12.81,30.09,55.09,0,33.83,"1",200,54.92,"0"
"req_001647","2026-10-03 08:20:42",8,"/api/v1/products","POST",33,14.05,15.64,41.17,1,45.56,"0",200,119.72,"0"
"req_001648","2026-10-03 08:21:30",8,"/api/v1/reports","GET",24,1.69,13.11,52.56,13,10.97,"0",800,580.72,"0"
"req_001649","2026-10-03 08:25:27",8,"/api/v1/users","GET",86,1.89,41.17,51.67,0,10.91,"1",150,31.79,"0"
"req_001650","2026-10-03 08:34:02",8,"/api/v1/products","GET",34,4.59,45.66,51.71,0,36.35,"1",200,54.48,"0"
"req_001651","2026-10-03 08:34:02",8,"/api/v1/checkout","POST",20,3.29,27.34,55.32,7,25.72,"0",500,350.66,"0"
"req_001652","2026-10-03 08:37:01",8,"/api/v1/products","GET",377,5.28,76.32,68.69,0,48.16,"1",200,130.39,"0"
"req_001653","2026-10-03 08:39:04",8,"/api/v1/products","GET",63,1.2,56.81,48.09,0,31.72,"1",200,54.26,"0"
"req_001654","2026-10-03 08:42:47",8,"/api/v1/reports","GET",60,6.29,45.59,53.23,9,26.52,"0",800,612.26,"0"
"req_001655","2026-10-03 08:43:00",8,"/api/v1/products","GET",14,3.12,14.74,52.96,0,29.44,"1",200,31.71,"0"
"req_001656","2026-10-03 08:44:05",8,"/api/v1/search","GET",74,2.34,16.54,54.21,3,24.65,"0",300,177.25,"0"
"req_001657","2026-10-03 08:48:17",8,"/api/v1/users","GET",85,1.75,48.87,60.77,0,21.12,"1",150,33.51,"0"
"req_001658","2026-10-03 08:49:35",8,"/api/v1/users","GET",46,2.67,39.64,36.32,0,30.02,"1",150,54.37,"0"
"req_001659","2026-10-03 08:49:58",8,"/api/v1/users","GET",12,14.45,34.48,47.91,0,23.02,"1",150,36.23,"0"
"req_001660","2026-10-03 08:51:29",8,"/api/v1/reports","GET",104,6.58,50.79,56.17,15,17.3,"0",800,678.68,"0"
"req_001661","2026-10-03 08:51:38",8,"/api/v1/users","GET",211,2.33,56.97,53.33,0,35.86,"1",150,55.28,"0"
"req_001662","2026-10-03 08:52:14",8,"/api/v1/reports","GET",42,4.31,20.32,44.74,14,27.16,"0",800,670.96,"0"
"req_001663","2026-10-03 08:52:43",8,"/api/v1/search","GET",32,17.82,29.63,33.14,7,42.39,"0",300,306.25,"1"
"req_001664","2026-10-03 08:57:05",8,"/api/v1/search","POST",46,1.45,22.1,39.71,7,42.53,"0",300,271.5,"0"
"req_001665","2026-10-03 09:00:12",9,"/api/v1/users","GET",162,11.17,52.82,54.34,1,39.19,"0",150,124.2,"0"
"req_001666","2026-10-03 09:03:00",9,"/api/v1/products","GET",22,5.97,40.62,31.84,0,24.63,"1",200,42.63,"0"
"req_001667","2026-10-03 09:14:41",9,"/api/v1/checkout","POST",84,2,31.01,45.24,11,43.27,"0",500,410.26,"0"
"req_001668","2026-10-03 09:15:28",9,"/api/v1/users","GET",12,1.1,28.5,59.62,0,25.01,"1",150,31.97,"0"
"req_001669","2026-10-03 09:18:31",9,"/api/v1/products","GET",22,16.8,17.38,39.87,1,21.9,"0",200,99.71,"0"
"req_001670","2026-10-03 09:19:32",9,"/api/v1/search","GET",12,1.06,23.84,47.82,0,38.89,"1",300,56.24,"0"
"req_001671","2026-10-03 09:20:02",9,"/api/v1/products","GET",53,2.43,38.75,49.85,1,49.75,"0",200,126.84,"0"
"req_001672","2026-10-03 09:20:59",9,"/api/v1/products","GET",22,4.18,33.75,49.14,0,21.96,"1",200,36.26,"0"
"req_001673","2026-10-03 09:21:58",9,"/api/v1/search","GET",20,1.76,25.44,47.68,0,45.83,"1",300,71.2,"0"
"req_001674","2026-10-03 09:23:41",9,"/api/v1/products","GET",23,8.51,18.88,40.06,0,30.06,"1",200,48.05,"0"
"req_001675","2026-10-03 09:28:59",9,"/api/v1/users","GET",30,7.66,32.17,36.43,0,15.31,"1",150,25.81,"0"
"req_001676","2026-10-03 09:29:45",9,"/api/v1/products","GET",39,2.92,24.22,46.8,0,22.75,"1",200,32.59,"0"
"req_001677","2026-10-03 09:40:01",9,"/api/v1/checkout","PUT",154,6.45,36.08,46.73,6,24.69,"0",500,346.75,"0"
"req_001678","2026-10-03 09:42:07",9,"/api/v1/products","GET",115,10.56,40.87,43.6,0,28.75,"1",200,52.38,"0"
"req_001679","2026-10-03 09:43:07",9,"/api/v1/products","GET",34,2.82,33.41,50.75,1,37.81,"0",200,111.17,"0"
"req_001680","2026-10-03 09:44:02",9,"/api/v1/reports","GET",77,4.61,22.16,49.16,18,32.15,"0",800,673.23,"0"
"req_001681","2026-10-03 09:46:37",9,"/api/v1/checkout","PUT",49,6.13,24.28,46.14,7,20.3,"0",500,300.05,"0"
"req_001682","2026-10-03 09:46:43",9,"/api/v1/checkout","POST",33,1.68,37.61,47.62,6,42.09,"0",500,319.61,"0"
"req_001683","2026-10-03 09:47:41",9,"/api/v1/products","GET",63,2.85,39.98,42.28,1,25.21,"0",200,104.75,"0"
"req_001684","2026-10-03 09:49:14",9,"/api/v1/products","POST",49,7.17,29.15,38.77,2,27.21,"0",200,109.23,"0"
"req_001685","2026-10-03 09:50:23",9,"/api/v1/products","GET",75,4.01,27.63,40.26,2,49.9,"0",200,131.6,"0"
"req_001686","2026-10-03 09:50:49",9,"/api/v1/users","GET",35,1.11,31.7,37.06,0,38.36,"1",150,48.35,"0"
"req_001687","2026-10-03 09:54:48",9,"/api/v1/users","GET",33,5.12,30.36,48.05,1,30.77,"0",150,91.63,"0"
"req_001688","2026-10-03 09:58:04",9,"/api/v1/products","POST",31,9.54,29.69,40.24,3,52.64,"0",200,150.88,"0"
"req_001689","2026-10-03 09:58:34",9,"/api/v1/users","GET",73,4.8,23.34,43.36,1,33.15,"0",150,103.67,"0"
"req_001690","2026-10-03 10:00:53",10,"/api/v1/search","GET",62,13.2,38.06,38.74,6,20.86,"0",300,271.34,"0"
"req_001691","2026-10-03 10:02:09",10,"/api/v1/products","GET",81,3.84,40.19,50.6,0,41.94,"1",200,60.85,"0"
"req_001692","2026-10-03 10:03:01",10,"/api/v1/users","GET",28,2.43,26.08,40.03,0,21.91,"1",150,41.46,"0"
"req_001693","2026-10-03 10:03:47",10,"/api/v1/products","POST",32,3.87,35.27,41.32,2,25.29,"0",200,103.48,"0"
"req_001694","2026-10-03 10:04:10",10,"/api/v1/checkout","POST",18,12.92,31.56,51.68,9,39.51,"0",500,370.16,"0"
"req_001695","2026-10-03 10:07:49",10,"/api/v1/products","GET",15,2.31,27.27,48.96,1,37.32,"0",200,108.96,"0"
"req_001696","2026-10-03 10:10:49",10,"/api/v1/checkout","POST",71,8.27,38.19,59.91,4,38.03,"0",500,307.83,"0"
"req_001697","2026-10-03 10:11:27",10,"/api/v1/checkout","POST",15,11.78,19.96,37.07,8,49.51,"0",500,341.03,"0"
"req_001698","2026-10-03 10:13:29",10,"/api/v1/products","GET",33,47.83,19.39,48.82,0,7.4,"1",200,25,"0"
"req_001699","2026-10-03 10:15:05",10,"/api/v1/checkout","POST",46,0.57,37.54,32.37,9,26.09,"0",500,364.34,"0"
"req_001700","2026-10-03 10:15:31",10,"/api/v1/products","POST",19,2.3,23.89,52.99,3,25.09,"0",200,110.79,"0"
"req_001701","2026-10-03 10:17:10",10,"/api/v1/products","GET",200,4.98,64.5,55.32,1,57.09,"0",200,170.77,"0"
"req_001702","2026-10-03 10:17:18",10,"/api/v1/products","GET",50,2.32,33.16,56.11,0,25.51,"1",200,38.41,"0"
"req_001703","2026-10-03 10:19:39",10,"/api/v1/search","GET",52,14.18,19.46,54.61,0,63.02,"1",300,94.33,"0"
"req_001704","2026-10-03 10:22:39",10,"/api/v1/users","GET",60,18.61,45.89,43.27,0,18.78,"1",150,38.26,"0"
"req_001705","2026-10-03 10:22:50",10,"/api/v1/users","GET",39,4.3,46.74,47.6,0,29.31,"1",150,55.39,"0"
"req_001706","2026-10-03 10:22:57",10,"/api/v1/search","GET",14,2.81,31.47,38,6,14.12,"0",300,221.51,"0"
"req_001707","2026-10-03 10:24:23",10,"/api/v1/products","GET",52,11.55,36.7,50.84,0,16.56,"1",200,32.31,"0"
"req_001708","2026-10-03 10:27:17",10,"/api/v1/products","GET",15,0.87,17.67,31.07,0,52.85,"1",200,62.51,"0"
"req_001709","2026-10-03 10:27:48",10,"/api/v1/search","GET",66,3.13,43.44,46.84,5,31.64,"0",300,214.88,"0"
"req_001710","2026-10-03 10:37:28",10,"/api/v1/checkout","POST",41,4.82,20.2,40.15,5,40.89,"0",500,318.12,"0"
"req_001711","2026-10-03 10:40:25",10,"/api/v1/users","GET",57,31.01,19.26,43.79,0,34.76,"1",150,49.15,"0"
"req_001712","2026-10-03 10:40:56",10,"/api/v1/checkout","POST",22,1.13,14.63,54.92,7,48,"0",500,356.06,"0"
"req_001713","2026-10-03 10:41:24",10,"/api/v1/checkout","PUT",47,4.16,34.14,39.13,4,35.68,"0",500,323.24,"0"
"req_001714","2026-10-03 10:41:29",10,"/api/v1/checkout","POST",33,1.62,36.97,48.54,5,19.3,"0",500,298.85,"0"
"req_001715","2026-10-03 10:48:43",10,"/api/v1/users","GET",63,2.28,29.58,54.28,0,63.33,"1",150,64.94,"0"
"req_001716","2026-10-03 10:50:14",10,"/api/v1/products","GET",38,4.93,33.78,43.18,0,61.72,"1",200,82.77,"0"
"req_001717","2026-10-03 10:50:52",10,"/api/v1/checkout","PUT",45,7.42,29.63,43.54,9,9.1,"0",500,363.25,"0"
"req_001718","2026-10-03 10:52:06",10,"/api/v1/products","GET",31,3.43,20.04,33.44,0,34.31,"1",200,50.47,"0"
"req_001719","2026-10-03 10:52:09",10,"/api/v1/users","POST",17,10.38,40.76,49.83,3,19.13,"0",150,126.42,"0"
"req_001720","2026-10-03 10:52:32",10,"/api/v1/checkout","POST",44,3.59,27.62,32.79,6,55.93,"0",500,325,"0"
"req_001721","2026-10-03 10:54:02",10,"/api/v1/search","GET",44,1.71,30.29,34.16,10,58.21,"0",300,314.32,"1"
"req_001722","2026-10-03 10:55:48",10,"/api/v1/search","POST",45,9.77,21.76,51.77,3,19.53,"0",300,165.21,"0"
"req_001723","2026-10-03 11:00:16",11,"/api/v1/search","GET",19,1.44,33.45,52.1,5,23.55,"0",300,218.4,"0"
"req_001724","2026-10-03 11:00:53",11,"/api/v1/products","GET",93,2.58,13.91,47.38,0,44.02,"1",200,65.47,"0"
"req_001725","2026-10-03 11:01:41",11,"/api/v1/search","GET",71,2.08,30.63,57.25,0,18.93,"1",300,40.25,"0"
"req_001726","2026-10-03 11:03:37",11,"/api/v1/users","GET",37,2.86,46.83,46.15,0,19.95,"1",150,23.97,"0"
"req_001727","2026-10-03 11:06:01",11,"/api/v1/search","POST",71,12.4,48.84,50.01,3,18.34,"0",300,228.23,"0"
"req_001728","2026-10-03 11:11:11",11,"/api/v1/checkout","PUT",15,20.07,14.62,30.55,3,45.91,"0",500,284.81,"0"
"req_001729","2026-10-03 11:15:21",11,"/api/v1/users","GET",8,4.36,20.41,40.78,0,53.91,"1",150,60.71,"0"
"req_001730","2026-10-03 11:16:24",11,"/api/v1/products","POST",56,11.48,17.89,37.26,1,37.33,"0",200,109.54,"0"
"req_001731","2026-10-03 11:17:34",11,"/api/v1/users","GET",147,10.3,49.63,64.44,1,41.2,"0",150,126.93,"0"
"req_001732","2026-10-03 11:18:15",11,"/api/v1/search","GET",29,1.67,27.29,34.29,4,35.03,"0",300,228.04,"0"
"req_001733","2026-10-03 11:19:33",11,"/api/v1/reports","GET",48,4.31,26.68,47.59,7,52.16,"0",800,528.19,"0"
"req_001734","2026-10-03 11:22:39",11,"/api/v1/products","GET",73,10.73,32.35,39.84,0,46.5,"1",200,54.77,"0"
"req_001735","2026-10-03 11:23:41",11,"/api/v1/checkout","POST",92,3.96,50.69,65.15,8,46.57,"0",500,413.5,"0"
"req_001736","2026-10-03 11:28:47",11,"/api/v1/products","GET",15,3.27,21.16,49.85,1,44.89,"0",200,98.86,"0"
"req_001737","2026-10-03 11:29:35",11,"/api/v1/products","GET",45,0.94,37.28,47.49,0,38.35,"1",200,42.36,"0"
"req_001738","2026-10-03 11:31:21",11,"/api/v1/checkout","PUT",21,2.62,30.16,49.14,9,35.18,"0",500,370.81,"0"
"req_001739","2026-10-03 11:34:09",11,"/api/v1/reports","POST",37,11.72,33.31,38.3,11,42.32,"0",800,590.43,"0"
"req_001740","2026-10-03 11:39:18",11,"/api/v1/products","GET",26,10.27,23.66,37.48,0,17.71,"1",200,35.4,"0"
"req_001741","2026-10-03 11:43:32",11,"/api/v1/search","GET",39,4.87,28.85,43.33,0,18.91,"1",300,52.89,"0"
"req_001742","2026-10-03 11:44:59",11,"/api/v1/products","GET",36,3.83,24.38,45.64,0,45.27,"1",200,60.72,"0"
"req_001743","2026-10-03 11:46:17",11,"/api/v1/products","GET",18,2.38,38.72,49.1,5,53.7,"0",200,192.93,"0"
"req_001744","2026-10-03 11:48:10",11,"/api/v1/products","POST",34,4.66,13.64,43.93,2,62.83,"0",200,132.53,"0"
"req_001745","2026-10-03 11:49:01",11,"/api/v1/search","GET",86,2.61,41.8,45.75,0,35.44,"1",300,66.89,"0"
"req_001746","2026-10-03 11:51:21",11,"/api/v1/products","POST",37,2.33,43.59,42.05,1,41.08,"0",200,113.51,"0"
"req_001747","2026-10-03 11:53:37",11,"/api/v1/users","GET",19,2.1,32.48,44.56,0,22.72,"1",150,41.55,"0"
"req_001748","2026-10-03 11:53:54",11,"/api/v1/search","GET",46,21.31,31.67,47.17,0,17.85,"1",300,46.76,"0"
"req_001749","2026-10-03 11:58:29",11,"/api/v1/users","GET",15,2.5,29.05,50.56,1,25.29,"0",150,69.97,"0"
"req_001750","2026-10-03 11:59:38",11,"/api/v1/products","POST",24,4.39,28.87,44.39,1,39.96,"0",200,106.62,"0"
"req_001751","2026-10-03 12:00:04",12,"/api/v1/products","GET",37,8.12,34.93,38.78,0,29.32,"1",200,46.67,"0"
"req_001752","2026-10-03 12:00:27",12,"/api/v1/search","GET",23,1.04,34.57,42.83,0,33.24,"1",300,58.59,"0"
"req_001753","2026-10-03 12:03:36",12,"/api/v1/products","GET",36,3.84,13.58,47.38,0,24.49,"1",200,40.92,"0"
"req_001754","2026-10-03 12:04:03",12,"/api/v1/search","GET",108,5.78,52.09,46.17,4,58.87,"0",300,268.24,"0"
"req_001755","2026-10-03 12:05:21",12,"/api/v1/reports","GET",11,1.54,28.69,56.95,13,45.78,"0",800,698.39,"0"
"req_001756","2026-10-03 12:05:58",12,"/api/v1/products","GET",11,1.95,31.09,37.6,0,17.76,"1",200,36.84,"0"
"req_001757","2026-10-03 12:07:10",12,"/api/v1/checkout","POST",45,14.45,27.3,53.21,8,24.88,"0",500,365.62,"0"
"req_001758","2026-10-03 12:07:26",12,"/api/v1/users","GET",33,49.18,17.34,41.86,0,31.38,"1",150,48.64,"0"
"req_001759","2026-10-03 12:10:29",12,"/api/v1/products","GET",39,7.88,29.29,48.92,0,43.46,"1",200,44.29,"0"
"req_001760","2026-10-03 12:11:30",12,"/api/v1/users","GET",64,1.01,41.82,50.25,0,27.01,"1",150,41.36,"0"
"req_001761","2026-10-03 12:13:16",12,"/api/v1/products","GET",98,6.16,39.49,47.14,0,52.93,"1",200,68.6,"0"
"req_001762","2026-10-03 12:13:43",12,"/api/v1/products","POST",35,4.52,24.43,43.58,1,6.54,"0",200,83.56,"0"
"req_001763","2026-10-03 12:15:59",12,"/api/v1/reports","GET",92,2.21,44.78,50.96,12,34.44,"0",800,608.41,"0"
"req_001764","2026-10-03 12:20:26",12,"/api/v1/products","POST",156,4.58,60.55,57.77,3,36,"0",200,168.98,"0"
"req_001765","2026-10-03 12:20:38",12,"/api/v1/reports","GET",20,14.23,22.53,40.78,10,40.37,"0",800,548.26,"0"
"req_001766","2026-10-03 12:22:38",12,"/api/v1/reports","GET",102,1.95,48.41,51.67,7,29.51,"0",800,582.3,"0"
"req_001767","2026-10-03 12:25:15",12,"/api/v1/products","GET",162,3.76,44.8,55.28,0,54.84,"1",200,85.74,"0"
"req_001768","2026-10-03 12:25:45",12,"/api/v1/users","GET",83,3.33,42.45,41.92,0,25.67,"1",150,44.35,"0"
"req_001769","2026-10-03 12:27:17",12,"/api/v1/products","GET",87,4.45,50.75,43.99,0,15.55,"1",200,33.01,"0"
"req_001770","2026-10-03 12:27:54",12,"/api/v1/checkout","POST",21,0.4,24.33,40.35,2,30.69,"0",500,260.63,"0"
"req_001771","2026-10-03 12:28:43",12,"/api/v1/reports","GET",51,7.6,45.79,46.36,18,25.2,"0",800,717.99,"0"
"req_001772","2026-10-03 12:28:58",12,"/api/v1/search","GET",59,5.2,21.23,33.05,0,47.72,"1",300,76.86,"0"
"req_001773","2026-10-03 12:29:26",12,"/api/v1/search","GET",38,4.05,25.76,45.43,6,34.81,"0",300,195.86,"0"
"req_001774","2026-10-03 12:31:12",12,"/api/v1/search","POST",24,3.7,21.31,40.4,2,17.11,"0",300,151.75,"0"
"req_001775","2026-10-03 12:35:33",12,"/api/v1/search","POST",52,3.31,29.57,30.53,5,48.9,"0",300,246.64,"0"
"req_001776","2026-10-03 12:38:55",12,"/api/v1/products","GET",23,3.51,38.06,45.49,0,15.88,"1",200,32.77,"0"
"req_001777","2026-10-03 12:39:34",12,"/api/v1/users","POST",117,10.28,30.54,60.17,3,30.68,"0",150,135.29,"0"
"req_001778","2026-10-03 12:43:03",12,"/api/v1/users","POST",150,2.69,58.67,60.61,2,12.53,"0",150,106.8,"0"
"req_001779","2026-10-03 12:43:28",12,"/api/v1/reports","GET",51,3.68,51.13,41.92,16,31.81,"0",800,733.26,"0"
"req_001780","2026-10-03 12:46:44",12,"/api/v1/users","GET",14,2.28,19.07,43.93,0,42.07,"1",150,49.71,"0"
"req_001781","2026-10-03 12:48:44",12,"/api/v1/users","GET",92,3.95,40.23,47.45,2,49.43,"0",150,142.74,"0"
"req_001782","2026-10-03 12:50:05",12,"/api/v1/products","GET",23,1.02,39.83,51.38,0,53.86,"1",200,71.9,"0"
"req_001783","2026-10-03 12:50:54",12,"/api/v1/reports","GET",96,66.7,38.85,56.76,17,47.42,"0",800,872.73,"1"
"req_001784","2026-10-03 12:58:35",12,"/api/v1/users","GET",162,1.52,49.49,54.77,0,46.79,"1",150,80.01,"0"
"req_001785","2026-10-03 12:59:50",12,"/api/v1/users","GET",57,6.08,33.28,41.85,0,44.02,"1",150,68.63,"0"
"req_001786","2026-10-03 13:00:43",13,"/api/v1/users","GET",70,21.24,23.6,46.33,0,33.77,"1",150,50.47,"0"
"req_001787","2026-10-03 13:06:10",13,"/api/v1/search","GET",43,9.89,18.85,41.08,8,42.22,"0",300,253.3,"0"
"req_001788","2026-10-03 13:08:40",13,"/api/v1/search","GET",31,5.03,18.39,45.64,5,51.39,"0",300,237.62,"0"
"req_001789","2026-10-03 13:09:39",13,"/api/v1/products","GET",23,3.38,21.27,44.8,0,30.67,"1",200,54.43,"0"
"req_001790","2026-10-03 13:12:53",13,"/api/v1/users","GET",41,3.48,29.51,41.5,1,35.51,"0",150,103.67,"0"
"req_001791","2026-10-03 13:15:25",13,"/api/v1/search","GET",127,3.32,40.25,51.52,0,20.61,"1",300,53.09,"0"
"req_001792","2026-10-03 13:15:32",13,"/api/v1/checkout","POST",76,0.99,42.06,42.64,6,6.86,"0",500,325.11,"0"
"req_001793","2026-10-03 13:17:03",13,"/api/v1/checkout","PUT",38,3.58,33.94,46.84,1,30.44,"0",500,244.19,"0"
"req_001794","2026-10-03 13:24:02",13,"/api/v1/search","GET",21,2.12,23.43,52.69,0,42.34,"1",300,57.86,"0"
"req_001795","2026-10-03 13:25:33",13,"/api/v1/users","POST",35,0.79,32.63,38.37,1,29.05,"0",150,101.12,"0"
"req_001796","2026-10-03 13:25:42",13,"/api/v1/products","GET",23,3.35,24.9,44.86,0,16.33,"1",200,21.75,"0"
"req_001797","2026-10-03 13:25:58",13,"/api/v1/reports","GET",75,1.86,27.7,46.26,10,24.13,"0",800,640.36,"0"
"req_001798","2026-10-03 13:31:53",13,"/api/v1/products","GET",16,1.88,20.54,43.77,0,35.52,"1",200,59.41,"0"
"req_001799","2026-10-03 13:32:58",13,"/api/v1/reports","GET",51,3.14,47.9,43.51,15,44.87,"0",800,791.29,"0"
"req_001800","2026-10-03 13:33:43",13,"/api/v1/products","GET",105,0.98,37.04,36.53,0,10.98,"1",200,23.92,"0"
"req_001801","2026-10-03 13:34:16",13,"/api/v1/checkout","POST",68,1.43,54.87,55.12,9,37.13,"0",500,398.71,"0"
"req_001802","2026-10-03 13:37:16",13,"/api/v1/users","GET",37,2.15,34.96,40.67,0,51.19,"1",150,55.25,"0"
"req_001803","2026-10-03 13:40:39",13,"/api/v1/users","GET",97,2.17,38.86,51.61,0,28.48,"1",150,36.5,"0"
"req_001804","2026-10-03 13:41:06",13,"/api/v1/reports","GET",221,11.66,58.56,64.64,12,36.46,"0",800,697.92,"0"
"req_001805","2026-10-03 13:41:58",13,"/api/v1/users","GET",44,1.65,35.15,47.7,0,39.58,"1",150,49.39,"0"
"req_001806","2026-10-03 13:44:43",13,"/api/v1/search","GET",24,1.92,35.45,39.52,0,39.38,"1",300,71.28,"0"
"req_001807","2026-10-03 13:45:20",13,"/api/v1/users","GET",34,4.93,53.79,39.15,1,38.3,"0",150,115.86,"0"
"req_001808","2026-10-03 13:46:31",13,"/api/v1/products","GET",105,5.06,38.58,58.59,0,55.11,"1",200,82.79,"0"
"req_001809","2026-10-03 13:46:47",13,"/api/v1/reports","GET",154,11.48,57.2,57.72,16,38.03,"0",800,817.45,"1"
"req_001810","2026-10-03 13:46:54",13,"/api/v1/search","GET",37,4.52,19.3,50.67,0,42.77,"1",300,72.87,"0"
"req_001811","2026-10-03 13:48:50",13,"/api/v1/products","POST",33,3.96,30.69,50.9,1,7.45,"0",200,89.41,"0"
"req_001812","2026-10-03 13:53:01",13,"/api/v1/users","GET",34,8.25,35.56,54.61,0,46.84,"1",150,65.55,"0"
"req_001813","2026-10-03 13:57:54",13,"/api/v1/users","GET",16,2.86,25.68,39.08,0,20.52,"1",150,38.07,"0"
"req_001814","2026-10-03 13:58:14",13,"/api/v1/search","GET",54,19.32,27.56,37.35,4,20.46,"0",300,198.96,"0"
"req_001815","2026-10-03 13:59:16",13,"/api/v1/users","GET",81,2.08,37.36,59.74,1,32.07,"0",150,103.45,"0"
"req_001816","2026-10-03 13:59:37",13,"/api/v1/users","GET",42,2.2,39.91,41.68,0,19.96,"1",150,28.13,"0"
"req_001817","2026-10-03 14:00:10",14,"/api/v1/search","GET",105,2,31.8,45.45,6,34.66,"0",300,239.57,"0"
"req_001818","2026-10-03 14:00:19",14,"/api/v1/products","GET",62,4.36,44.54,47.87,0,56.02,"1",200,65.23,"0"
"req_001819","2026-10-03 14:01:03",14,"/api/v1/products","GET",58,7.99,27.68,54.55,2,29.01,"0",200,118.07,"0"
"req_001820","2026-10-03 14:06:14",14,"/api/v1/checkout","POST",73,4.32,38.71,50.23,6,36.92,"0",500,395.77,"0"
"req_001821","2026-10-03 14:07:28",14,"/api/v1/search","GET",59,1.51,32.8,55.15,0,16.54,"1",300,63.89,"0"
"req_001822","2026-10-03 14:12:22",14,"/api/v1/checkout","POST",26,7.93,37.5,34.56,6,45.83,"0",500,339.12,"0"
"req_001823","2026-10-03 14:12:31",14,"/api/v1/search","GET",142,19.81,39.29,57.95,4,28.34,"0",300,242.7,"0"
"req_001824","2026-10-03 14:14:13",14,"/api/v1/users","GET",26,7.27,32.38,46.4,1,36.04,"0",150,97.35,"0"
"req_001825","2026-10-03 14:21:07",14,"/api/v1/checkout","POST",16,1.53,22.43,48.75,7,30.2,"0",500,336.79,"0"
"req_001826","2026-10-03 14:22:14",14,"/api/v1/products","GET",30,10.38,25.59,47.58,0,30.74,"1",200,45.44,"0"
"req_001827","2026-10-03 14:23:54",14,"/api/v1/search","GET",52,1.22,18.16,40.85,1,31.11,"0",300,153.24,"0"
"req_001828","2026-10-03 14:23:59",14,"/api/v1/products","GET",20,4.4,15.4,47.38,0,49.18,"1",200,69.95,"0"
"req_001829","2026-10-03 14:25:13",14,"/api/v1/checkout","POST",99,3.02,43.65,53.31,4,17.07,"0",500,300.2,"0"
"req_001830","2026-10-03 14:31:51",14,"/api/v1/checkout","PUT",53,8.94,43.96,57.33,5,59.79,"0",500,358.03,"0"
"req_001831","2026-10-03 14:37:17",14,"/api/v1/products","POST",20,7.86,28.93,28.17,3,50.31,"0",200,152.84,"0"
"req_001832","2026-10-03 14:40:21",14,"/api/v1/checkout","PUT",191,2.14,58.7,58.2,7,32.03,"0",500,418.69,"0"
"req_001833","2026-10-03 14:46:01",14,"/api/v1/users","GET",45,0.61,31.07,52.51,0,45.26,"1",150,58.77,"0"
"req_001834","2026-10-03 14:48:48",14,"/api/v1/products","GET",19,8.54,27.63,45.21,3,31.13,"0",200,133.56,"0"
"req_001835","2026-10-03 14:54:37",14,"/api/v1/search","GET",50,2.84,33.23,46.17,7,34.29,"0",300,240.09,"0"
"req_001836","2026-10-03 14:55:01",14,"/api/v1/search","POST",184,2.96,57.83,54.94,3,52.94,"0",300,262.98,"0"
"req_001837","2026-10-03 14:58:21",14,"/api/v1/search","GET",24,3,35.49,45.13,5,22.71,"0",300,193.84,"0"
"req_001838","2026-10-03 14:58:48",14,"/api/v1/search","GET",15,19.46,41.7,52.79,4,30.63,"0",300,218.8,"0"
"req_001839","2026-10-03 15:01:18",15,"/api/v1/products","GET",30,1.56,42.98,47.79,0,33.33,"1",200,52.43,"0"
"req_001840","2026-10-03 15:09:51",15,"/api/v1/reports","GET",62,2.12,35.25,51.19,11,54.55,"0",800,590.71,"0"
"req_001841","2026-10-03 15:10:32",15,"/api/v1/reports","GET",36,2.91,30.96,50.01,11,43.92,"0",800,613.19,"0"
"req_001842","2026-10-03 15:10:45",15,"/api/v1/search","GET",60,1.59,29.96,47.35,2,24.17,"0",300,165.51,"0"
"req_001843","2026-10-03 15:15:10",15,"/api/v1/products","GET",26,4.22,26.44,47.45,1,28.51,"0",200,106.96,"0"
"req_001844","2026-10-03 15:18:02",15,"/api/v1/reports","GET",62,3.28,25.81,54.43,12,37.29,"0",800,693.5,"0"
"req_001845","2026-10-03 15:24:07",15,"/api/v1/products","GET",63,2.86,45.64,40.97,0,37.98,"1",200,50.49,"0"
"req_001846","2026-10-03 15:24:29",15,"/api/v1/search","POST",41,6.56,44.38,41.75,1,32.56,"0",300,167.96,"0"
"req_001847","2026-10-03 15:24:56",15,"/api/v1/search","GET",54,8.33,31.73,36.7,7,62.69,"0",300,267.51,"0"
"req_001848","2026-10-03 15:35:35",15,"/api/v1/checkout","POST",55,3.69,42.07,44.24,3,31.97,"0",500,303.93,"0"
"req_001849","2026-10-03 15:41:24",15,"/api/v1/search","GET",61,4.5,35.81,28.05,0,31.48,"1",300,65.26,"0"
"req_001850","2026-10-03 15:43:43",15,"/api/v1/checkout","POST",125,1.69,43.61,57.38,7,34.21,"0",500,371.1,"0"
"req_001851","2026-10-03 15:44:03",15,"/api/v1/checkout","POST",103,6.03,52.63,58.43,8,25.11,"0",500,353.65,"0"
"req_001852","2026-10-03 15:45:21",15,"/api/v1/users","GET",212,3.6,53.49,56.64,0,31.78,"1",150,59.95,"0"
"req_001853","2026-10-03 15:46:47",15,"/api/v1/products","GET",219,3.42,46.86,57.95,1,35.05,"0",200,139.68,"0"
"req_001854","2026-10-03 15:47:35",15,"/api/v1/reports","GET",38,2.57,35.73,46.12,9,29.06,"0",800,602.41,"0"
"req_001855","2026-10-03 15:48:10",15,"/api/v1/users","GET",49,5.74,27.79,46.6,0,43.24,"1",150,54.59,"0"
"req_001856","2026-10-03 15:48:31",15,"/api/v1/checkout","POST",21,11.77,32,35.6,4,24.64,"0",500,288.3,"0"
"req_001857","2026-10-03 15:50:14",15,"/api/v1/products","GET",12,7.18,17.6,44.64,2,27.97,"0",200,94.94,"0"
"req_001858","2026-10-03 15:56:32",15,"/api/v1/checkout","POST",97,3.63,33.75,51.81,5,45.56,"0",500,355.32,"0"
"req_001859","2026-10-03 15:56:49",15,"/api/v1/checkout","POST",59,6.59,23.09,49.5,4,44.81,"0",500,320.25,"0"
"req_001860","2026-10-03 15:57:54",15,"/api/v1/search","POST",500,3.38,99.5,88.58,6,27.92,"0",300,3225.81,"1"
"req_001861","2026-10-03 15:58:20",15,"/api/v1/search","GET",47,4.62,33.83,42.34,1,41.9,"0",300,180.74,"0"
"req_001862","2026-10-03 15:59:53",15,"/api/v1/reports","GET",38,13.68,34.86,51.23,13,58.73,"0",800,585.55,"0"
"req_001863","2026-10-03 16:01:49",16,"/api/v1/checkout","POST",82,0.77,52.7,56.21,7,42.87,"0",500,373.47,"0"
"req_001864","2026-10-03 16:02:47",16,"/api/v1/users","GET",14,6.35,33.38,33.36,0,46.13,"1",150,47.5,"0"
"req_001865","2026-10-03 16:03:35",16,"/api/v1/search","GET",24,6.17,28.37,39.03,0,53.35,"1",300,82.07,"0"
"req_001866","2026-10-03 16:04:10",16,"/api/v1/checkout","POST",101,6.46,39.37,46.12,2,42.37,"0",500,295.53,"0"
"req_001867","2026-10-03 16:04:29",16,"/api/v1/products","GET",54,1.3,28.55,55.28,0,42.17,"1",200,63.66,"0"
"req_001868","2026-10-03 16:06:29",16,"/api/v1/search","GET",57,19.49,27.61,52.13,8,28.37,"0",300,291.08,"0"
"req_001869","2026-10-03 16:09:29",16,"/api/v1/search","GET",49,25.03,30.92,46.96,7,23.98,"0",300,295.65,"0"
"req_001870","2026-10-03 16:11:42",16,"/api/v1/checkout","POST",18,2.36,24.52,41.85,7,24.22,"0",500,299.82,"0"
"req_001871","2026-10-03 16:12:29",16,"/api/v1/products","POST",12,4.72,42,36.11,3,39.55,"0",200,150.14,"0"
"req_001872","2026-10-03 16:13:29",16,"/api/v1/search","GET",13,3.12,41.53,37.38,7,46.83,"0",300,247.84,"0"
"req_001873","2026-10-03 16:14:50",16,"/api/v1/search","GET",78,3.85,29.38,36.3,2,26.75,"0",300,170.77,"0"
"req_001874","2026-10-03 16:14:58",16,"/api/v1/search","GET",43,3.39,10.79,50.06,4,11.01,"0",300,167.01,"0"
"req_001875","2026-10-03 16:15:33",16,"/api/v1/checkout","POST",43,11.7,25.55,32.61,6,31.2,"0",500,339.98,"0"
"req_001876","2026-10-03 16:20:10",16,"/api/v1/products","GET",89,15.16,33.94,44.33,0,23.33,"1",200,50.38,"0"
"req_001877","2026-10-03 16:23:10",16,"/api/v1/products","GET",109,2.42,50.09,40.48,0,40.19,"1",200,62.65,"0"
"req_001878","2026-10-03 16:26:14",16,"/api/v1/products","GET",16,13.58,24.15,39.77,0,13.96,"1",200,29.03,"0"
"req_001879","2026-10-03 16:31:14",16,"/api/v1/products","GET",64,5.49,27.63,56.51,0,37.03,"1",200,60.67,"0"
"req_001880","2026-10-03 16:33:42",16,"/api/v1/products","GET",150,3.09,55.62,52.58,0,59.07,"1",200,73.26,"0"
"req_001881","2026-10-03 16:34:03",16,"/api/v1/products","GET",159,4.71,54.19,63.67,0,29.6,"1",200,64.53,"0"
"req_001882","2026-10-03 16:39:02",16,"/api/v1/checkout","POST",45,7.45,29.42,37.02,9,27.32,"0",500,381.07,"0"
"req_001883","2026-10-03 16:40:11",16,"/api/v1/products","POST",90,4.61,37.64,59.78,1,53.06,"0",200,128.05,"0"
"req_001884","2026-10-03 16:42:37",16,"/api/v1/products","GET",77,45.19,31.5,50.12,1,33.5,"0",200,142.07,"0"
"req_001885","2026-10-03 16:42:59",16,"/api/v1/checkout","POST",168,5.72,48.08,56.42,5,32.13,"0",500,346.3,"0"
"req_001886","2026-10-03 16:46:58",16,"/api/v1/search","GET",167,1.23,56.81,48.63,5,24.15,"0",300,236.48,"0"
"req_001887","2026-10-03 16:51:00",16,"/api/v1/users","POST",22,2.81,22.22,39.13,2,39.42,"0",150,112.2,"0"
"req_001888","2026-10-03 16:51:38",16,"/api/v1/products","GET",25,3.24,39.04,39.61,0,49.72,"1",200,54.12,"0"
"req_001889","2026-10-03 16:52:11",16,"/api/v1/products","GET",212,2.51,62.79,67.31,1,33.32,"0",200,152.54,"0"
"req_001890","2026-10-03 16:52:25",16,"/api/v1/checkout","POST",62,1.98,26.63,38.78,6,16.42,"0",500,322.66,"0"
"req_001891","2026-10-03 16:53:45",16,"/api/v1/search","GET",33,4.7,36.48,48.24,0,59.23,"1",300,88.24,"0"
"req_001892","2026-10-03 16:55:07",16,"/api/v1/checkout","POST",69,11.61,39.42,42.45,9,52.11,"0",500,434.66,"0"
"req_001893","2026-10-03 17:01:52",17,"/api/v1/products","GET",34,0.41,18.64,45,3,53.85,"0",200,150.61,"0"
"req_001894","2026-10-03 17:03:45",17,"/api/v1/products","GET",75,7.4,37.64,46.67,0,43.29,"1",200,71.06,"0"
"req_001895","2026-10-03 17:07:02",17,"/api/v1/users","GET",27,10.31,32.2,51.37,0,55.31,"1",150,70.41,"0"
"req_001896","2026-10-03 17:08:17",17,"/api/v1/users","GET",70,8.25,22.99,47.17,0,17.55,"1",150,36.73,"0"
"req_001897","2026-10-03 17:08:34",17,"/api/v1/checkout","POST",130,2.24,49.04,56.89,10,19.83,"0",500,385.43,"0"
"req_001898","2026-10-03 17:09:33",17,"/api/v1/products","GET",65,1.22,19.2,43.91,0,36.17,"1",200,54.39,"0"
"req_001899","2026-10-03 17:10:32",17,"/api/v1/users","GET",53,18.1,34.36,40.94,0,37.69,"1",150,51.83,"0"
"req_001900","2026-10-03 17:10:51",17,"/api/v1/products","GET",11,11.3,13.27,39.5,0,19.74,"1",200,26.44,"0"
"req_001901","2026-10-03 17:13:30",17,"/api/v1/reports","GET",38,0.63,12.25,45.23,11,66.66,"0",800,567.64,"0"
"req_001902","2026-10-03 17:13:39",17,"/api/v1/checkout","POST",46,1.1,33.9,46.62,6,15.16,"0",500,330.92,"0"
"req_001903","2026-10-03 17:22:57",17,"/api/v1/reports","GET",66,1.73,28.75,51.79,13,36.76,"0",800,543.4,"0"
"req_001904","2026-10-03 17:23:45",17,"/api/v1/search","GET",36,1.26,26.11,40.95,0,28.14,"1",300,54.58,"0"
"req_001905","2026-10-03 17:24:00",17,"/api/v1/products","GET",42,26.71,20.37,42.84,0,40.79,"1",200,48.13,"0"
"req_001906","2026-10-03 17:24:16",17,"/api/v1/reports","GET",57,16.04,30.34,42.86,12,50.79,"0",800,674.91,"0"
"req_001907","2026-10-03 17:24:59",17,"/api/v1/products","GET",27,6.2,24.19,44.11,0,46.1,"1",200,63.87,"0"
"req_001908","2026-10-03 17:25:30",17,"/api/v1/search","GET",51,5.69,37.48,33.36,0,44.74,"1",300,65.34,"0"
"req_001909","2026-10-03 17:25:54",17,"/api/v1/products","GET",47,3.58,26.26,53.34,0,22.26,"1",200,25.95,"0"
"req_001910","2026-10-03 17:26:11",17,"/api/v1/reports","GET",16,2.24,23.11,36.64,12,33.97,"0",800,578.18,"0"
"req_001911","2026-10-03 17:29:17",17,"/api/v1/search","GET",30,4.59,27.66,46.43,0,36.04,"1",300,56.2,"0"
"req_001912","2026-10-03 17:29:43",17,"/api/v1/products","GET",38,34.6,23.93,43.28,1,60.01,"0",200,147.98,"0"
"req_001913","2026-10-03 17:31:25",17,"/api/v1/checkout","POST",38,1.32,23.82,38.37,8,42.06,"0",500,367.28,"0"
"req_001914","2026-10-03 17:34:23",17,"/api/v1/users","GET",18,13.77,27.68,39.41,0,36.66,"1",150,41.61,"0"
"req_001915","2026-10-03 17:35:05",17,"/api/v1/checkout","POST",80,13.95,38.02,53.44,10,24.66,"0",500,383.22,"0"
"req_001916","2026-10-03 17:35:06",17,"/api/v1/products","GET",108,4,38.44,64.62,0,38.78,"1",200,51.79,"0"
"req_001917","2026-10-03 17:37:23",17,"/api/v1/reports","POST",39,7.11,27.24,43.96,22,50.84,"0",800,764.8,"0"
"req_001918","2026-10-03 17:39:35",17,"/api/v1/reports","POST",18,2.81,30.2,48.29,14,48.85,"0",800,554.49,"0"
"req_001919","2026-10-03 17:41:16",17,"/api/v1/checkout","POST",68,1.15,42.4,48.12,6,46,"0",500,369.19,"0"
"req_001920","2026-10-03 17:45:22",17,"/api/v1/users","GET",67,11.3,36.66,41.86,0,22.05,"1",150,35.74,"0"
"req_001921","2026-10-03 17:45:41",17,"/api/v1/checkout","PUT",21,6.53,23.15,56.43,9,48.54,"0",500,401.87,"0"
"req_001922","2026-10-03 17:46:43",17,"/api/v1/reports","GET",39,8.48,39.51,45.35,13,29.08,"0",800,649.31,"0"
"req_001923","2026-10-03 17:48:09",17,"/api/v1/search","GET",57,19.78,30.78,53,0,57.04,"1",300,92.15,"0"
"req_001924","2026-10-03 17:48:52",17,"/api/v1/users","GET",17,3.57,10.62,46.77,0,52.5,"1",150,56,"0"
"req_001925","2026-10-03 17:52:41",17,"/api/v1/products","GET",42,7.02,39.05,44.66,0,20.64,"1",200,39.05,"0"
"req_001926","2026-10-03 17:53:47",17,"/api/v1/checkout","POST",13,6.57,40.51,49.6,8,7.25,"0",500,326.34,"0"
"req_001927","2026-10-03 17:58:44",17,"/api/v1/products","GET",41,8.49,31.4,58.37,0,43,"1",200,69.41,"0"
"req_001928","2026-10-03 17:59:19",17,"/api/v1/reports","GET",36,5.58,48.68,39.47,22,15.02,"0",800,617.02,"0"
"req_001929","2026-10-03 18:00:37",18,"/api/v1/search","GET",47,5.13,33.93,52.42,0,43.44,"1",300,65.43,"0"
"req_001930","2026-10-03 18:01:56",18,"/api/v1/products","POST",77,1.93,39.78,44.03,7,35.72,"0",200,170.17,"0"
"req_001931","2026-10-03 18:02:57",18,"/api/v1/reports","GET",35,1.69,16.62,42.96,11,25.99,"0",800,551.27,"0"
"req_001932","2026-10-03 18:03:20",18,"/api/v1/products","GET",177,12.87,54.69,53,0,14.29,"1",200,28.5,"0"
"req_001933","2026-10-03 18:10:58",18,"/api/v1/reports","GET",26,2.07,18.35,49.25,6,41.13,"0",800,501.28,"0"
"req_001934","2026-10-03 18:12:37",18,"/api/v1/search","POST",82,5.5,45.44,41.7,1,57.78,"0",300,211.52,"0"
"req_001935","2026-10-03 18:13:49",18,"/api/v1/products","POST",51,1.77,27.3,40.81,1,56.4,"0",200,125.03,"0"
"req_001936","2026-10-03 18:15:13",18,"/api/v1/users","POST",66,6.45,19.65,43.29,1,16.36,"0",150,76.8,"0"
"req_001937","2026-10-03 18:21:49",18,"/api/v1/products","GET",157,31.36,56.4,58.6,0,21.17,"1",200,40.17,"0"
"req_001938","2026-10-03 18:21:56",18,"/api/v1/search","POST",20,1.19,31.82,35,3,40.75,"0",300,180.25,"0"
"req_001939","2026-10-03 18:24:28",18,"/api/v1/reports","GET",97,9.36,48.01,41.76,12,61.46,"0",800,777.23,"0"
"req_001940","2026-10-03 18:25:26",18,"/api/v1/search","GET",17,1.86,26.58,36.41,3,12.72,"0",300,152.57,"0"
"req_001941","2026-10-03 18:25:30",18,"/api/v1/products","GET",61,15.43,29.22,45.91,2,73.87,"0",200,188.08,"0"
"req_001942","2026-10-03 18:25:47",18,"/api/v1/users","POST",14,3.87,26.65,35.47,2,26.53,"0",150,90.22,"0"
"req_001943","2026-10-03 18:27:00",18,"/api/v1/products","GET",24,1.04,29.19,34.59,0,28.24,"1",200,43.09,"0"
"req_001944","2026-10-03 18:27:29",18,"/api/v1/products","GET",28,1.92,38.55,50.37,3,41.77,"0",200,154.9,"0"
"req_001945","2026-10-03 18:33:11",18,"/api/v1/search","GET",9,3.7,23.34,41,6,42.13,"0",300,257.36,"0"
"req_001946","2026-10-03 18:37:20",18,"/api/v1/products","GET",34,4.75,31.01,50.25,0,40.07,"1",200,55.48,"0"
"req_001947","2026-10-03 18:37:31",18,"/api/v1/reports","GET",16,4.03,30.11,43.83,10,39.9,"0",800,574.98,"0"
"req_001948","2026-10-03 18:40:43",18,"/api/v1/products","GET",2,1.04,15.47,38.94,0,23.82,"1",200,38.29,"0"
"req_001949","2026-10-03 18:42:05",18,"/api/v1/reports","GET",39,2.4,18.1,42.9,16,38.86,"0",800,601.73,"0"
"req_001950","2026-10-03 18:45:31",18,"/api/v1/users","GET",74,3.32,19.43,36.84,0,38.25,"1",150,43.56,"0"
"req_001951","2026-10-03 18:52:57",18,"/api/v1/search","GET",18,11.08,40.06,34.93,0,8.11,"1",300,39.03,"0"
"req_001952","2026-10-03 18:54:35",18,"/api/v1/search","POST",28,0.74,26.21,54.66,3,13.11,"0",300,157.52,"0"
"req_001953","2026-10-03 18:56:10",18,"/api/v1/checkout","PUT",51,2,44.64,35.99,7,70.5,"0",500,390.47,"0"
"req_001954","2026-10-03 18:59:20",18,"/api/v1/checkout","POST",36,1.22,28.89,56.4,4,25.91,"0",500,273.91,"0"
"req_001955","2026-10-03 18:59:46",18,"/api/v1/search","GET",33,18.29,43.11,40.68,2,32.85,"0",300,180.08,"0"
"req_001956","2026-10-03 19:00:27",19,"/api/v1/products","GET",113,1.96,48.92,63.8,0,24.08,"1",200,39.84,"0"
"req_001957","2026-10-03 19:01:07",19,"/api/v1/users","POST",126,42.17,44.5,56,4,54.82,"0",150,210.26,"1"
"req_001958","2026-10-03 19:02:02",19,"/api/v1/checkout","POST",39,11.49,34.32,46.04,6,45.05,"0",500,369.18,"0"
"req_001959","2026-10-03 19:02:27",19,"/api/v1/products","GET",70,24.49,45.61,35.5,0,64.79,"1",200,90.52,"0"
"req_001960","2026-10-03 19:04:25",19,"/api/v1/products","GET",36,1.01,35.89,43.48,0,29.01,"1",200,56.63,"0"
"req_001961","2026-10-03 19:08:57",19,"/api/v1/checkout","POST",50,3.77,22.92,53.93,3,19.73,"0",500,262.8,"0"
"req_001962","2026-10-03 19:10:42",19,"/api/v1/products","GET",28,38.61,25.06,51.53,0,23.91,"1",200,36.54,"0"
"req_001963","2026-10-03 19:11:07",19,"/api/v1/users","GET",22,7.54,39.68,46.4,0,26.95,"1",150,39.21,"0"
"req_001964","2026-10-03 19:15:17",19,"/api/v1/search","GET",140,2.82,38.11,52.1,3,2.49,"0",300,191.81,"0"
"req_001965","2026-10-03 19:18:28",19,"/api/v1/checkout","POST",113,2.47,41.36,64.9,11,40.07,"0",500,387.72,"0"
"req_001966","2026-10-03 19:19:30",19,"/api/v1/products","GET",67,7.83,31.3,58.65,0,45.94,"1",200,68.89,"0"
"req_001967","2026-10-03 19:19:55",19,"/api/v1/products","GET",8,1.08,19.67,40.94,2,20.1,"0",200,100.94,"0"
"req_001968","2026-10-03 19:24:31",19,"/api/v1/search","GET",29,10.21,29.11,39.78,4,44.35,"0",300,217.77,"0"
"req_001969","2026-10-03 19:25:14",19,"/api/v1/products","GET",17,1.07,16.18,53.65,2,43.01,"0",200,134.86,"0"
"req_001970","2026-10-03 19:25:48",19,"/api/v1/users","GET",72,2.52,27.71,44.3,0,15.32,"1",150,23.89,"0"
"req_001971","2026-10-03 19:30:33",19,"/api/v1/checkout","PUT",69,3.31,29.42,48.46,5,40.75,"0",500,327.37,"0"
"req_001972","2026-10-03 19:30:58",19,"/api/v1/products","GET",28,5.72,34.87,43.57,0,39.4,"1",200,66.79,"0"
"req_001973","2026-10-03 19:32:50",19,"/api/v1/search","GET",98,11.78,36.07,50.73,5,34.96,"0",300,238.35,"0"
"req_001974","2026-10-03 19:34:02",19,"/api/v1/products","GET",86,11.08,48.81,57.7,0,36.89,"1",200,59.31,"0"
"req_001975","2026-10-03 19:35:03",19,"/api/v1/reports","GET",22,3.38,26.09,43.91,11,42.01,"0",800,572.95,"0"
"req_001976","2026-10-03 19:35:23",19,"/api/v1/users","GET",43,1.03,36.74,51.66,1,36.41,"0",150,111.89,"0"
"req_001977","2026-10-03 19:36:12",19,"/api/v1/checkout","POST",43,22.37,30.85,39.7,6,40.76,"0",500,341.08,"0"
"req_001978","2026-10-03 19:37:02",19,"/api/v1/search","GET",30,1.11,36.36,53.86,3,24.84,"0",300,186.21,"0"
"req_001979","2026-10-03 19:37:03",19,"/api/v1/checkout","POST",26,11.95,28.44,37.71,4,25.19,"0",500,295.61,"0"
"req_001980","2026-10-03 19:37:14",19,"/api/v1/search","GET",60,2.88,44.99,58.27,0,9.53,"1",300,46.26,"0"
"req_001981","2026-10-03 19:38:27",19,"/api/v1/checkout","POST",119,3.62,49.64,67.64,7,56.58,"0",500,331.11,"0"
"req_001982","2026-10-03 19:42:36",19,"/api/v1/products","GET",58,33.09,41.29,49.23,0,33.83,"1",200,51.59,"0"
"req_001983","2026-10-03 19:43:30",19,"/api/v1/products","GET",87,5.04,56.82,49.35,4,46.53,"0",200,194.17,"0"
"req_001984","2026-10-03 19:43:36",19,"/api/v1/products","GET",22,6.73,37.22,42.61,1,6.35,"0",200,73.51,"0"
"req_001985","2026-10-03 19:47:01",19,"/api/v1/users","GET",22,19.8,46.05,46.08,1,35.23,"0",150,102.69,"0"
"req_001986","2026-10-03 19:49:52",19,"/api/v1/products","GET",61,2.59,22.63,45.09,0,23.47,"1",200,36.27,"0"
"req_001987","2026-10-03 19:53:27",19,"/api/v1/checkout","POST",23,3.91,18.74,46.98,3,43.33,"0",500,285.05,"0"
"req_001988","2026-10-03 19:55:05",19,"/api/v1/search","POST",51,11.67,27,43.88,5,62.39,"0",300,263.85,"0"
"req_001989","2026-10-03 19:55:50",19,"/api/v1/checkout","POST",20,6.72,37.62,48.82,7,23.19,"0",500,312.86,"0"
"req_001990","2026-10-03 19:55:55",19,"/api/v1/search","GET",33,2.13,47.54,53.2,2,18.95,"0",300,159.74,"0"
"req_001991","2026-10-03 19:57:12",19,"/api/v1/search","GET",20,2.44,34.97,42.39,5,41.94,"0",300,211.26,"0"
"req_001992","2026-10-03 20:00:21",20,"/api/v1/reports","POST",39,2.37,42.04,33.2,8,26.98,"0",800,578.82,"0"
"req_001993","2026-10-03 20:00:57",20,"/api/v1/products","GET",29,7.56,28.36,40.24,1,33.26,"0",200,102.41,"0"
"req_001994","2026-10-03 20:03:09",20,"/api/v1/checkout","POST",100,3.3,33.18,44.37,3,27.36,"0",500,286.96,"0"
"req_001995","2026-10-03 20:04:36",20,"/api/v1/reports","GET",61,12.23,21.58,46.98,16,46.26,"0",800,725.3,"0"
"req_001996","2026-10-03 20:04:52",20,"/api/v1/products","POST",45,8.2,45.9,42.72,1,47.53,"0",200,137.58,"0"
"req_001997","2026-10-03 20:05:12",20,"/api/v1/products","GET",24,1.82,29.82,49.24,4,76.25,"0",200,200.57,"1"
"req_001998","2026-10-03 20:05:22",20,"/api/v1/products","GET",64,6.3,31.87,48.32,1,30.85,"0",200,110.76,"0"
"req_001999","2026-10-03 20:06:33",20,"/api/v1/users","GET",59,3.66,34.02,47.14,1,17.23,"0",150,84.63,"0"
"req_002000","2026-10-03 20:07:33",20,"/api/v1/reports","GET",28,3.75,37.49,48.92,12,55.58,"0",800,611.92,"0"
"req_002001","2026-10-03 20:07:49",20,"/api/v1/reports","GET",129,4.7,45.23,46.28,9,14.15,"0",800,583.17,"0"
"req_002002","2026-10-03 20:08:37",20,"/api/v1/users","POST",68,8.83,29.28,46.4,1,51.08,"0",150,132.89,"0"
"req_002003","2026-10-03 20:08:38",20,"/api/v1/search","GET",93,5.61,34.86,43.23,6,25.03,"0",300,239.63,"0"
"req_002004","2026-10-03 20:10:50",20,"/api/v1/checkout","POST",29,3.01,22.05,44.36,5,27.46,"0",500,289.19,"0"
"req_002005","2026-10-03 20:11:57",20,"/api/v1/checkout","POST",90,4.28,28.16,38.01,5,15.58,"0",500,297.49,"0"
"req_002006","2026-10-03 20:14:28",20,"/api/v1/search","GET",43,2.94,38.69,39.67,3,25.34,"0",300,200.03,"0"
"req_002007","2026-10-03 20:18:39",20,"/api/v1/search","GET",37,0.42,35.09,43.48,0,43.61,"1",300,70.36,"0"
"req_002008","2026-10-03 20:28:05",20,"/api/v1/checkout","POST",23,5.59,44.1,48.75,11,20.8,"0",500,395.65,"0"
"req_002009","2026-10-03 20:28:20",20,"/api/v1/products","GET",9,2.46,37.57,58.45,0,24.28,"1",200,36.61,"0"
"req_002010","2026-10-03 20:28:29",20,"/api/v1/users","GET",22,0.75,26.29,42.38,0,53,"1",150,60.77,"0"
"req_002011","2026-10-03 20:31:46",20,"/api/v1/products","GET",37,21.97,24.82,42.5,0,27.31,"1",200,53.42,"0"
"req_002012","2026-10-03 20:35:40",20,"/api/v1/products","GET",100,9.17,50.5,41.19,0,54.19,"1",200,71.6,"0"
"req_002013","2026-10-03 20:35:54",20,"/api/v1/search","GET",57,3.06,28.92,46.97,2,37.41,"0",300,188.22,"0"
"req_002014","2026-10-03 20:36:40",20,"/api/v1/search","GET",49,1.39,39.42,52.99,4,29.83,"0",300,207.96,"0"
"req_002015","2026-10-03 20:38:13",20,"/api/v1/products","GET",48,0.78,33.92,51.97,5,48.03,"0",200,180.53,"0"
"req_002016","2026-10-03 20:40:48",20,"/api/v1/checkout","POST",55,21.2,21.33,44.62,6,28.03,"0",500,297.88,"0"
"req_002017","2026-10-03 20:43:57",20,"/api/v1/products","GET",49,11.22,30.6,47.49,0,35.98,"1",200,59.1,"0"
"req_002018","2026-10-03 20:45:27",20,"/api/v1/search","GET",22,5.63,38.04,41.25,0,30.31,"1",300,55.18,"0"
"req_002019","2026-10-03 20:45:52",20,"/api/v1/checkout","POST",121,8.2,61.02,47.29,2,15.53,"0",500,298.59,"0"
"req_002020","2026-10-03 20:47:42",20,"/api/v1/reports","GET",35,2.78,34.28,33.38,7,15.19,"0",800,583.83,"0"
"req_002021","2026-10-03 20:48:37",20,"/api/v1/users","GET",139,5.79,42.04,46.5,0,41.7,"1",150,67.13,"0"
"req_002022","2026-10-03 20:48:44",20,"/api/v1/users","GET",17,4.69,32.38,44.35,0,19.5,"1",150,21.81,"0"
"req_002023","2026-10-03 20:48:54",20,"/api/v1/users","GET",29,3.45,32.99,43.29,2,28.94,"0",150,109.15,"0"
"req_002024","2026-10-03 20:53:33",20,"/api/v1/products","GET",19,8.94,38.24,42.91,0,40.62,"1",200,51.78,"0"
"req_002025","2026-10-03 20:55:59",20,"/api/v1/checkout","POST",45,2.11,48.51,45.74,4,21.67,"0",500,290.59,"0"
"req_002026","2026-10-03 20:58:37",20,"/api/v1/search","GET",43,3.91,26.01,44.41,0,57.91,"1",300,81.16,"0"
"req_002027","2026-10-03 20:59:34",20,"/api/v1/products","GET",69,2.81,36.62,45.23,0,33.23,"1",200,50.82,"0"
"req_002028","2026-10-03 20:59:55",20,"/api/v1/users","POST",70,0.83,38.17,44.34,1,38.34,"0",150,118.16,"0"
"req_002029","2026-10-03 21:00:09",21,"/api/v1/search","GET",48,6.36,25.84,49.66,0,50.4,"1",300,78.48,"0"
"req_002030","2026-10-03 21:03:04",21,"/api/v1/checkout","POST",135,18.89,38.71,47.65,4,35.37,"0",500,352.44,"0"
"req_002031","2026-10-03 21:05:07",21,"/api/v1/products","POST",73,10.88,39.91,53.65,3,50.23,"0",200,160.41,"0"
"req_002032","2026-10-03 21:07:46",21,"/api/v1/products","GET",19,13.56,19.84,38.02,1,18.36,"0",200,89.93,"0"
"req_002033","2026-10-03 21:07:54",21,"/api/v1/products","GET",51,2.35,18.12,52.04,0,26.73,"1",200,37.64,"0"
"req_002034","2026-10-03 21:08:13",21,"/api/v1/products","GET",86,3.99,27.73,40.44,0,32.07,"1",200,47.38,"0"
"req_002035","2026-10-03 21:08:27",21,"/api/v1/products","GET",34,8.87,31.92,46.7,1,46.01,"0",200,133.78,"0"
"req_002036","2026-10-03 21:09:08",21,"/api/v1/products","GET",19,3.18,40.01,41.9,0,45.62,"1",200,55.89,"0"
"req_002037","2026-10-03 21:20:17",21,"/api/v1/users","GET",122,6.6,42.4,53.14,0,16.62,"1",150,26.42,"0"
"req_002038","2026-10-03 21:20:26",21,"/api/v1/products","GET",35,0.71,32.65,51.62,1,60.38,"0",200,142.64,"0"
"req_002039","2026-10-03 21:21:15",21,"/api/v1/users","GET",29,3.4,33.17,46.6,0,31.65,"1",150,42.85,"0"
"req_002040","2026-10-03 21:29:41",21,"/api/v1/products","GET",41,6.45,41.92,41.64,0,36.81,"1",200,49.67,"0"
"req_002041","2026-10-03 21:30:34",21,"/api/v1/reports","GET",36,39.8,27.51,51.21,12,31.59,"0",800,575.25,"0"
"req_002042","2026-10-03 21:33:09",21,"/api/v1/products","GET",78,3.23,28.74,47.49,0,36.16,"1",200,49.67,"0"
"req_002043","2026-10-03 21:34:17",21,"/api/v1/users","GET",62,6.89,21.22,47.65,0,20.34,"1",150,41.76,"0"
"req_002044","2026-10-03 21:34:26",21,"/api/v1/checkout","POST",113,9.51,38.26,46.89,8,54.29,"0",500,414.92,"0"
"req_002045","2026-10-03 21:35:10",21,"/api/v1/reports","GET",41,0.6,25.44,49.97,14,38.77,"0",800,747.88,"0"
"req_002046","2026-10-03 21:37:36",21,"/api/v1/checkout","POST",49,2.45,35.43,52.74,11,38.72,"0",500,363.98,"0"
"req_002047","2026-10-03 21:40:21",21,"/api/v1/reports","GET",30,14.82,35.89,41.82,11,32.74,"0",800,591.49,"0"
"req_002048","2026-10-03 21:41:41",21,"/api/v1/products","POST",72,2.42,42.52,54.2,3,35.72,"0",200,141.42,"0"
"req_002049","2026-10-03 21:42:09",21,"/api/v1/users","GET",19,6.39,26.9,45.39,0,31.57,"1",150,37.26,"0"
"req_002050","2026-10-03 21:43:04",21,"/api/v1/users","GET",44,6.84,26.76,37.77,3,36.79,"0",150,102.33,"0"
"req_002051","2026-10-03 21:46:41",21,"/api/v1/search","POST",60,2.41,15.7,50.14,3,15.79,"0",300,137.31,"0"
"req_002052","2026-10-03 21:52:44",21,"/api/v1/search","GET",76,15.16,40.96,53.19,0,20.5,"1",300,48.1,"0"
"req_002053","2026-10-03 21:53:34",21,"/api/v1/products","GET",28,4.64,27.56,49.61,0,31.54,"1",200,41.67,"0"
"req_002054","2026-10-03 21:53:59",21,"/api/v1/checkout","POST",35,1.46,34.38,51.69,7,11.37,"0",500,333.87,"0"
"req_002055","2026-10-03 21:54:28",21,"/api/v1/checkout","POST",31,1.78,23.53,42.22,6,16.59,"0",500,297.37,"0"
"req_002056","2026-10-03 21:56:36",21,"/api/v1/search","POST",76,14.65,46.18,44.66,2,19.24,"0",300,171.93,"0"
"req_002057","2026-10-03 21:57:25",21,"/api/v1/products","GET",80,8.15,42.12,46.42,1,42.75,"0",200,122.28,"0"
"req_002058","2026-10-03 21:58:05",21,"/api/v1/search","GET",35,10.57,37.78,49.17,4,25.53,"0",300,187.69,"0"
"req_002059","2026-10-03 21:58:14",21,"/api/v1/products","POST",28,4.22,5,37.74,2,22.88,"0",200,111.73,"0"
"req_002060","2026-10-03 21:59:58",21,"/api/v1/search","POST",36,20.54,41.08,45.4,5,9,"0",300,224.29,"0"
"req_002061","2026-10-03 22:00:31",22,"/api/v1/search","GET",13,6.72,31.26,44.09,5,64.1,"0",300,237.39,"0"
"req_002062","2026-10-03 22:02:43",22,"/api/v1/products","GET",14,5.49,27.91,41.31,2,25.77,"0",200,107.17,"0"
"req_002063","2026-10-03 22:02:51",22,"/api/v1/users","POST",17,12.23,26.36,43.59,3,2.46,"0",150,102.45,"0"
"req_002064","2026-10-03 22:05:15",22,"/api/v1/search","GET",100,2.35,48.29,56.5,0,35.59,"1",300,66.67,"0"
"req_002065","2026-10-03 22:07:29",22,"/api/v1/search","GET",81,5.43,41.92,53.97,1,33.24,"0",300,173.83,"0"
"req_002066","2026-10-03 22:10:20",22,"/api/v1/checkout","PUT",23,11.27,48.22,45.37,8,28.02,"0",500,367.09,"0"
"req_002067","2026-10-03 22:17:49",22,"/api/v1/users","GET",73,19.61,28.4,28.79,0,26.26,"1",150,42.24,"0"
"req_002068","2026-10-03 22:18:28",22,"/api/v1/products","GET",37,14.83,30.87,46.8,2,23.47,"0",200,136.62,"0"
"req_002069","2026-10-03 22:22:02",22,"/api/v1/products","GET",61,2.12,26.94,51.69,0,13.29,"1",200,30.82,"0"
"req_002070","2026-10-03 22:25:08",22,"/api/v1/checkout","POST",111,2.44,42.73,47.86,7,23.83,"0",500,332.83,"0"
"req_002071","2026-10-03 22:25:34",22,"/api/v1/users","GET",53,3.19,27.5,44.17,4,77.08,"0",150,172.69,"1"
"req_002072","2026-10-03 22:26:32",22,"/api/v1/search","GET",81,4.2,32.33,49.32,4,46.12,"0",300,227.73,"0"
"req_002073","2026-10-03 22:26:42",22,"/api/v1/reports","GET",80,3.66,49.82,56.83,9,36.48,"0",800,640.55,"0"
"req_002074","2026-10-03 22:29:13",22,"/api/v1/search","GET",115,11.67,38.08,64.25,7,21.53,"0",300,228.99,"0"
"req_002075","2026-10-03 22:30:39",22,"/api/v1/users","GET",92,5.88,37.83,59.95,1,12.03,"0",150,79.46,"0"
"req_002076","2026-10-03 22:30:50",22,"/api/v1/users","GET",98,5.38,39.73,47.64,1,37.77,"0",150,122.53,"0"
"req_002077","2026-10-03 22:32:39",22,"/api/v1/products","GET",30,1.73,30.39,44.6,0,26.45,"1",200,27.33,"0"
"req_002078","2026-10-03 22:38:02",22,"/api/v1/reports","GET",38,4.19,17.8,52.47,12,25.61,"0",800,561.62,"0"
"req_002079","2026-10-03 22:39:01",22,"/api/v1/products","GET",76,2.62,42.1,42.91,3,40.26,"0",200,140.69,"0"
"req_002080","2026-10-03 22:41:36",22,"/api/v1/users","GET",40,0.95,29.46,40.49,1,22.14,"0",150,81.18,"0"
"req_002081","2026-10-03 22:44:42",22,"/api/v1/products","POST",82,6.19,16.52,55.37,3,27.95,"0",200,131.68,"0"
"req_002082","2026-10-03 22:51:13",22,"/api/v1/products","GET",38,2.8,30.4,47.98,0,28.07,"1",200,51.32,"0"
"req_002083","2026-10-03 22:52:20",22,"/api/v1/products","GET",74,28.71,43.48,48.5,0,45.01,"1",200,65.06,"0"
"req_002084","2026-10-03 22:53:46",22,"/api/v1/search","GET",13,2.85,38.43,51.71,5,43.68,"0",300,198.67,"0"
"req_002085","2026-10-03 22:57:19",22,"/api/v1/products","POST",33,6.83,39.09,41.48,1,20.25,"0",200,92.08,"0"
"req_002086","2026-10-03 22:58:13",22,"/api/v1/products","GET",54,16.83,33.49,47.56,0,22.53,"1",200,37.31,"0"
"req_002087","2026-10-03 22:59:13",22,"/api/v1/products","POST",252,7.87,67.28,63.53,2,35.78,"0",200,187.18,"0"
"req_002088","2026-10-03 23:01:20",23,"/api/v1/products","GET",29,2.29,20.74,44.52,1,44.2,"0",200,119.78,"0"
"req_002089","2026-10-03 23:01:36",23,"/api/v1/search","GET",68,1.06,28.26,49.43,3,33.24,"0",300,191.13,"0"
"req_002090","2026-10-03 23:01:49",23,"/api/v1/products","GET",120,8.77,29.18,45.58,2,26.41,"0",200,130.84,"0"
"req_002091","2026-10-03 23:03:25",23,"/api/v1/search","GET",25,2.21,30.92,49.43,0,36.2,"1",300,61.11,"0"
"req_002092","2026-10-03 23:05:07",23,"/api/v1/search","GET",14,2.87,29.78,33.49,0,38.37,"1",300,65.66,"0"
"req_002093","2026-10-03 23:05:49",23,"/api/v1/users","GET",31,4.5,33.02,49.42,0,34.72,"1",150,40.96,"0"
"req_002094","2026-10-03 23:09:47",23,"/api/v1/users","GET",67,3.84,27.85,52.71,0,52.46,"1",150,68.08,"0"
"req_002095","2026-10-03 23:10:57",23,"/api/v1/products","GET",22,12.31,17.82,39.04,0,25.76,"1",200,37.49,"0"
"req_002096","2026-10-03 23:11:03",23,"/api/v1/checkout","POST",26,1.91,23.68,43.69,4,33.47,"0",500,285.21,"0"
"req_002097","2026-10-03 23:11:54",23,"/api/v1/products","GET",76,5.65,43.91,46.44,3,44.13,"0",200,159.8,"0"
"req_002098","2026-10-03 23:12:23",23,"/api/v1/products","GET",44,11.48,31.82,57.34,0,30.68,"1",200,50.57,"0"
"req_002099","2026-10-03 23:14:00",23,"/api/v1/search","GET",113,6.76,38.63,49.26,0,46.34,"1",300,73.14,"0"
"req_002100","2026-10-03 23:14:01",23,"/api/v1/users","GET",11,3.48,18.26,42.41,3,36.4,"0",150,132.04,"0"
"req_002101","2026-10-03 23:14:54",23,"/api/v1/search","POST",47,2.87,33.27,38.78,2,54.98,"0",300,190.83,"0"
"req_002102","2026-10-03 23:16:18",23,"/api/v1/users","POST",45,3.83,32.05,45.27,3,33.83,"0",150,127.99,"0"
"req_002103","2026-10-03 23:17:17",23,"/api/v1/search","POST",77,2.08,36.42,52.92,3,51.93,"0",300,211.6,"0"
"req_002104","2026-10-03 23:19:17",23,"/api/v1/search","GET",119,37.76,53.14,50.81,3,25.12,"0",300,221.18,"0"
"req_002105","2026-10-03 23:22:11",23,"/api/v1/users","POST",82,2.61,36.65,42.7,2,40.08,"0",150,123.84,"0"
"req_002106","2026-10-03 23:22:26",23,"/api/v1/products","GET",29,3.2,30.29,50.61,0,31.24,"1",200,42.29,"0"
"req_002107","2026-10-03 23:24:07",23,"/api/v1/search","GET",59,5,23.66,44.79,6,28.85,"0",300,197.89,"0"
"req_002108","2026-10-03 23:26:30",23,"/api/v1/checkout","POST",206,0.65,56,64.34,6,40.19,"0",500,390.25,"0"
"req_002109","2026-10-03 23:26:34",23,"/api/v1/search","GET",32,6.28,31.87,52.78,4,32.38,"0",300,229.01,"0"
"req_002110","2026-10-03 23:27:02",23,"/api/v1/users","GET",27,12.44,38.71,43.14,0,44.76,"1",150,52,"0"
"req_002111","2026-10-03 23:33:13",23,"/api/v1/search","GET",64,40.95,28.19,54.46,5,38.04,"0",300,237.52,"0"
"req_002112","2026-10-03 23:33:20",23,"/api/v1/reports","GET",274,0.97,63.9,59.82,14,31.78,"0",800,722.63,"0"
"req_002113","2026-10-03 23:35:04",23,"/api/v1/search","GET",11,11.26,47.81,45.59,0,59.69,"1",300,93.28,"0"
"req_002114","2026-10-03 23:35:40",23,"/api/v1/reports","GET",18,5.14,20.96,50.15,10,37.06,"0",800,576.75,"0"
"req_002115","2026-10-03 23:36:20",23,"/api/v1/reports","GET",34,19.81,26.22,49.56,12,12.75,"0",800,560.33,"0"
"req_002116","2026-10-03 23:37:03",23,"/api/v1/checkout","POST",24,4,25.42,40.91,3,61.65,"0",500,296.46,"0"
"req_002117","2026-10-03 23:38:40",23,"/api/v1/products","GET",109,20.15,41.95,48.56,0,22.66,"1",200,38.35,"0"
"req_002118","2026-10-03 23:38:53",23,"/api/v1/products","POST",33,0.41,27.26,48.83,2,59.15,"0",200,146.82,"0"
"req_002119","2026-10-03 23:40:20",23,"/api/v1/reports","GET",164,1.94,53.43,50.97,15,44.04,"0",800,724.27,"0"
"req_002120","2026-10-03 23:42:21",23,"/api/v1/users","GET",17,11.29,23.28,40.45,0,54.86,"1",150,55.39,"0"
"req_002121","2026-10-03 23:44:12",23,"/api/v1/users","GET",43,10.97,39.03,52.12,0,6.65,"1",150,24.55,"0"
"req_002122","2026-10-03 23:44:14",23,"/api/v1/users","GET",41,3.15,32.98,48.71,0,50.84,"1",150,65.01,"0"
"req_002123","2026-10-03 23:47:15",23,"/api/v1/users","GET",114,3.61,31.8,50.53,2,41.96,"0",150,135.32,"0"
"req_002124","2026-10-03 23:51:38",23,"/api/v1/reports","GET",22,4.06,21.14,46.09,11,43.62,"0",800,576.24,"0"
"req_002125","2026-10-03 23:53:06",23,"/api/v1/users","GET",34,19.6,29.82,51.83,0,20.48,"1",150,30.32,"0"
"req_002126","2026-10-03 23:56:27",23,"/api/v1/reports","GET",66,1.35,25.84,46.03,12,24.67,"0",800,577.32,"0"
"req_002127","2026-10-03 23:57:15",23,"/api/v1/users","POST",31,4.22,31.22,54.29,2,41.07,"0",150,114.3,"0"
"req_002128","2026-10-03 23:57:33",23,"/api/v1/users","GET",94,3.73,37.51,48.4,0,33.11,"1",150,44.87,"0"
"req_002129","2026-10-03 23:57:52",23,"/api/v1/products","POST",59,20.12,39.44,47.3,2,24.08,"0",200,122.28,"0"
"req_002130","2026-10-03 23:58:44",23,"/api/v1/users","GET",66,5.08,51.85,45.61,1,37.68,"0",150,106.07,"0"
"req_002131","2026-10-03 23:58:49",23,"/api/v1/users","POST",48,4.66,45.25,57.06,3,38.21,"0",150,131.69,"0"
"req_002132","2026-10-04 00:03:47",0,"/api/v1/products","GET",84,2.67,47.3,42.2,3,42.15,"0",200,137.83,"0"
"req_002133","2026-10-04 00:12:36",0,"/api/v1/users","GET",191,1.02,49.52,55.86,1,28.19,"0",150,125.71,"0"
"req_002134","2026-10-04 00:17:56",0,"/api/v1/checkout","POST",50,4.73,35.2,44.36,4,71.41,"0",500,357.5,"0"
"req_002135","2026-10-04 00:23:22",0,"/api/v1/products","GET",34,2.5,40,44.25,0,38.11,"1",200,43.35,"0"
"req_002136","2026-10-04 00:24:41",0,"/api/v1/search","GET",45,1.05,20.37,34.29,0,30.74,"1",300,61.15,"0"
"req_002137","2026-10-04 00:26:30",0,"/api/v1/search","GET",54,4.26,40.36,50.07,0,53.93,"1",300,79.78,"0"
"req_002138","2026-10-04 00:27:09",0,"/api/v1/checkout","POST",45,3.02,24.62,38.87,7,74.52,"0",500,398.27,"0"
"req_002139","2026-10-04 00:29:15",0,"/api/v1/products","GET",183,4.39,50.59,52.23,0,35.87,"1",200,57.09,"0"
"req_002140","2026-10-04 00:29:59",0,"/api/v1/products","GET",51,5.63,41.66,42.49,0,28.89,"1",200,40.91,"0"
"req_002141","2026-10-04 00:32:50",0,"/api/v1/reports","GET",50,6.29,26.19,40.8,14,55.61,"0",800,644.85,"0"
"req_002142","2026-10-04 00:34:07",0,"/api/v1/search","GET",196,3.35,52.79,51.1,3,15.46,"0",300,214.34,"0"
"req_002143","2026-10-04 00:34:28",0,"/api/v1/search","POST",40,11.65,18.36,44.3,3,30.18,"0",300,183.89,"0"
"req_002144","2026-10-04 00:35:33",0,"/api/v1/users","GET",53,35.91,32.07,42.77,0,6.85,"1",150,27.6,"0"
"req_002145","2026-10-04 00:41:04",0,"/api/v1/products","GET",94,2.19,50.97,56.1,0,64.05,"1",200,80.85,"0"
"req_002146","2026-10-04 00:41:39",0,"/api/v1/checkout","POST",48,4.97,25.97,34.48,10,49.13,"0",500,382.63,"0"
"req_002147","2026-10-04 00:43:08",0,"/api/v1/search","GET",38,15.01,23.74,48.93,3,37.74,"0",300,195.21,"0"
"req_002148","2026-10-04 00:43:52",0,"/api/v1/reports","GET",32,12.6,25.57,51.86,11,22.95,"0",800,605.01,"0"
"req_002149","2026-10-04 00:44:06",0,"/api/v1/search","GET",25,9.64,33.95,50.22,0,31.92,"1",300,65.5,"0"
"req_002150","2026-10-04 00:50:36",0,"/api/v1/products","GET",98,1.32,34.81,48.94,0,26.73,"1",200,46.23,"0"
"req_002151","2026-10-04 00:51:26",0,"/api/v1/checkout","POST",19,3.93,17.28,44.14,6,19.09,"0",500,293.54,"0"
"req_002152","2026-10-04 00:53:50",0,"/api/v1/search","GET",49,2.25,31.2,46.99,6,24.01,"0",300,234.55,"0"
"req_002153","2026-10-04 01:01:04",1,"/api/v1/users","GET",36,0.6,30.78,50.19,1,44.22,"0",150,109.39,"0"
"req_002154","2026-10-04 01:02:04",1,"/api/v1/products","GET",15,0.57,28.1,45.45,0,22.49,"1",200,36.83,"0"
"req_002155","2026-10-04 01:02:31",1,"/api/v1/products","GET",40,12.26,37.81,39.73,3,41.69,"0",200,135.45,"0"
"req_002156","2026-10-04 01:02:46",1,"/api/v1/search","GET",96,18.93,46.02,60.81,8,26.04,"0",300,255.38,"0"
"req_002157","2026-10-04 01:04:27",1,"/api/v1/products","POST",60,3.16,31.39,46.02,3,18.16,"0",200,104.58,"0"
"req_002158","2026-10-04 01:04:45",1,"/api/v1/products","GET",25,0.74,25.82,36.25,0,44.36,"1",200,65.23,"0"
"req_002159","2026-10-04 01:11:35",1,"/api/v1/products","GET",71,15.67,31.45,40.99,3,27.52,"0",200,149.5,"0"
"req_002160","2026-10-04 01:14:26",1,"/api/v1/reports","GET",61,1.82,33.62,51.01,11,40.34,"0",800,591.95,"0"
"req_002161","2026-10-04 01:16:38",1,"/api/v1/search","GET",48,5.13,40.05,41.06,2,41.06,"0",300,192.98,"0"
"req_002162","2026-10-04 01:17:55",1,"/api/v1/reports","GET",56,11.29,35.4,48.57,16,15,"0",800,646.35,"0"
"req_002163","2026-10-04 01:22:31",1,"/api/v1/users","GET",30,4.01,29.54,57.58,0,37.3,"1",150,48.5,"0"
"req_002164","2026-10-04 01:24:42",1,"/api/v1/checkout","POST",26,18.6,30.76,29.45,11,62.89,"0",500,432.84,"0"
"req_002165","2026-10-04 01:27:11",1,"/api/v1/products","GET",11,2.03,36.03,41.73,0,71.67,"1",200,85.97,"0"
"req_002166","2026-10-04 01:27:31",1,"/api/v1/users","GET",25,1.44,25.22,45.95,0,29.1,"1",150,45.57,"0"
"req_002167","2026-10-04 01:27:59",1,"/api/v1/products","GET",50,8.17,41.33,41.76,0,56.05,"1",200,84.98,"0"
"req_002168","2026-10-04 01:28:56",1,"/api/v1/search","GET",45,1.99,28.49,31.81,6,38.06,"0",300,282.13,"0"
"req_002169","2026-10-04 01:32:49",1,"/api/v1/search","GET",62,8.18,42.22,41.61,6,33.44,"0",300,260.93,"0"
"req_002170","2026-10-04 01:40:14",1,"/api/v1/products","GET",16,3.81,28.77,38.96,1,38.87,"0",200,110.59,"0"
"req_002171","2026-10-04 01:42:20",1,"/api/v1/products","GET",36,6.31,33.4,43.79,0,29.38,"1",200,46.63,"0"
"req_002172","2026-10-04 01:44:02",1,"/api/v1/products","GET",45,0.65,32.58,42.92,0,37.46,"1",200,49.52,"0"
"req_002173","2026-10-04 01:45:25",1,"/api/v1/users","GET",25,6.96,15.37,38.82,0,11.1,"1",150,18.15,"0"
"req_002174","2026-10-04 01:48:05",1,"/api/v1/search","GET",98,2.02,27.5,53.82,6,50.46,"0",300,252.28,"0"
"req_002175","2026-10-04 01:50:23",1,"/api/v1/products","GET",17,1.35,14.44,30.04,0,52.46,"1",200,66.31,"0"
"req_002176","2026-10-04 01:52:30",1,"/api/v1/products","GET",67,5.92,33.92,50.21,1,26.02,"0",200,117.17,"0"
"req_002177","2026-10-04 01:52:33",1,"/api/v1/products","POST",28,7.26,31.19,41.41,3,38.85,"0",200,150.63,"0"
"req_002178","2026-10-04 01:53:32",1,"/api/v1/products","POST",52,6.94,20.8,45.6,2,17.83,"0",200,109.85,"0"
"req_002179","2026-10-04 01:54:28",1,"/api/v1/checkout","POST",127,2.62,45.53,54.48,4,27.24,"0",500,305.26,"0"
"req_002180","2026-10-04 01:54:54",1,"/api/v1/users","GET",54,4.18,28.02,45.2,0,23.29,"1",150,49.18,"0"
"req_002181","2026-10-04 01:56:50",1,"/api/v1/products","GET",46,8.66,34.86,43.76,3,46.46,"0",200,153.06,"0"
"req_002182","2026-10-04 02:00:07",2,"/api/v1/checkout","PUT",171,2.4,51.01,56.78,5,55.91,"0",500,395.17,"0"
"req_002183","2026-10-04 02:04:43",2,"/api/v1/users","GET",34,24.84,21.94,47.05,0,18.52,"1",150,28.27,"0"
"req_002184","2026-10-04 02:05:28",2,"/api/v1/checkout","POST",35,7.69,21.92,43.92,10,49.44,"0",500,384.16,"0"
"req_002185","2026-10-04 02:07:59",2,"/api/v1/products","GET",39,8.38,22.61,42.86,0,18.12,"1",200,28.82,"0"
"req_002186","2026-10-04 02:09:36",2,"/api/v1/checkout","POST",44,2.1,32.34,49.36,4,57.97,"0",500,311.13,"0"
"req_002187","2026-10-04 02:18:01",2,"/api/v1/products","GET",72,0.75,29.51,36.34,0,3.96,"1",200,33.96,"0"
"req_002188","2026-10-04 02:18:53",2,"/api/v1/products","GET",26,5.08,31.52,36.78,0,35.75,"1",200,56.14,"0"
"req_002189","2026-10-04 02:23:22",2,"/api/v1/search","POST",77,5.84,40.33,44.98,4,49.57,"0",300,206.92,"0"
"req_002190","2026-10-04 02:23:47",2,"/api/v1/checkout","POST",30,11.43,25.34,50.78,4,20.92,"0",500,279.42,"0"
"req_002191","2026-10-04 02:28:21",2,"/api/v1/search","GET",10,7.2,28.85,46.13,0,31.86,"1",300,63.35,"0"
"req_002192","2026-10-04 02:30:40",2,"/api/v1/users","GET",46,4.61,31.36,44.97,1,21.94,"0",150,99.39,"0"
"req_002193","2026-10-04 02:34:07",2,"/api/v1/checkout","POST",31,3.07,13.96,55.17,4,56.68,"0",500,322.37,"0"
"req_002194","2026-10-04 02:35:43",2,"/api/v1/reports","GET",59,2.94,39.83,47.9,16,39.63,"0",800,709.76,"0"
"req_002195","2026-10-04 02:37:07",2,"/api/v1/search","GET",132,7.43,64.17,53.05,4,28.78,"0",300,242.94,"0"
"req_002196","2026-10-04 02:43:21",2,"/api/v1/products","GET",22,2.17,26.62,49.17,0,49.99,"1",200,76.27,"0"
"req_002197","2026-10-04 02:44:21",2,"/api/v1/users","GET",12,5.28,26.5,40.05,0,42.19,"1",150,48.85,"0"
"req_002198","2026-10-04 02:44:29",2,"/api/v1/users","GET",14,12.12,37.99,41.69,0,26.3,"1",150,44.89,"0"
"req_002199","2026-10-04 02:44:34",2,"/api/v1/reports","GET",6,1.91,27.19,36.69,11,32.82,"0",800,597.83,"0"
"req_002200","2026-10-04 02:44:57",2,"/api/v1/users","POST",10,6.1,19.99,48.86,2,29.05,"0",150,88.88,"0"
"req_002201","2026-10-04 02:45:31",2,"/api/v1/products","GET",78,11.83,50.02,56.4,0,42.34,"1",200,64.35,"0"
"req_002202","2026-10-04 02:45:59",2,"/api/v1/search","GET",78,0.81,43.97,46.42,7,32.53,"0",300,259.81,"0"
"req_002203","2026-10-04 02:58:03",2,"/api/v1/products","GET",29,1.62,41.49,41.69,0,35.38,"1",200,55.95,"0"
"req_002204","2026-10-04 03:00:31",3,"/api/v1/users","POST",29,21.56,44.84,46.2,2,30.74,"0",150,128.36,"0"
"req_002205","2026-10-04 03:05:36",3,"/api/v1/products","GET",35,20.04,37.05,51.11,0,40.28,"1",200,57.99,"0"
"req_002206","2026-10-04 03:12:28",3,"/api/v1/search","GET",92,7.42,48.43,42.35,3,43.72,"0",300,234.7,"0"
"req_002207","2026-10-04 03:12:52",3,"/api/v1/users","GET",66,4.13,42.98,44.74,0,68.46,"1",150,83.81,"0"
"req_002208","2026-10-04 03:14:38",3,"/api/v1/products","POST",57,17.13,48.31,49.91,5,21.75,"0",200,157.44,"0"
"req_002209","2026-10-04 03:15:55",3,"/api/v1/search","GET",32,5.32,32.74,38.27,4,44.06,"0",300,209.25,"0"
"req_002210","2026-10-04 03:16:50",3,"/api/v1/users","GET",32,3.46,35.72,38.01,0,51.21,"1",150,63.97,"0"
"req_002211","2026-10-04 03:18:03",3,"/api/v1/search","GET",15,3.36,15.6,38.81,4,24.56,"0",300,182.23,"0"
"req_002212","2026-10-04 03:19:23",3,"/api/v1/users","POST",4,3.96,32.57,42.33,3,30.39,"0",150,107.63,"0"
"req_002213","2026-10-04 03:22:30",3,"/api/v1/users","POST",48,26.2,42.45,43.3,2,35.65,"0",150,123.69,"0"
"req_002214","2026-10-04 03:23:13",3,"/api/v1/search","GET",13,2.55,7.74,42.66,7,45.43,"0",300,230.61,"0"
"req_002215","2026-10-04 03:25:44",3,"/api/v1/products","GET",27,12.11,28.15,44.26,2,39.54,"0",200,119.4,"0"
"req_002216","2026-10-04 03:26:13",3,"/api/v1/products","GET",42,10.84,43.86,44.05,0,60.92,"1",200,82.35,"0"
"req_002217","2026-10-04 03:26:44",3,"/api/v1/checkout","POST",61,0.87,30.93,40.59,6,18.51,"0",500,311.25,"0"
"req_002218","2026-10-04 03:26:51",3,"/api/v1/products","GET",57,7.72,19.46,41.49,0,36.24,"1",200,44.4,"0"
"req_002219","2026-10-04 03:27:40",3,"/api/v1/checkout","POST",31,17.21,34.16,43.02,9,36.95,"0",500,391.25,"0"
"req_002220","2026-10-04 03:28:23",3,"/api/v1/search","GET",28,5.3,37.33,45.88,0,38.67,"1",300,67.84,"0"
"req_002221","2026-10-04 03:29:30",3,"/api/v1/products","GET",82,7.98,36.35,38.91,0,73.46,"1",200,94.37,"0"
"req_002222","2026-10-04 03:30:02",3,"/api/v1/search","GET",84,0.71,28.3,45.63,0,36.49,"1",300,51.82,"0"
"req_002223","2026-10-04 03:34:39",3,"/api/v1/checkout","PUT",22,4.2,24.57,46.18,3,72.15,"0",500,316.79,"0"
"req_002224","2026-10-04 03:35:06",3,"/api/v1/products","GET",22,7.64,23.73,43.97,0,40.85,"1",200,47.91,"0"
"req_002225","2026-10-04 03:36:36",3,"/api/v1/search","GET",42,4.16,30.06,43.92,4,12.22,"0",300,182.15,"0"
"req_002226","2026-10-04 03:39:14",3,"/api/v1/products","GET",143,2.93,43.87,54.49,0,12.56,"1",200,37.56,"0"
"req_002227","2026-10-04 03:39:33",3,"/api/v1/checkout","POST",48,1.12,40.69,39.07,5,17,"0",500,310.93,"0"
"req_002228","2026-10-04 03:43:08",3,"/api/v1/users","GET",27,5.35,29.28,51.17,1,31.89,"0",150,96.69,"0"
"req_002229","2026-10-04 03:44:37",3,"/api/v1/search","POST",19,9.97,31.75,46.89,5,47.18,"0",300,260.07,"0"
"req_002230","2026-10-04 03:46:46",3,"/api/v1/users","GET",52,3.94,26.09,48.43,0,27.41,"1",150,36.32,"0"
"req_002231","2026-10-04 03:49:33",3,"/api/v1/products","GET",54,16.39,47.4,46.66,1,46.84,"0",200,140.92,"0"
"req_002232","2026-10-04 03:50:59",3,"/api/v1/checkout","PUT",10,2.39,30.32,40.42,4,34.62,"0",500,298.67,"0"
"req_002233","2026-10-04 03:52:28",3,"/api/v1/checkout","PUT",76,4.17,38.68,43.55,7,24.61,"0",500,376.08,"0"
"req_002234","2026-10-04 03:58:52",3,"/api/v1/search","GET",54,1.15,31.4,48.34,6,36.1,"0",300,227.45,"0"
"req_002235","2026-10-04 04:03:38",4,"/api/v1/products","GET",89,4.65,49.67,47.65,2,33.14,"0",200,137.25,"0"
"req_002236","2026-10-04 04:03:43",4,"/api/v1/reports","GET",41,5.65,41.09,55.83,8,25.13,"0",800,568.56,"0"
"req_002237","2026-10-04 04:07:01",4,"/api/v1/search","GET",29,3.92,33.22,55.79,4,16.19,"0",300,215.01,"0"
"req_002238","2026-10-04 04:08:25",4,"/api/v1/search","GET",49,1.81,29.19,49.94,5,47.67,"0",300,238.99,"0"
"req_002239","2026-10-04 04:09:01",4,"/api/v1/reports","GET",21,3.63,30.54,50.54,8,25.37,"0",800,506.76,"0"
"req_002240","2026-10-04 04:10:53",4,"/api/v1/reports","GET",108,2.99,35.92,52.91,16,10.52,"0",800,720.41,"0"
"req_002241","2026-10-04 04:15:57",4,"/api/v1/products","GET",17,2.21,15.99,36.75,1,41.25,"0",200,107.78,"0"
"req_002242","2026-10-04 04:19:29",4,"/api/v1/products","GET",54,4.74,26.67,41.69,0,41.35,"1",200,62.71,"0"
"req_002243","2026-10-04 04:22:08",4,"/api/v1/reports","GET",60,3.13,51.34,36.61,11,10.81,"0",800,581.38,"0"
"req_002244","2026-10-04 04:23:21",4,"/api/v1/products","GET",34,1.84,32.93,43.61,0,38.21,"1",200,47.05,"0"
"req_002245","2026-10-04 04:24:36",4,"/api/v1/reports","GET",56,11.17,41.81,39.36,12,50.27,"0",800,721.55,"0"
"req_002246","2026-10-04 04:28:28",4,"/api/v1/products","GET",25,3.63,24.98,49.07,1,41.97,"0",200,117.37,"0"
"req_002247","2026-10-04 04:29:21",4,"/api/v1/products","GET",154,8.23,51.07,59.19,3,55.2,"0",200,200,"0"
"req_002248","2026-10-04 04:33:36",4,"/api/v1/products","GET",112,2.51,53.41,51.25,0,18.92,"1",200,46.9,"0"
"req_002249","2026-10-04 04:33:59",4,"/api/v1/users","GET",30,2.55,20.46,30.83,0,6.71,"1",150,9.93,"0"
"req_002250","2026-10-04 04:35:50",4,"/api/v1/search","GET",115,1.15,42.69,51.29,0,46.12,"1",300,75.49,"0"
"req_002251","2026-10-04 04:41:27",4,"/api/v1/products","GET",51,7.87,39.66,49.62,0,44.63,"1",200,62.2,"0"
"req_002252","2026-10-04 04:42:18",4,"/api/v1/products","GET",7,8.32,18.89,51.69,2,32.72,"0",200,110.33,"0"
"req_002253","2026-10-04 04:44:49",4,"/api/v1/products","POST",77,2.02,47.83,58.28,3,22.67,"0",200,138.85,"0"
"req_002254","2026-10-04 04:46:13",4,"/api/v1/checkout","POST",59,26.22,35.37,50.36,2,58.14,"0",500,325.4,"0"
"req_002255","2026-10-04 04:49:26",4,"/api/v1/search","GET",19,1.59,30.09,46.53,0,34.56,"1",300,65.72,"0"
"req_002256","2026-10-04 04:49:56",4,"/api/v1/users","GET",38,2.83,17.71,40.49,0,33.82,"1",150,44.23,"0"
"req_002257","2026-10-04 04:53:31",4,"/api/v1/products","GET",119,9.52,37.44,49.62,0,40.42,"1",200,45.08,"0"
"req_002258","2026-10-04 04:53:37",4,"/api/v1/search","POST",42,3.13,32.46,50.91,3,13.86,"0",300,168.21,"0"
"req_002259","2026-10-04 04:57:18",4,"/api/v1/users","GET",78,2.54,28.7,61.49,2,58.77,"0",150,137,"0"
"req_002260","2026-10-04 04:57:59",4,"/api/v1/search","GET",74,35.37,40.65,41.69,4,47.24,"0",300,262.89,"0"
"req_002261","2026-10-04 05:00:41",5,"/api/v1/users","GET",21,16.24,35.55,46.26,0,27.03,"1",150,36.26,"0"
"req_002262","2026-10-04 05:00:45",5,"/api/v1/reports","POST",58,16.47,21.15,45.63,13,41.38,"0",800,626.7,"0"
"req_002263","2026-10-04 05:03:38",5,"/api/v1/users","GET",65,49.03,32.19,49.54,0,33.51,"1",150,46.39,"0"
"req_002264","2026-10-04 05:05:08",5,"/api/v1/search","POST",62,9.7,32.32,54.68,5,36.49,"0",300,211.84,"0"
"req_002265","2026-10-04 05:05:24",5,"/api/v1/search","GET",15,10.56,31.99,38.54,1,56.14,"0",300,183.69,"0"
"req_002266","2026-10-04 05:07:33",5,"/api/v1/search","GET",34,1.16,28.31,44.1,3,41.62,"0",300,204.67,"0"
"req_002267","2026-10-04 05:09:10",5,"/api/v1/reports","GET",8,1.93,28.53,36.91,8,28.44,"0",800,535.18,"0"
"req_002268","2026-10-04 05:13:18",5,"/api/v1/products","GET",70,5.17,26.1,51.88,0,45.16,"1",200,70.39,"0"
"req_002269","2026-10-04 05:14:05",5,"/api/v1/users","GET",60,1.38,43.54,55.5,0,19.84,"1",150,30.54,"0"
"req_002270","2026-10-04 05:17:43",5,"/api/v1/checkout","POST",99,2.05,31.68,50.44,5,51.66,"0",500,356.21,"0"
"req_002271","2026-10-04 05:31:26",5,"/api/v1/products","POST",45,1.13,31.92,45.39,6,16.43,"0",200,167.57,"0"
"req_002272","2026-10-04 05:35:03",5,"/api/v1/users","GET",42,6.14,27,47.37,0,40.83,"1",150,51.58,"0"
"req_002273","2026-10-04 05:39:53",5,"/api/v1/checkout","POST",37,9.72,27.89,54.81,6,32.09,"0",500,350.88,"0"
"req_002274","2026-10-04 05:40:22",5,"/api/v1/products","GET",21,0.57,24.4,49.13,0,8.28,"1",200,29.26,"0"
"req_002275","2026-10-04 05:42:35",5,"/api/v1/search","GET",35,7.62,32.54,42.79,5,46.19,"0",300,250.92,"0"
"req_002276","2026-10-04 05:45:39",5,"/api/v1/search","GET",20,19.92,27.86,40,2,27.42,"0",300,161.64,"0"
"req_002277","2026-10-04 05:47:04",5,"/api/v1/search","GET",304,6.49,70.48,61.88,0,41.59,"1",300,128.17,"0"
"req_002278","2026-10-04 05:49:18",5,"/api/v1/search","GET",43,5.19,25.4,51.64,2,13.62,"0",300,149.51,"0"
"req_002279","2026-10-04 05:50:14",5,"/api/v1/search","GET",28,1.49,26.89,45.24,0,28.49,"1",300,48.98,"0"
"req_002280","2026-10-04 05:52:12",5,"/api/v1/checkout","PUT",46,2.27,20.13,50.14,8,44.76,"0",500,383.44,"0"
"req_002281","2026-10-04 05:55:03",5,"/api/v1/products","GET",195,2.49,68.57,58.19,0,22.98,"1",200,48.54,"0"
"req_002282","2026-10-04 05:57:22",5,"/api/v1/search","POST",85,3.7,32.45,54.64,6,30.61,"0",300,265.98,"0"
"req_002283","2026-10-04 05:57:27",5,"/api/v1/checkout","POST",467,4.32,92.73,77.48,5,36.52,"0",500,2684.94,"1"
"req_002284","2026-10-04 05:58:35",5,"/api/v1/search","GET",19,2.63,27.06,48.68,1,46.16,"0",300,165.63,"0"
"req_002285","2026-10-04 05:59:13",5,"/api/v1/search","GET",58,7.31,30.8,45.74,0,43.19,"1",300,69.61,"0"
"req_002286","2026-10-04 06:01:01",6,"/api/v1/reports","GET",35,2.54,43.54,39.76,23,58.42,"0",800,810.05,"1"
"req_002287","2026-10-04 06:01:38",6,"/api/v1/checkout","POST",53,4.77,43.24,46.53,6,32.17,"0",500,325.83,"0"
"req_002288","2026-10-04 06:02:57",6,"/api/v1/reports","GET",66,4.42,23.13,51.65,14,26.65,"0",800,614.03,"0"
"req_002289","2026-10-04 06:04:16",6,"/api/v1/products","POST",74,1,32.53,50.48,5,54.51,"0",200,203.88,"1"
"req_002290","2026-10-04 06:04:19",6,"/api/v1/search","GET",30,6.21,30.7,42.47,4,36.08,"0",300,198.38,"0"
"req_002291","2026-10-04 06:10:46",6,"/api/v1/products","GET",28,5.58,33.48,44.74,1,33.83,"0",200,110.15,"0"
"req_002292","2026-10-04 06:11:34",6,"/api/v1/users","GET",35,1.4,31.35,54.12,0,32.86,"1",150,50.16,"0"
"req_002293","2026-10-04 06:12:57",6,"/api/v1/users","GET",50,4.91,41.41,44.91,0,36.02,"1",150,55.99,"0"
"req_002294","2026-10-04 06:15:49",6,"/api/v1/products","GET",38,12.38,35.95,38.73,2,32.81,"0",200,130.26,"0"
"req_002295","2026-10-04 06:16:28",6,"/api/v1/products","GET",428,10.19,97.26,77.01,0,57.87,"1",200,385.3,"1"
"req_002296","2026-10-04 06:17:46",6,"/api/v1/checkout","POST",86,10.31,39.83,44.86,7,35.36,"0",500,371.1,"0"
"req_002297","2026-10-04 06:27:13",6,"/api/v1/reports","GET",20,4.47,39.92,57.05,16,23.37,"0",800,677.95,"0"
"req_002298","2026-10-04 06:29:41",6,"/api/v1/products","POST",10,5.12,25.92,49.03,1,27.09,"0",200,99.99,"0"
"req_002299","2026-10-04 06:30:21",6,"/api/v1/users","GET",159,26.01,48.76,60.56,0,22.42,"1",150,36.17,"0"
"req_002300","2026-10-04 06:32:05",6,"/api/v1/users","GET",31,2.57,26.55,39.33,0,36.26,"1",150,43.25,"0"
"req_002301","2026-10-04 06:33:24",6,"/api/v1/users","GET",152,2.16,42.39,61.67,1,23.18,"0",150,116.37,"0"
"req_002302","2026-10-04 06:33:48",6,"/api/v1/checkout","POST",31,7.21,38.68,34.89,6,15.96,"0",500,319.99,"0"
"req_002303","2026-10-04 06:34:14",6,"/api/v1/checkout","PUT",29,6.98,22.76,42.33,1,15.46,"0",500,229.39,"0"
"req_002304","2026-10-04 06:37:43",6,"/api/v1/users","GET",47,3.42,30.14,35.94,2,34.76,"0",150,114.54,"0"
"req_002305","2026-10-04 06:37:44",6,"/api/v1/search","GET",46,1.63,31.41,39.13,0,31,"1",300,60.5,"0"
"req_002306","2026-10-04 06:38:12",6,"/api/v1/search","GET",15,3.97,29.98,48.2,7,32.23,"0",300,294.62,"0"
"req_002307","2026-10-04 06:40:43",6,"/api/v1/search","GET",52,18.54,25.66,44.51,3,18.38,"0",300,201.7,"0"
"req_002308","2026-10-04 06:41:41",6,"/api/v1/reports","GET",63,11.63,43.4,37.42,17,46.21,"0",800,864.49,"1"
"req_002309","2026-10-04 06:42:40",6,"/api/v1/reports","GET",67,5.53,34.6,46.92,9,21.8,"0",800,551.66,"0"
"req_002310","2026-10-04 06:45:13",6,"/api/v1/reports","GET",49,2.92,38.04,45.78,13,30.96,"0",800,719.48,"0"
"req_002311","2026-10-04 06:48:34",6,"/api/v1/search","POST",20,1.76,18.36,43.47,7,16.97,"0",300,222.22,"0"
"req_002312","2026-10-04 06:53:51",6,"/api/v1/reports","GET",92,4.48,35.62,35.94,11,46.98,"0",800,620.79,"0"
"req_002313","2026-10-04 06:57:01",6,"/api/v1/reports","GET",30,4.69,34.99,46.75,8,32.33,"0",800,543.48,"0"
"req_002314","2026-10-04 06:58:39",6,"/api/v1/reports","GET",17,8.05,35.06,37.72,12,55.16,"0",800,659.8,"0"
"req_002315","2026-10-04 06:58:42",6,"/api/v1/search","POST",24,15.84,27.02,48.91,4,37.29,"0",300,208.12,"0"
"req_002316","2026-10-04 06:58:48",6,"/api/v1/products","GET",24,7.93,29.24,38.94,2,29.56,"0",200,114.3,"0"
"req_002317","2026-10-04 07:04:11",7,"/api/v1/products","GET",78,6.69,45.35,49.72,0,18.06,"1",200,37.04,"0"
"req_002318","2026-10-04 07:05:42",7,"/api/v1/users","GET",250,9.55,65.16,60.24,0,25.95,"1",150,61.35,"0"
"req_002319","2026-10-04 07:10:45",7,"/api/v1/products","GET",65,1.37,33.81,46.88,0,33.74,"1",200,46.35,"0"
"req_002320","2026-10-04 07:11:29",7,"/api/v1/reports","GET",44,46.6,46.01,49.58,12,11.2,"0",800,717.04,"0"
"req_002321","2026-10-04 07:12:23",7,"/api/v1/search","GET",62,1.93,38.56,46.23,0,21.63,"1",300,57.26,"0"
"req_002322","2026-10-04 07:17:30",7,"/api/v1/checkout","POST",24,2.66,33.84,59.69,5,15.84,"0",500,302.58,"0"
"req_002323","2026-10-04 07:19:30",7,"/api/v1/products","POST",31,17.65,25.8,51.83,2,33.83,"0",200,125.34,"0"
"req_002324","2026-10-04 07:21:16",7,"/api/v1/checkout","POST",58,2.16,34.08,51.82,6,32.5,"0",500,308.22,"0"
"req_002325","2026-10-04 07:21:45",7,"/api/v1/users","GET",28,0.74,20.68,45.84,0,18.15,"1",150,33.64,"0"
"req_002326","2026-10-04 07:24:05",7,"/api/v1/checkout","POST",30,3.15,37.68,37.72,7,34.55,"0",500,396.47,"0"
"req_002327","2026-10-04 07:25:17",7,"/api/v1/reports","GET",21,5.54,21.37,40.8,13,26.43,"0",800,551.87,"0"
"req_002328","2026-10-04 07:27:58",7,"/api/v1/checkout","POST",79,11.15,32.19,55.11,9,37.94,"0",500,360.8,"0"
"req_002329","2026-10-04 07:28:51",7,"/api/v1/search","GET",88,1.09,52.64,51.13,3,26.88,"0",300,192.13,"0"
"req_002330","2026-10-04 07:29:37",7,"/api/v1/reports","GET",97,5.55,30.16,61.61,6,51.72,"0",800,559.41,"0"
"req_002331","2026-10-04 07:30:49",7,"/api/v1/users","GET",73,11.24,40.72,51.92,0,24.96,"1",150,32.8,"0"
"req_002332","2026-10-04 07:32:07",7,"/api/v1/products","GET",104,3.11,42.89,53.84,0,35.92,"1",200,52.44,"0"
"req_002333","2026-10-04 07:33:09",7,"/api/v1/products","GET",246,3.98,45.91,62.85,0,31.74,"1",200,61.12,"0"
"req_002334","2026-10-04 07:33:42",7,"/api/v1/users","GET",40,3.29,31.94,43.29,1,26.36,"0",150,89.45,"0"
"req_002335","2026-10-04 07:33:44",7,"/api/v1/products","GET",37,2.33,29.05,40.55,0,33.57,"1",200,51.14,"0"
"req_002336","2026-10-04 07:33:59",7,"/api/v1/users","GET",28,1.57,27.02,44.63,1,22.56,"0",150,86.52,"0"
"req_002337","2026-10-04 07:36:01",7,"/api/v1/products","GET",220,4.84,58.6,59.66,2,43.1,"0",200,171.46,"0"
"req_002338","2026-10-04 07:41:26",7,"/api/v1/products","GET",58,7.53,28.65,45.73,0,41.88,"1",200,57.99,"0"
"req_002339","2026-10-04 07:43:40",7,"/api/v1/checkout","POST",18,3.32,30.14,50.28,5,18.47,"0",500,270.87,"0"
"req_002340","2026-10-04 07:47:49",7,"/api/v1/users","GET",53,11.88,28.65,43.69,0,33.66,"1",150,43.7,"0"
"req_002341","2026-10-04 07:48:15",7,"/api/v1/search","GET",35,5.03,30.46,41.55,4,28.51,"0",300,191.31,"0"
"req_002342","2026-10-04 07:50:38",7,"/api/v1/reports","GET",51,1.88,33.45,39.87,11,46.38,"0",800,640.78,"0"
"req_002343","2026-10-04 07:54:54",7,"/api/v1/users","GET",27,19.39,34.48,44.88,0,32.71,"1",150,39.7,"0"
"req_002344","2026-10-04 07:56:28",7,"/api/v1/products","GET",41,1.7,25.13,40.92,3,41.6,"0",200,150.78,"0"
"req_002345","2026-10-04 07:57:36",7,"/api/v1/search","POST",94,5.25,24.27,54.98,3,21.28,"0",300,194.22,"0"
"req_002346","2026-10-04 07:57:43",7,"/api/v1/search","GET",16,1.97,5,46.24,5,22.03,"0",300,188.07,"0"
"req_002347","2026-10-04 08:00:12",8,"/api/v1/users","GET",16,6.03,22.3,38.84,0,43.4,"1",150,46.79,"0"
"req_002348","2026-10-04 08:01:19",8,"/api/v1/reports","GET",39,3.36,31.7,36.76,11,51.4,"0",800,589.58,"0"
"req_002349","2026-10-04 08:01:46",8,"/api/v1/users","GET",18,1.85,23.95,38.77,0,27.07,"1",150,41.13,"0"
"req_002350","2026-10-04 08:03:50",8,"/api/v1/products","POST",44,2.65,26.67,51.4,1,41.7,"0",200,124.58,"0"
"req_002351","2026-10-04 08:05:36",8,"/api/v1/search","GET",242,36.44,45.08,57.88,0,20.56,"1",300,61.89,"0"
"req_002352","2026-10-04 08:05:53",8,"/api/v1/checkout","POST",33,6.31,16.56,56.14,8,44.41,"0",500,399.9,"0"
"req_002353","2026-10-04 08:06:16",8,"/api/v1/search","GET",31,1.96,23.84,43.74,0,46.23,"1",300,80.72,"0"
"req_002354","2026-10-04 08:08:00",8,"/api/v1/products","GET",6,3.07,16.52,52.4,0,15.51,"1",200,26.74,"0"
"req_002355","2026-10-04 08:08:43",8,"/api/v1/reports","GET",60,2.44,20.69,43.87,11,20.65,"0",800,527.96,"0"
"req_002356","2026-10-04 08:11:10",8,"/api/v1/reports","GET",14,2.97,21.31,36.26,13,31.27,"0",800,605.79,"0"
"req_002357","2026-10-04 08:12:16",8,"/api/v1/products","GET",43,1.76,43.19,45.79,2,37.5,"0",200,144.89,"0"
"req_002358","2026-10-04 08:13:53",8,"/api/v1/checkout","PUT",56,8.84,35.37,42.57,6,32.38,"0",500,331.28,"0"
"req_002359","2026-10-04 08:16:15",8,"/api/v1/reports","GET",10,8.37,22.52,33.61,13,14.94,"0",800,517.69,"0"
"req_002360","2026-10-04 08:16:49",8,"/api/v1/search","GET",176,9.78,39.95,54.4,3,38.46,"0",300,225.56,"0"
"req_002361","2026-10-04 08:21:32",8,"/api/v1/search","GET",20,50.6,26.66,41.17,0,39.76,"1",300,75.29,"0"
"req_002362","2026-10-04 08:22:05",8,"/api/v1/users","GET",86,2.55,38.97,58.45,0,26.21,"1",150,35.3,"0"
"req_002363","2026-10-04 08:22:24",8,"/api/v1/products","GET",25,1.17,15.47,40.25,6,41.51,"0",200,151.79,"0"
"req_002364","2026-10-04 08:22:47",8,"/api/v1/products","GET",15,9.41,30.71,49.84,0,37.85,"1",200,41.34,"0"
"req_002365","2026-10-04 08:24:55",8,"/api/v1/users","GET",22,8.33,18.51,38.03,0,5.42,"1",150,17.79,"0"
"req_002366","2026-10-04 08:29:11",8,"/api/v1/products","GET",44,4.87,39.93,52.4,1,25.29,"0",200,107.28,"0"
"req_002367","2026-10-04 08:32:40",8,"/api/v1/products","POST",37,4.08,43.68,52.76,2,24.85,"0",200,117.29,"0"
"req_002368","2026-10-04 08:34:28",8,"/api/v1/products","GET",51,2.2,42.88,51.56,4,2,"0",200,116.62,"0"
"req_002369","2026-10-04 08:35:33",8,"/api/v1/products","GET",90,4.57,29.49,56.19,2,20.74,"0",200,120.41,"0"
"req_002370","2026-10-04 08:38:45",8,"/api/v1/checkout","POST",19,3.19,29.83,22.19,8,35.23,"0",500,364.67,"0"
"req_002371","2026-10-04 08:42:32",8,"/api/v1/products","GET",13,46.58,35.95,48.04,1,23.86,"0",200,117.53,"0"
"req_002372","2026-10-04 08:43:06",8,"/api/v1/users","GET",31,11.82,36.83,46.25,0,38.01,"1",150,45.03,"0"
"req_002373","2026-10-04 08:45:14",8,"/api/v1/users","GET",14,7.42,16.82,46.68,1,31.43,"0",150,87.01,"0"
"req_002374","2026-10-04 08:52:42",8,"/api/v1/users","POST",36,10.4,17.07,37.43,2,48.76,"0",150,130.49,"0"
"req_002375","2026-10-04 08:54:27",8,"/api/v1/users","GET",58,1.07,22.49,42.67,0,32.12,"1",150,39.75,"0"
"req_002376","2026-10-04 08:55:21",8,"/api/v1/products","GET",25,2.95,26.76,48.12,0,40.84,"1",200,56.36,"0"
"req_002377","2026-10-04 08:55:43",8,"/api/v1/users","POST",26,11.78,19.39,39.47,1,42.55,"0",150,104.87,"0"
"req_002378","2026-10-04 08:56:13",8,"/api/v1/users","GET",9,5.51,27.09,39.76,2,31.04,"0",150,105.72,"0"
"req_002379","2026-10-04 08:57:55",8,"/api/v1/products","GET",45,2.11,41.07,37.49,2,41.99,"0",200,130.91,"0"
"req_002380","2026-10-04 09:01:08",9,"/api/v1/products","GET",31,14.93,21.08,31.63,2,23.96,"0",200,114.09,"0"
"req_002381","2026-10-04 09:01:33",9,"/api/v1/search","GET",73,2.02,23.64,60.16,8,68.61,"0",300,345.92,"1"
"req_002382","2026-10-04 09:05:30",9,"/api/v1/checkout","POST",51,34.71,46.01,40.49,9,29.77,"0",500,441.53,"0"
"req_002383","2026-10-04 09:09:07",9,"/api/v1/checkout","POST",140,4.05,34.96,58.87,6,13.61,"0",500,328.19,"0"
"req_002384","2026-10-04 09:11:41",9,"/api/v1/checkout","POST",9,0.25,20.47,41.17,13,37.14,"0",500,421.71,"0"
"req_002385","2026-10-04 09:12:35",9,"/api/v1/checkout","PUT",84,6.2,41.74,42.98,11,27.39,"0",500,466.98,"0"
"req_002386","2026-10-04 09:14:36",9,"/api/v1/reports","GET",32,3.16,25.9,45.25,16,22.76,"0",800,691.79,"0"
"req_002387","2026-10-04 09:15:29",9,"/api/v1/checkout","POST",19,3.87,15.9,57.04,7,28.31,"0",500,366.49,"0"
"req_002388","2026-10-04 09:17:49",9,"/api/v1/users","GET",29,7.73,34.94,44.53,0,19.57,"1",150,38.07,"0"
"req_002389","2026-10-04 09:19:41",9,"/api/v1/search","POST",38,9.1,31.84,44.22,6,42.18,"0",300,262.62,"0"
"req_002390","2026-10-04 09:22:11",9,"/api/v1/checkout","POST",25,19.71,30.48,40.55,6,30.86,"0",500,338.87,"0"
"req_002391","2026-10-04 09:22:13",9,"/api/v1/reports","GET",60,4.32,32.2,54.29,9,47.6,"0",800,651.34,"0"
"req_002392","2026-10-04 09:25:23",9,"/api/v1/products","GET",11,0.59,16.83,43.69,0,28.73,"1",200,41.41,"0"
"req_002393","2026-10-04 09:28:49",9,"/api/v1/products","GET",45,28.88,30.21,51.45,0,37.52,"1",200,59.06,"0"
"req_002394","2026-10-04 09:29:47",9,"/api/v1/checkout","POST",56,2.47,23.14,58.23,5,39.89,"0",500,321.6,"0"
"req_002395","2026-10-04 09:30:01",9,"/api/v1/products","GET",222,3.39,66.08,54.86,0,29.49,"1",200,54.28,"0"
"req_002396","2026-10-04 09:31:00",9,"/api/v1/search","GET",86,1.45,20.3,53.57,0,41.76,"1",300,72.19,"0"
"req_002397","2026-10-04 09:36:59",9,"/api/v1/search","GET",14,13.61,41.16,43.65,1,33.15,"0",300,156.88,"0"
"req_002398","2026-10-04 09:37:03",9,"/api/v1/checkout","POST",17,3.51,27.22,50.54,4,27.6,"0",500,312.23,"0"
"req_002399","2026-10-04 09:40:12",9,"/api/v1/search","POST",38,1.7,41.79,40.82,3,31.1,"0",300,200.65,"0"
"req_002400","2026-10-04 09:42:16",9,"/api/v1/checkout","PUT",59,1.9,30.8,40.27,5,36.95,"0",500,310.62,"0"
"req_002401","2026-10-04 09:44:39",9,"/api/v1/products","GET",85,10.24,34.71,46.44,0,52.72,"1",200,65.44,"0"
"req_002402","2026-10-04 09:46:00",9,"/api/v1/products","GET",84,5.07,36.91,52.25,1,27.67,"0",200,111.74,"0"
"req_002403","2026-10-04 09:46:06",9,"/api/v1/users","GET",38,6.99,37.58,49.02,0,47.62,"1",150,57.75,"0"
"req_002404","2026-10-04 09:48:22",9,"/api/v1/search","GET",181,4.61,58.41,45.79,2,31.73,"0",300,212.02,"0"
"req_002405","2026-10-04 09:48:31",9,"/api/v1/search","GET",23,6.2,20.58,44.57,0,8.92,"1",300,35.39,"0"
"req_002406","2026-10-04 09:52:45",9,"/api/v1/reports","GET",46,4.69,32.29,49.73,10,25.83,"0",800,538.84,"0"
"req_002407","2026-10-04 09:53:41",9,"/api/v1/search","GET",40,0.54,40.23,46.88,4,37.19,"0",300,222.59,"0"
"req_002408","2026-10-04 09:55:16",9,"/api/v1/products","GET",21,2.59,26.14,44.2,0,49.43,"1",200,52.7,"0"
"req_002409","2026-10-04 09:57:42",9,"/api/v1/checkout","POST",37,5.18,41.96,47.68,7,40.93,"0",500,362.16,"0"
"req_002410","2026-10-04 09:58:25",9,"/api/v1/checkout","POST",98,8.38,36.22,46.11,3,44.16,"0",500,324.27,"0"
"req_002411","2026-10-04 10:00:28",10,"/api/v1/checkout","POST",88,9.39,38.76,48.69,9,66.45,"0",500,415,"0"
"req_002412","2026-10-04 10:00:52",10,"/api/v1/search","GET",17,4.61,30.09,44.36,0,35.3,"1",300,74.74,"0"
"req_002413","2026-10-04 10:06:03",10,"/api/v1/products","GET",54,2.42,24.72,56.02,2,22.04,"0",200,110.24,"0"
"req_002414","2026-10-04 10:06:03",10,"/api/v1/users","GET",63,31.78,42.88,54.43,2,47.52,"0",150,141.27,"0"
"req_002415","2026-10-04 10:08:02",10,"/api/v1/reports","GET",116,3.68,42.49,52.5,13,18.9,"0",800,598.28,"0"
"req_002416","2026-10-04 10:11:56",10,"/api/v1/checkout","POST",26,6.71,36.03,43.25,9,53.21,"0",500,437.93,"0"
"req_002417","2026-10-04 10:13:09",10,"/api/v1/search","GET",59,3.61,33.92,47.16,0,16.62,"1",300,53.46,"0"
"req_002418","2026-10-04 10:14:57",10,"/api/v1/checkout","POST",45,9.8,42.1,46.31,4,22.49,"0",500,286.08,"0"
"req_002419","2026-10-04 10:15:16",10,"/api/v1/products","GET",15,9.86,29.74,45.07,0,30.43,"1",200,49.54,"0"
"req_002420","2026-10-04 10:19:28",10,"/api/v1/users","GET",37,1.67,25.4,31.23,0,39.65,"1",150,43.8,"0"
"req_002421","2026-10-04 10:26:02",10,"/api/v1/products","GET",43,4.67,29.76,48.34,0,24.55,"1",200,39.72,"0"
"req_002422","2026-10-04 10:28:51",10,"/api/v1/search","GET",57,5.45,37.07,41.07,3,31.95,"0",300,191.43,"0"
"req_002423","2026-10-04 10:31:13",10,"/api/v1/checkout","POST",220,2.31,40.93,67.25,5,19.84,"0",500,311.7,"0"
"req_002424","2026-10-04 10:35:42",10,"/api/v1/checkout","PUT",121,3.27,50.41,55.02,4,24.9,"0",500,334.58,"0"
"req_002425","2026-10-04 10:39:04",10,"/api/v1/search","POST",86,2.23,48.77,43.46,6,41.3,"0",300,273.22,"0"
"req_002426","2026-10-04 10:39:21",10,"/api/v1/products","GET",31,1.83,33.03,32.73,0,37.88,"1",200,48.42,"0"
"req_002427","2026-10-04 10:42:06",10,"/api/v1/checkout","POST",39,4.32,48.44,30.26,4,61.36,"0",500,370.82,"0"
"req_002428","2026-10-04 10:42:36",10,"/api/v1/reports","GET",43,12.79,34.62,48.06,12,33.91,"0",800,526.57,"0"
"req_002429","2026-10-04 10:43:46",10,"/api/v1/users","GET",60,2.09,53.26,44.14,1,20.23,"0",150,95.77,"0"
"req_002430","2026-10-04 10:43:52",10,"/api/v1/products","GET",20,2.18,28.21,48.51,3,28.09,"0",200,106.64,"0"
"req_002431","2026-10-04 10:46:05",10,"/api/v1/users","POST",63,33.41,25.81,41.13,1,19.56,"0",150,102.5,"0"
"req_002432","2026-10-04 10:47:41",10,"/api/v1/reports","GET",20,2.32,31.56,45.02,11,14.78,"0",800,537.52,"0"
"req_002433","2026-10-04 10:51:13",10,"/api/v1/reports","GET",249,5.7,62.25,48.88,6,30.63,"0",800,592.26,"0"
"req_002434","2026-10-04 10:51:54",10,"/api/v1/users","GET",38,1.59,24.23,51.79,0,46.81,"1",150,64.92,"0"
"req_002435","2026-10-04 10:54:10",10,"/api/v1/products","GET",32,10.76,38.17,43.51,0,57.14,"1",200,59.8,"0"
"req_002436","2026-10-04 10:56:13",10,"/api/v1/products","GET",47,6.18,27.22,42.81,3,25.24,"0",200,109.88,"0"
"req_002437","2026-10-04 10:59:18",10,"/api/v1/search","GET",20,8.8,15.82,46.41,0,48.04,"1",300,76.57,"0"
"req_002438","2026-10-04 11:00:13",11,"/api/v1/reports","GET",44,3.51,19.68,45.84,10,44.11,"0",800,541.74,"0"
"req_002439","2026-10-04 11:01:45",11,"/api/v1/search","GET",24,0.43,32.61,37.46,7,65.26,"0",300,287.99,"0"
"req_002440","2026-10-04 11:05:26",11,"/api/v1/users","GET",23,7.36,32.61,48.48,2,34.94,"0",150,110.03,"0"
"req_002441","2026-10-04 11:08:22",11,"/api/v1/search","GET",42,18.73,54.94,40.16,0,7.5,"1",300,39.27,"0"
"req_002442","2026-10-04 11:10:03",11,"/api/v1/reports","GET",55,3.58,45.37,42.34,8,59.88,"0",800,598.45,"0"
"req_002443","2026-10-04 11:10:57",11,"/api/v1/search","GET",43,8.68,30.36,49.44,3,55.55,"0",300,204.99,"0"
"req_002444","2026-10-04 11:11:28",11,"/api/v1/users","GET",18,1.76,36.38,43.54,0,43.59,"1",150,53.2,"0"
"req_002445","2026-10-04 11:15:12",11,"/api/v1/users","POST",25,9.8,31.01,31.8,1,39.01,"0",150,104.49,"0"
"req_002446","2026-10-04 11:15:29",11,"/api/v1/users","GET",29,2.28,29.29,50.6,0,56.91,"1",150,62.2,"0"
"req_002447","2026-10-04 11:18:13",11,"/api/v1/checkout","POST",85,2.77,26.94,44.42,3,57.13,"0",500,325.01,"0"
"req_002448","2026-10-04 11:22:58",11,"/api/v1/users","GET",35,2.5,32.59,43.91,0,40.01,"1",150,52.87,"0"
"req_002449","2026-10-04 11:25:59",11,"/api/v1/products","GET",53,6.24,37.28,40.24,0,48.45,"1",200,56.7,"0"
"req_002450","2026-10-04 11:27:37",11,"/api/v1/products","GET",30,4.63,30.13,42.38,0,71.31,"1",200,86.21,"0"
"req_002451","2026-10-04 11:29:15",11,"/api/v1/products","GET",101,3.78,53.28,51.75,0,20.58,"1",200,41.39,"0"
"req_002452","2026-10-04 11:33:07",11,"/api/v1/search","GET",20,1.21,35.73,39.52,0,26.75,"1",300,47.97,"0"
"req_002453","2026-10-04 11:34:10",11,"/api/v1/users","GET",95,3.47,48.33,51.71,0,2.6,"1",150,27.75,"0"
"req_002454","2026-10-04 11:35:19",11,"/api/v1/users","GET",56,6.08,35.19,44.28,0,47.73,"1",150,56.98,"0"
"req_002455","2026-10-04 11:36:34",11,"/api/v1/search","GET",35,15.91,32.47,42.15,7,36.9,"0",300,330.2,"1"
"req_002456","2026-10-04 11:38:11",11,"/api/v1/products","GET",53,11.65,14.78,41.5,0,55.76,"1",200,61.08,"0"
"req_002457","2026-10-04 11:38:40",11,"/api/v1/search","POST",64,7.06,38.91,48.18,4,22.32,"0",300,201.99,"0"
"req_002458","2026-10-04 11:39:30",11,"/api/v1/search","GET",46,6.77,29.54,46.81,0,43.76,"1",300,85.61,"0"
"req_002459","2026-10-04 11:45:49",11,"/api/v1/search","GET",20,3.85,30.37,40.33,8,28.12,"0",300,249.19,"0"
"req_002460","2026-10-04 11:47:08",11,"/api/v1/search","GET",22,2.04,28.47,48.76,0,48.16,"1",300,76.58,"0"
"req_002461","2026-10-04 11:48:23",11,"/api/v1/products","POST",29,5.95,32.61,43.23,4,34.25,"0",200,162.7,"0"
"req_002462","2026-10-04 11:48:27",11,"/api/v1/search","POST",18,2.14,22.3,42.99,3,38.76,"0",300,188.74,"0"
"req_002463","2026-10-04 11:50:11",11,"/api/v1/users","GET",46,4,37.23,45.48,0,46.3,"1",150,48.95,"0"
"req_002464","2026-10-04 11:56:27",11,"/api/v1/users","GET",18,22.1,28.73,39.24,2,35.04,"0",150,107.6,"0"
"req_002465","2026-10-04 12:01:07",12,"/api/v1/search","GET",23,1.49,20.91,41.46,0,45.87,"1",300,71.82,"0"
"req_002466","2026-10-04 12:03:01",12,"/api/v1/users","GET",18,2.19,31.03,43.53,0,23.94,"1",150,29.86,"0"
"req_002467","2026-10-04 12:04:24",12,"/api/v1/reports","GET",60,7,42.63,51.92,10,24.93,"0",800,594.65,"0"
"req_002468","2026-10-04 12:05:07",12,"/api/v1/products","GET",29,9.31,23.45,48.94,1,17.19,"0",200,75.78,"0"
"req_002469","2026-10-04 12:08:06",12,"/api/v1/users","GET",44,1.6,47.06,46.78,1,37.58,"0",150,94.2,"0"
"req_002470","2026-10-04 12:11:18",12,"/api/v1/checkout","POST",44,8.94,32.64,40.56,4,35.53,"0",500,299.59,"0"
"req_002471","2026-10-04 12:13:01",12,"/api/v1/reports","GET",43,6.02,28.43,42.55,16,25.36,"0",800,632.61,"0"
"req_002472","2026-10-04 12:14:02",12,"/api/v1/checkout","PUT",24,7.98,27.81,49.86,5,16.95,"0",500,322.51,"0"
"req_002473","2026-10-04 12:14:47",12,"/api/v1/users","GET",110,7.18,32.36,47.82,0,25.78,"1",150,46.99,"0"
"req_002474","2026-10-04 12:15:16",12,"/api/v1/checkout","POST",22,10.94,33.32,47.65,1,54.77,"0",500,268.25,"0"
"req_002475","2026-10-04 12:15:59",12,"/api/v1/users","GET",32,2.09,16.18,37.77,0,41.14,"1",150,44.07,"0"
"req_002476","2026-10-04 12:16:26",12,"/api/v1/products","GET",22,16.62,19.07,41.94,1,37.01,"0",200,101.68,"0"
"req_002477","2026-10-04 12:17:50",12,"/api/v1/search","GET",18,8.11,22.88,42.39,2,40.52,"0",300,170.96,"0"
"req_002478","2026-10-04 12:18:05",12,"/api/v1/products","GET",31,9.79,25.92,43.57,1,57.84,"0",200,128.65,"0"
"req_002479","2026-10-04 12:18:25",12,"/api/v1/users","POST",46,9.56,31.9,53.27,1,33.48,"0",150,94.98,"0"
"req_002480","2026-10-04 12:18:54",12,"/api/v1/checkout","PUT",8,4.86,19.95,46.82,3,16.33,"0",500,255.49,"0"
"req_002481","2026-10-04 12:32:29",12,"/api/v1/checkout","POST",33,3.51,24.03,44.9,8,18.35,"0",500,328.83,"0"
"req_002482","2026-10-04 12:36:49",12,"/api/v1/checkout","POST",133,10.35,44.52,59.49,4,33.65,"0",500,343.93,"0"
"req_002483","2026-10-04 12:38:04",12,"/api/v1/products","POST",38,2.83,44.86,54.3,2,25.92,"0",200,115.91,"0"
"req_002484","2026-10-04 12:39:48",12,"/api/v1/users","GET",17,4.57,32.67,55.73,0,19.57,"1",150,20.87,"0"
"req_002485","2026-10-04 12:39:56",12,"/api/v1/users","GET",54,6.78,21.36,51.18,0,43.11,"1",150,49.9,"0"
"req_002486","2026-10-04 12:41:46",12,"/api/v1/products","GET",10,3.02,39.08,40.32,0,37.85,"1",200,59.06,"0"
"req_002487","2026-10-04 12:42:09",12,"/api/v1/products","GET",30,25.9,18.94,49.26,3,38.35,"0",200,158.07,"0"
"req_002488","2026-10-04 12:48:03",12,"/api/v1/search","GET",28,3.14,18.21,54.81,8,31.01,"0",300,253.16,"0"
"req_002489","2026-10-04 12:48:37",12,"/api/v1/products","GET",11,19.43,26.52,43.56,2,13.84,"0",200,110.76,"0"
"req_002490","2026-10-04 12:48:38",12,"/api/v1/products","POST",50,7.07,45.34,43.38,1,21.11,"0",200,109.78,"0"
"req_002491","2026-10-04 12:48:43",12,"/api/v1/checkout","POST",63,4.39,37.66,57.44,9,18.75,"0",500,376.12,"0"
"req_002492","2026-10-04 12:51:33",12,"/api/v1/search","GET",96,1,45.29,62.73,3,43.18,"0",300,217.46,"0"
"req_002493","2026-10-04 12:56:32",12,"/api/v1/checkout","POST",144,1.35,47.59,55.07,9,34.99,"0",500,433.76,"0"
"req_002494","2026-10-04 12:57:16",12,"/api/v1/reports","GET",30,10.23,29.29,41.44,16,49.52,"0",800,632.84,"0"
"req_002495","2026-10-04 12:57:48",12,"/api/v1/reports","GET",80,5.56,36.33,35.02,10,25.79,"0",800,644.3,"0"
"req_002496","2026-10-04 12:59:14",12,"/api/v1/products","GET",29,0.49,5.47,42.19,0,12.71,"1",200,31.78,"0"
"req_002497","2026-10-04 13:02:04",13,"/api/v1/users","GET",56,3.35,34.39,59.64,1,37.53,"0",150,105.69,"0"
"req_002498","2026-10-04 13:07:55",13,"/api/v1/products","GET",24,2.91,42.86,46.87,2,26.41,"0",200,111.29,"0"
"req_002499","2026-10-04 13:08:59",13,"/api/v1/users","GET",42,1.48,21.59,43.46,1,43.37,"0",150,112.87,"0"
"req_002500","2026-10-04 13:12:50",13,"/api/v1/checkout","POST",113,5.1,58.95,42.92,3,44.9,"0",500,314.54,"0"
"req_002501","2026-10-04 13:13:03",13,"/api/v1/products","GET",56,3.1,45.62,44.89,1,115.55,"0",200,183.87,"0"
"req_002502","2026-10-04 13:13:20",13,"/api/v1/reports","GET",33,1.94,40.09,38.8,10,48.83,"0",800,596.02,"0"
"req_002503","2026-10-04 13:13:55",13,"/api/v1/users","GET",9,17.84,27.88,55.5,1,34.98,"0",150,94.37,"0"
"req_002504","2026-10-04 13:15:46",13,"/api/v1/users","GET",52,5.48,32.24,52.32,0,29.6,"1",150,33.76,"0"
"req_002505","2026-10-04 13:20:13",13,"/api/v1/reports","GET",189,0.7,41.6,61.86,14,19.79,"0",800,711.82,"0"
"req_002506","2026-10-04 13:23:28",13,"/api/v1/users","GET",22,11.28,28.68,38.86,0,53.42,"1",150,64.79,"0"
"req_002507","2026-10-04 13:30:06",13,"/api/v1/users","GET",35,3.27,29.02,50.64,0,36.53,"1",150,55.13,"0"
"req_002508","2026-10-04 13:31:45",13,"/api/v1/search","GET",91,9.18,32.17,39.99,7,35.01,"0",300,275.94,"0"
"req_002509","2026-10-04 13:33:23",13,"/api/v1/products","GET",153,6.2,44.48,48.8,0,46.52,"1",200,62.05,"0"
"req_002510","2026-10-04 13:37:50",13,"/api/v1/checkout","PUT",25,2.38,26.42,48.49,8,24.2,"0",500,339.62,"0"
"req_002511","2026-10-04 13:38:15",13,"/api/v1/users","POST",30,10.15,37,47.35,1,19.51,"0",150,95.61,"0"
"req_002512","2026-10-04 13:40:02",13,"/api/v1/checkout","POST",12,3.85,17.17,33.49,15,65.37,"0",500,428.91,"0"
"req_002513","2026-10-04 13:41:33",13,"/api/v1/checkout","POST",53,1.73,32.25,43.69,2,25.95,"0",500,250.1,"0"
"req_002514","2026-10-04 13:42:41",13,"/api/v1/users","GET",121,3.09,45.16,53.28,1,25.6,"0",150,113.99,"0"
"req_002515","2026-10-04 13:44:18",13,"/api/v1/products","GET",44,3.95,25.93,42.89,0,41.59,"1",200,60.14,"0"
"req_002516","2026-10-04 13:48:14",13,"/api/v1/users","GET",89,5.14,42.78,48.71,0,26.05,"1",150,43.35,"0"
"req_002517","2026-10-04 13:48:50",13,"/api/v1/users","GET",49,1.84,46.62,51.23,1,30.97,"0",150,105.45,"0"
"req_002518","2026-10-04 13:48:51",13,"/api/v1/search","POST",57,8.79,34.57,50.84,2,61.51,"0",300,201.81,"0"
"req_002519","2026-10-04 13:51:28",13,"/api/v1/search","POST",97,4.46,35.09,45.33,4,33.43,"0",300,222.25,"0"
"req_002520","2026-10-04 13:52:54",13,"/api/v1/products","GET",72,3.91,37.86,46.87,0,33.43,"1",200,66.86,"0"
"req_002521","2026-10-04 13:54:33",13,"/api/v1/reports","GET",11,1.12,28.95,42.76,10,42.12,"0",800,631.72,"0"
"req_002522","2026-10-04 13:54:34",13,"/api/v1/products","GET",113,3.91,51.53,51.44,0,24.11,"1",200,52.62,"0"
"req_002523","2026-10-04 13:55:36",13,"/api/v1/products","GET",47,5.91,29.33,51.34,0,59.42,"1",200,85.1,"0"
"req_002524","2026-10-04 13:57:40",13,"/api/v1/users","GET",253,2.67,62.92,65,0,38.38,"1",150,60.07,"0"
"req_002525","2026-10-04 14:00:15",14,"/api/v1/reports","GET",307,1.24,69.66,65.3,10,39.13,"0",800,687.3,"0"
"req_002526","2026-10-04 14:01:18",14,"/api/v1/search","GET",23,8.58,19.59,38.65,0,31.87,"1",300,55.95,"0"
"req_002527","2026-10-04 14:02:46",14,"/api/v1/users","GET",187,3.35,59.69,58.88,1,26.08,"0",150,130.67,"0"
"req_002528","2026-10-04 14:04:45",14,"/api/v1/search","GET",55,3.27,31.26,36.27,2,28.9,"0",300,173.63,"0"
"req_002529","2026-10-04 14:07:20",14,"/api/v1/products","GET",34,4.36,33.41,50.95,1,34.42,"0",200,105.99,"0"
"req_002530","2026-10-04 14:09:50",14,"/api/v1/users","GET",49,2.51,24.28,57.4,2,38.65,"0",150,110.8,"0"
"req_002531","2026-10-04 14:10:45",14,"/api/v1/products","GET",66,11.89,34.69,54.58,0,38.91,"1",200,54.48,"0"
"req_002532","2026-10-04 14:11:30",14,"/api/v1/products","GET",42,2.01,36.2,38.04,0,40.61,"1",200,50.51,"0"
"req_002533","2026-10-04 14:13:24",14,"/api/v1/users","POST",23,4.42,37.81,42.82,3,25.77,"0",150,136,"0"
"req_002534","2026-10-04 14:16:26",14,"/api/v1/users","GET",56,0.9,25.09,43.59,0,14.07,"1",150,19.53,"0"
"req_002535","2026-10-04 14:16:45",14,"/api/v1/users","GET",20,0.84,27.32,43.89,2,44.08,"0",150,118.74,"0"
"req_002536","2026-10-04 14:16:49",14,"/api/v1/search","GET",42,9.21,20.34,46.41,0,19.99,"1",300,47.04,"0"
"req_002537","2026-10-04 14:17:20",14,"/api/v1/users","GET",111,12.5,27.61,54.12,0,23.95,"1",150,42.52,"0"
"req_002538","2026-10-04 14:20:32",14,"/api/v1/reports","GET",18,9.88,22,53.41,13,28.19,"0",800,538.84,"0"
"req_002539","2026-10-04 14:20:36",14,"/api/v1/checkout","PUT",43,7.8,23.92,54.8,3,54.06,"0",500,308.23,"0"
"req_002540","2026-10-04 14:20:37",14,"/api/v1/products","GET",80,1.67,42.13,47.88,2,22.56,"0",200,119.23,"0"
"req_002541","2026-10-04 14:24:29",14,"/api/v1/search","GET",49,8.91,38.68,50.23,0,55.82,"1",300,88.29,"0"
"req_002542","2026-10-04 14:27:26",14,"/api/v1/products","GET",34,1.63,36.57,54.84,2,47.99,"0",200,141.13,"0"
"req_002543","2026-10-04 14:35:59",14,"/api/v1/users","GET",24,20.77,28.75,53.02,0,28.47,"1",150,29.6,"0"
"req_002544","2026-10-04 14:36:13",14,"/api/v1/search","GET",42,18.59,33.73,35.52,0,43.82,"1",300,64.35,"0"
"req_002545","2026-10-04 14:38:41",14,"/api/v1/products","GET",135,6.16,44.55,50.7,0,47.37,"1",200,70.66,"0"
"req_002546","2026-10-04 14:40:06",14,"/api/v1/products","GET",33,8.44,31.34,46,2,37.37,"0",200,145.91,"0"
"req_002547","2026-10-04 14:41:09",14,"/api/v1/products","GET",34,3.31,31.16,54.22,4,42.59,"0",200,202.91,"1"
"req_002548","2026-10-04 14:41:15",14,"/api/v1/reports","GET",56,13.04,26.45,40.9,10,14.97,"0",800,512.97,"0"
"req_002549","2026-10-04 14:43:30",14,"/api/v1/products","GET",52,2.92,34.04,46.13,0,27.49,"1",200,41.62,"0"
"req_002550","2026-10-04 14:44:19",14,"/api/v1/checkout","POST",164,1.11,68.84,44.31,5,26.76,"0",500,393.54,"0"
"req_002551","2026-10-04 14:46:20",14,"/api/v1/search","GET",181,2.93,46.61,69.62,0,31.01,"1",300,59.96,"0"
"req_002552","2026-10-04 14:56:20",14,"/api/v1/search","GET",19,8.22,20.78,52.1,0,39.52,"1",300,62.91,"0"
"req_002553","2026-10-04 15:02:02",15,"/api/v1/users","POST",72,8.85,33.55,43.86,2,30.35,"0",150,126.49,"0"
"req_002554","2026-10-04 15:03:11",15,"/api/v1/products","POST",65,1.73,34.51,40.91,3,54.8,"0",200,165.52,"0"
"req_002555","2026-10-04 15:06:50",15,"/api/v1/reports","GET",46,14.61,17.83,50.87,6,53.8,"0",800,540.82,"0"
"req_002556","2026-10-04 15:07:08",15,"/api/v1/search","GET",54,4.89,33.54,48.67,3,41.73,"0",300,191.1,"0"
"req_002557","2026-10-04 15:09:18",15,"/api/v1/search","GET",94,3.9,31.64,60.12,5,40.96,"0",300,252.29,"0"
"req_002558","2026-10-04 15:09:25",15,"/api/v1/users","GET",85,14.14,45.11,45.45,0,44.22,"1",150,61.99,"0"
"req_002559","2026-10-04 15:12:20",15,"/api/v1/checkout","POST",20,35.35,38.32,48.22,4,52.4,"0",500,340.57,"0"
"req_002560","2026-10-04 15:12:25",15,"/api/v1/checkout","PUT",107,7.7,39.83,52.09,9,60.46,"0",500,434.14,"0"
"req_002561","2026-10-04 15:15:31",15,"/api/v1/users","GET",139,1,36.68,63.61,1,47.62,"0",150,135.66,"0"
"req_002562","2026-10-04 15:18:26",15,"/api/v1/users","GET",65,8.9,29.53,41.98,0,63.8,"1",150,86.3,"0"
"req_002563","2026-10-04 15:18:37",15,"/api/v1/products","GET",6,2.57,13.28,40.45,3,60.75,"0",200,148.09,"0"
"req_002564","2026-10-04 15:19:20",15,"/api/v1/users","GET",131,5.39,52.6,50.61,0,17.08,"1",150,32.4,"0"
"req_002565","2026-10-04 15:19:44",15,"/api/v1/search","GET",15,1.6,12.19,44.59,0,32.15,"1",300,47.07,"0"
"req_002566","2026-10-04 15:27:32",15,"/api/v1/search","GET",147,7.74,48.68,53.66,0,28.16,"1",300,63.05,"0"
"req_002567","2026-10-04 15:29:00",15,"/api/v1/search","GET",42,11.03,40.6,38.86,0,9.46,"1",300,36.78,"0"
"req_002568","2026-10-04 15:29:03",15,"/api/v1/search","GET",24,5.55,25.95,45.73,1,53.4,"0",300,172.29,"0"
"req_002569","2026-10-04 15:29:08",15,"/api/v1/products","GET",13,23.1,16.92,40.33,2,22.05,"0",200,118.17,"0"
"req_002570","2026-10-04 15:33:42",15,"/api/v1/users","GET",91,0.93,22.34,57.49,1,38.8,"0",150,114.1,"0"
"req_002571","2026-10-04 15:34:20",15,"/api/v1/users","GET",34,5.21,23.34,37.62,0,42.91,"1",150,58.48,"0"
"req_002572","2026-10-04 15:35:16",15,"/api/v1/users","GET",40,3.13,20.23,52.34,3,22.73,"0",150,113.51,"0"
"req_002573","2026-10-04 15:35:18",15,"/api/v1/reports","POST",49,29.28,36.38,45.34,15,43.43,"0",800,730.8,"0"
"req_002574","2026-10-04 15:35:52",15,"/api/v1/checkout","PUT",36,4.24,44.26,46.07,3,32.59,"0",500,303.99,"0"
"req_002575","2026-10-04 15:36:58",15,"/api/v1/products","GET",18,6.22,18.13,44.82,0,4.69,"1",200,18.42,"0"
"req_002576","2026-10-04 15:38:55",15,"/api/v1/users","POST",7,3.71,29.08,50.25,1,71.46,"0",150,136.83,"0"
"req_002577","2026-10-04 15:39:57",15,"/api/v1/reports","GET",85,1.06,25.37,50.14,10,17.24,"0",800,551.03,"0"
"req_002578","2026-10-04 15:40:56",15,"/api/v1/products","GET",91,7.39,40.59,54.16,0,34.83,"1",200,53.23,"0"
"req_002579","2026-10-04 15:41:12",15,"/api/v1/users","GET",36,2.42,46.9,49.36,1,23.78,"0",150,87.2,"0"
"req_002580","2026-10-04 15:41:45",15,"/api/v1/products","GET",28,2.94,19.99,50,0,34.63,"1",200,56.11,"0"
"req_002581","2026-10-04 15:42:50",15,"/api/v1/reports","GET",96,28.08,43.01,47.04,12,32.32,"0",800,626.12,"0"
"req_002582","2026-10-04 15:48:54",15,"/api/v1/checkout","POST",25,2.17,31.29,52.32,8,8.23,"0",500,374.41,"0"
"req_002583","2026-10-04 15:49:18",15,"/api/v1/products","GET",69,6.17,22.81,50.48,0,40.15,"1",200,55.42,"0"
"req_002584","2026-10-04 15:50:05",15,"/api/v1/search","GET",16,4.01,39.29,39.21,0,17.74,"1",300,43.26,"0"
"req_002585","2026-10-04 15:55:44",15,"/api/v1/users","GET",88,4.73,44.04,56.35,0,23.27,"1",150,29.13,"0"
"req_002586","2026-10-04 15:57:40",15,"/api/v1/search","GET",56,23.65,27.11,49.25,2,35.74,"0",300,183.18,"0"
"req_002587","2026-10-04 15:58:14",15,"/api/v1/search","GET",45,3.75,24.85,49.17,4,27.76,"0",300,181.35,"0"
"req_002588","2026-10-04 16:05:07",16,"/api/v1/checkout","POST",38,3.97,28.12,52.15,4,33.6,"0",500,306.43,"0"
"req_002589","2026-10-04 16:05:15",16,"/api/v1/users","GET",108,21.89,39.79,42.2,0,27.6,"1",150,36.61,"0"
"req_002590","2026-10-04 16:10:00",16,"/api/v1/reports","GET",108,13.33,40.23,53.09,9,36.14,"0",800,596.29,"0"
"req_002591","2026-10-04 16:12:32",16,"/api/v1/search","GET",119,5.83,43.69,58.06,2,31.51,"0",300,196.19,"0"
"req_002592","2026-10-04 16:16:22",16,"/api/v1/checkout","POST",268,6.29,69.5,68.63,10,23.04,"0",500,518.3,"1"
"req_002593","2026-10-04 16:16:32",16,"/api/v1/users","GET",27,8.43,25.94,46.13,0,27.67,"1",150,37.6,"0"
"req_002594","2026-10-04 16:16:41",16,"/api/v1/products","GET",22,9.09,32.45,51.2,0,34.1,"1",200,47.17,"0"
"req_002595","2026-10-04 16:21:10",16,"/api/v1/checkout","POST",212,15.56,47.32,53.14,4,34.43,"0",500,322.82,"0"
"req_002596","2026-10-04 16:24:36",16,"/api/v1/users","GET",51,3.06,32.6,43.57,0,51.5,"1",150,68.78,"0"
"req_002597","2026-10-04 16:24:37",16,"/api/v1/search","POST",116,4.74,43.12,47.85,2,34.52,"0",300,193.75,"0"
"req_002598","2026-10-04 16:25:42",16,"/api/v1/products","GET",53,1.24,45.21,56.3,0,29.52,"1",200,50.08,"0"
"req_002599","2026-10-04 16:28:38",16,"/api/v1/checkout","POST",16,14.43,31.86,45.55,7,46.45,"0",500,360.01,"0"
"req_002600","2026-10-04 16:29:20",16,"/api/v1/checkout","PUT",101,7.09,26.76,47.99,14,44.51,"0",500,451.25,"0"
"req_002601","2026-10-04 16:29:43",16,"/api/v1/products","GET",70,0.41,37.18,50.57,0,39.26,"1",200,51.22,"0"
"req_002602","2026-10-04 16:31:03",16,"/api/v1/products","GET",18,9.01,34.3,34.2,4,31.87,"0",200,155.23,"0"
"req_002603","2026-10-04 16:31:56",16,"/api/v1/products","GET",32,10.39,30.63,55.28,1,32.55,"0",200,102.64,"0"
"req_002604","2026-10-04 16:33:09",16,"/api/v1/products","GET",35,7.06,29.38,48.3,0,38.24,"1",200,60.07,"0"
"req_002605","2026-10-04 16:34:22",16,"/api/v1/checkout","POST",46,11.56,22.95,57.72,5,23.24,"0",500,300.64,"0"
"req_002606","2026-10-04 16:37:18",16,"/api/v1/users","GET",30,5.71,32.46,39.15,1,21.23,"0",150,84.07,"0"
"req_002607","2026-10-04 16:37:29",16,"/api/v1/search","GET",30,3.57,30.08,48.75,0,28.09,"1",300,61.04,"0"
"req_002608","2026-10-04 16:37:53",16,"/api/v1/users","GET",52,2.73,52.82,46.28,0,33.59,"1",150,46.7,"0"
"req_002609","2026-10-04 16:39:01",16,"/api/v1/users","GET",48,1.01,35.66,50.88,0,68.37,"1",150,81.82,"0"
"req_002610","2026-10-04 16:42:15",16,"/api/v1/checkout","POST",8,5.44,24.79,46.73,8,18.21,"0",500,325.21,"0"
"req_002611","2026-10-04 16:42:52",16,"/api/v1/users","GET",24,2.02,41.45,43.42,0,45.75,"1",150,60.67,"0"
"req_002612","2026-10-04 16:43:03",16,"/api/v1/users","GET",35,3.48,25.95,54.36,0,64.68,"1",150,73.23,"0"
"req_002613","2026-10-04 16:43:30",16,"/api/v1/checkout","POST",65,1.68,27.16,40.68,3,45.73,"0",500,300.56,"0"
"req_002614","2026-10-04 16:48:31",16,"/api/v1/reports","GET",67,23.97,40.41,44.47,11,48.55,"0",800,707.2,"0"
"req_002615","2026-10-04 16:53:02",16,"/api/v1/users","GET",33,1.46,26.8,51.17,0,32.04,"1",150,42.14,"0"
"req_002616","2026-10-04 16:54:37",16,"/api/v1/search","GET",24,21.53,49.66,43.67,7,47.86,"0",300,292.18,"0"
"req_002617","2026-10-04 16:57:55",16,"/api/v1/users","GET",32,4.93,19.35,39.6,0,43.66,"1",150,59.55,"0"
"req_002618","2026-10-04 16:58:13",16,"/api/v1/products","POST",41,10.24,33.49,49.15,1,39.1,"0",200,111.43,"0"
"req_002619","2026-10-04 17:01:40",17,"/api/v1/products","GET",37,2.56,33.28,53.59,0,39.46,"1",200,56.04,"0"
"req_002620","2026-10-04 17:04:42",17,"/api/v1/products","GET",40,4.21,28.53,48.26,0,45.13,"1",200,66.62,"0"
"req_002621","2026-10-04 17:07:14",17,"/api/v1/reports","GET",40,2.7,29.91,55.3,11,43.27,"0",800,628.01,"0"
"req_002622","2026-10-04 17:08:32",17,"/api/v1/users","GET",8,0.84,34.31,43.52,0,12.3,"1",150,26.37,"0"
"req_002623","2026-10-04 17:16:16",17,"/api/v1/checkout","POST",134,12.19,53.28,47.95,5,33.58,"0",500,338.64,"0"
"req_002624","2026-10-04 17:16:46",17,"/api/v1/products","GET",17,24.44,34,43.34,0,33.08,"1",200,42.01,"0"
"req_002625","2026-10-04 17:18:06",17,"/api/v1/checkout","POST",18,1.68,19.82,48.18,9,40.78,"0",500,408.35,"0"
"req_002626","2026-10-04 17:19:51",17,"/api/v1/users","GET",37,5.8,25.76,44.79,1,28.83,"0",150,92.75,"0"
"req_002627","2026-10-04 17:24:27",17,"/api/v1/products","GET",75,2.32,38.85,53.23,0,25.54,"1",200,34.67,"0"
"req_002628","2026-10-04 17:24:33",17,"/api/v1/search","GET",35,3.4,22.86,45.92,5,19.27,"0",300,224.64,"0"
"req_002629","2026-10-04 17:25:10",17,"/api/v1/users","GET",73,3.17,35.32,41.69,3,33.62,"0",150,121.02,"0"
"req_002630","2026-10-04 17:25:13",17,"/api/v1/products","POST",33,6.03,29.95,40.28,1,38.35,"0",200,116.93,"0"
"req_002631","2026-10-04 17:27:00",17,"/api/v1/users","GET",39,4.78,18.23,46.23,0,40.21,"1",150,48.99,"0"
"req_002632","2026-10-04 17:28:16",17,"/api/v1/products","GET",23,5.19,30.6,51.98,0,32.56,"1",200,43.51,"0"
"req_002633","2026-10-04 17:30:16",17,"/api/v1/products","GET",31,3.89,31.77,44.14,0,61.91,"1",200,79.19,"0"
"req_002634","2026-10-04 17:31:21",17,"/api/v1/reports","GET",11,7.26,18,35.48,11,43.28,"0",800,591.03,"0"
"req_002635","2026-10-04 17:31:28",17,"/api/v1/checkout","PUT",35,4.69,25.76,57.5,10,41.33,"0",500,388.05,"0"
"req_002636","2026-10-04 17:34:05",17,"/api/v1/reports","GET",11,5.78,21.4,40.57,7,46.2,"0",800,525.82,"0"
"req_002637","2026-10-04 17:34:48",17,"/api/v1/checkout","POST",51,35.28,32.49,45.53,3,62.92,"0",500,337.55,"0"
"req_002638","2026-10-04 17:38:17",17,"/api/v1/reports","GET",367,3.91,96.01,73.34,16,41.53,"0",800,6033.4,"1"
"req_002639","2026-10-04 17:38:21",17,"/api/v1/products","POST",11,3.22,14.29,40.36,3,28.03,"0",200,128.18,"0"
"req_002640","2026-10-04 17:38:56",17,"/api/v1/checkout","POST",16,3.95,31.75,40.46,5,26.03,"0",500,270.34,"0"
"req_002641","2026-10-04 17:39:54",17,"/api/v1/users","GET",36,1.76,45.93,35.99,1,15.76,"0",150,69.97,"0"
"req_002642","2026-10-04 17:48:03",17,"/api/v1/users","GET",23,15.35,19.66,44.59,0,31.7,"1",150,41.27,"0"
"req_002643","2026-10-04 17:52:23",17,"/api/v1/reports","GET",53,4.43,40.62,46.05,9,28.53,"0",800,551.19,"0"
"req_002644","2026-10-04 17:56:02",17,"/api/v1/users","GET",166,6.71,60.69,56.81,0,26.31,"1",150,40.02,"0"
"req_002645","2026-10-04 17:57:24",17,"/api/v1/products","GET",119,4.34,56.59,58.06,0,21.6,"1",200,43.92,"0"
"req_002646","2026-10-04 17:59:48",17,"/api/v1/products","GET",27,3.26,32.15,39.23,0,49.73,"1",200,67.42,"0"
"req_002647","2026-10-04 18:03:07",18,"/api/v1/checkout","POST",109,2.93,29.85,50.74,7,75.07,"0",500,388.24,"0"
"req_002648","2026-10-04 18:03:19",18,"/api/v1/checkout","POST",85,2.74,38.57,46.22,6,18.17,"0",500,352.87,"0"
"req_002649","2026-10-04 18:05:55",18,"/api/v1/users","GET",68,27.4,40.16,47.51,0,10.01,"1",150,21.1,"0"
"req_002650","2026-10-04 18:12:02",18,"/api/v1/products","GET",23,1.8,22.24,40.14,1,47.45,"0",200,123.64,"0"
"req_002651","2026-10-04 18:13:30",18,"/api/v1/users","GET",83,10.2,42.17,49.32,0,14.32,"1",150,29.29,"0"
"req_002652","2026-10-04 18:16:50",18,"/api/v1/products","GET",75,3.97,41.06,46.91,0,39.39,"1",200,54.51,"0"
"req_002653","2026-10-04 18:24:31",18,"/api/v1/products","GET",122,1.21,48.57,63.81,0,35.91,"1",200,61.78,"0"
"req_002654","2026-10-04 18:24:48",18,"/api/v1/reports","POST",24,7.26,26.76,43.45,15,25.75,"0",800,738.59,"0"
"req_002655","2026-10-04 18:28:55",18,"/api/v1/checkout","POST",41,4.51,24.22,34.56,6,31.68,"0",500,323,"0"
"req_002656","2026-10-04 18:31:15",18,"/api/v1/reports","GET",25,1.94,38.47,32.04,13,19.32,"0",800,734.08,"0"
"req_002657","2026-10-04 18:33:01",18,"/api/v1/products","GET",12,4.55,24.54,52.37,1,29.6,"0",200,89.14,"0"
"req_002658","2026-10-04 18:34:57",18,"/api/v1/users","GET",35,6.38,23.94,47.35,2,34.38,"0",150,116.55,"0"
"req_002659","2026-10-04 18:35:29",18,"/api/v1/checkout","POST",64,11.64,33.12,45.52,9,19.1,"0",500,404.88,"0"
"req_002660","2026-10-04 18:39:19",18,"/api/v1/reports","GET",60,1.5,33.4,42.84,13,24.54,"0",800,588.27,"0"
"req_002661","2026-10-04 18:39:24",18,"/api/v1/reports","GET",14,4.98,27.38,46.96,13,12.86,"0",800,608.33,"0"
"req_002662","2026-10-04 18:39:30",18,"/api/v1/products","GET",118,2.59,48.87,49.68,0,47.49,"1",200,59.74,"0"
"req_002663","2026-10-04 18:49:46",18,"/api/v1/products","GET",89,2.39,26.56,55.9,0,24.65,"1",200,37.53,"0"
"req_002664","2026-10-04 18:49:54",18,"/api/v1/checkout","POST",26,4.38,24.42,37.85,5,28.32,"0",500,280.65,"0"
"req_002665","2026-10-04 18:56:12",18,"/api/v1/products","GET",69,12.41,47.37,41.98,0,47.05,"1",200,60.26,"0"
"req_002666","2026-10-04 18:56:26",18,"/api/v1/users","GET",12,2.21,42,41.47,0,34.39,"1",150,42.22,"0"
"req_002667","2026-10-04 18:57:14",18,"/api/v1/search","POST",23,3.5,29.41,47.6,6,19.26,"0",300,222.96,"0"
"req_002668","2026-10-04 18:57:46",18,"/api/v1/products","GET",84,6.99,34.24,53.52,0,30.53,"1",200,41.5,"0"
"req_002669","2026-10-04 19:00:03",19,"/api/v1/products","GET",32,1.79,19.56,50.43,4,43.73,"0",200,160.29,"0"
"req_002670","2026-10-04 19:00:51",19,"/api/v1/users","GET",25,2.37,32.85,40.86,0,17.31,"1",150,43.73,"0"
"req_002671","2026-10-04 19:05:22",19,"/api/v1/products","GET",51,7.69,35.37,54.27,0,32.92,"1",200,42.99,"0"
"req_002672","2026-10-04 19:05:32",19,"/api/v1/users","GET",21,2.33,34.41,62.55,0,54.85,"1",150,69.51,"0"
"req_002673","2026-10-04 19:06:27",19,"/api/v1/users","POST",12,5.91,24.2,49.37,4,34.95,"0",150,127.03,"0"
"req_002674","2026-10-04 19:08:12",19,"/api/v1/products","GET",50,2.38,29.14,32.15,1,28.55,"0",200,99.35,"0"
"req_002675","2026-10-04 19:12:20",19,"/api/v1/users","GET",38,10.78,32.14,44.85,0,63.09,"1",150,81.57,"0"
"req_002676","2026-10-04 19:14:41",19,"/api/v1/search","GET",39,7.16,22.99,46.02,0,34.92,"1",300,65.69,"0"
"req_002677","2026-10-04 19:15:45",19,"/api/v1/checkout","POST",79,11.32,21.01,43.1,3,15.55,"0",500,240.54,"0"
"req_002678","2026-10-04 19:17:54",19,"/api/v1/users","GET",34,3.87,25.31,53.39,3,41.57,"0",150,99.54,"0"
"req_002679","2026-10-04 19:18:19",19,"/api/v1/products","GET",36,12.53,29.93,43.47,0,23.88,"1",200,35.99,"0"
"req_002680","2026-10-04 19:20:31",19,"/api/v1/reports","GET",15,3.91,31.84,44.97,9,45.93,"0",800,560.48,"0"
"req_002681","2026-10-04 19:22:28",19,"/api/v1/users","GET",11,8.28,27.4,44.15,0,21.94,"1",150,32.26,"0"
"req_002682","2026-10-04 19:26:43",19,"/api/v1/checkout","POST",32,4.51,30.58,53.06,4,32.61,"0",500,331.03,"0"
"req_002683","2026-10-04 19:30:29",19,"/api/v1/checkout","POST",17,12.93,27.45,46.72,6,36.31,"0",500,312.42,"0"
"req_002684","2026-10-04 19:33:04",19,"/api/v1/search","GET",47,14.63,13.16,49.81,4,25.21,"0",300,191.01,"0"
"req_002685","2026-10-04 19:36:36",19,"/api/v1/products","GET",35,3.13,23.26,30.78,0,16.41,"1",200,33.69,"0"
"req_002686","2026-10-04 19:37:39",19,"/api/v1/checkout","PUT",110,1.9,33.85,44.17,3,41.21,"0",500,282.64,"0"
"req_002687","2026-10-04 19:39:28",19,"/api/v1/products","GET",31,1.7,25.25,38.78,0,29.88,"1",200,37.99,"0"
"req_002688","2026-10-04 19:40:29",19,"/api/v1/products","GET",33,2.32,27.54,39.98,0,32.78,"1",200,53.69,"0"
"req_002689","2026-10-04 19:41:08",19,"/api/v1/checkout","POST",29,1,31.5,43.55,3,45.03,"0",500,310.3,"0"
"req_002690","2026-10-04 19:41:12",19,"/api/v1/reports","GET",37,15.69,28.39,49.66,16,39.94,"0",800,697.32,"0"
"req_002691","2026-10-04 19:42:15",19,"/api/v1/users","GET",36,3.05,20.09,46.34,0,29.36,"1",150,43.32,"0"
"req_002692","2026-10-04 19:43:48",19,"/api/v1/products","GET",74,1.55,56.68,42.12,0,17.91,"1",200,30.39,"0"
"req_002693","2026-10-04 19:44:44",19,"/api/v1/products","POST",16,1.04,21.52,46.83,2,52.5,"0",200,139.24,"0"
"req_002694","2026-10-04 19:48:10",19,"/api/v1/users","GET",54,6.89,28.15,53.53,0,46.24,"1",150,63.77,"0"
"req_002695","2026-10-04 19:49:55",19,"/api/v1/products","GET",38,1.58,36.04,49.73,0,68.63,"1",200,90.27,"0"
"req_002696","2026-10-04 19:50:12",19,"/api/v1/products","GET",182,5.34,42.9,58,0,55.61,"1",200,78.16,"0"
"req_002697","2026-10-04 19:52:18",19,"/api/v1/checkout","POST",14,1.8,31.09,37.63,5,31.61,"0",500,326.32,"0"
"req_002698","2026-10-04 19:57:04",19,"/api/v1/users","GET",17,2.59,5,38.06,0,29.5,"1",150,41.21,"0"
"req_002699","2026-10-04 19:57:29",19,"/api/v1/users","GET",40,5.38,36.4,47.44,5,50.61,"0",150,184.55,"1"
"req_002700","2026-10-04 20:03:38",20,"/api/v1/reports","POST",83,22.41,32.22,48.72,11,45.52,"0",800,599.22,"0"
"req_002701","2026-10-04 20:12:31",20,"/api/v1/users","GET",64,4.31,35.72,56.88,1,49.21,"0",150,123.62,"0"
"req_002702","2026-10-04 20:15:01",20,"/api/v1/search","GET",28,6.08,29.81,53.04,4,34.96,"0",300,212.37,"0"
"req_002703","2026-10-04 20:24:50",20,"/api/v1/users","GET",46,2.91,44.89,48.59,0,40.18,"1",150,51.75,"0"
"req_002704","2026-10-04 20:25:45",20,"/api/v1/users","GET",10,0.45,27.01,36.48,1,56.33,"0",150,108.78,"0"
"req_002705","2026-10-04 20:27:47",20,"/api/v1/checkout","POST",56,8.65,34.68,40.3,9,48.14,"0",500,433.43,"0"
"req_002706","2026-10-04 20:32:04",20,"/api/v1/checkout","POST",116,10.44,53.58,49.63,9,32.69,"0",500,424.75,"0"
"req_002707","2026-10-04 20:33:29",20,"/api/v1/users","GET",46,10.46,31.46,46.67,3,30.39,"0",150,149.31,"0"
"req_002708","2026-10-04 20:33:37",20,"/api/v1/products","GET",32,2.38,28.88,50.24,0,25.61,"1",200,33.98,"0"
"req_002709","2026-10-04 20:34:18",20,"/api/v1/search","GET",18,1.68,29.8,48.81,4,34.79,"0",300,194.23,"0"
"req_002710","2026-10-04 20:34:35",20,"/api/v1/search","POST",28,6.5,25.31,42.36,2,30.64,"0",300,166.48,"0"
"req_002711","2026-10-04 20:36:00",20,"/api/v1/search","POST",124,0.79,31.95,54.38,4,24.92,"0",300,197.21,"0"
"req_002712","2026-10-04 20:42:17",20,"/api/v1/users","POST",35,0.84,19.75,52.35,1,42.61,"0",150,91.24,"0"
"req_002713","2026-10-04 20:46:18",20,"/api/v1/products","GET",28,2.48,30.81,46.45,0,35.13,"1",200,41.05,"0"
"req_002714","2026-10-04 20:48:58",20,"/api/v1/products","GET",125,4.6,37.63,52.11,0,20.36,"1",200,46.19,"0"
"req_002715","2026-10-04 20:50:54",20,"/api/v1/users","GET",12,0.95,36.31,27.82,0,54.56,"1",150,61.84,"0"
"req_002716","2026-10-04 20:51:54",20,"/api/v1/reports","GET",35,2.84,20.58,40.69,8,28.97,"0",800,541.95,"0"
"req_002717","2026-10-04 20:52:15",20,"/api/v1/products","GET",47,1.87,23.31,45.92,2,31.74,"0",200,113.42,"0"
"req_002718","2026-10-04 20:55:19",20,"/api/v1/users","GET",26,4.25,17.32,43.51,1,25.95,"0",150,91.47,"0"
"req_002719","2026-10-04 21:00:52",21,"/api/v1/search","GET",26,0.87,35.88,44.17,0,28.64,"1",300,53.17,"0"
"req_002720","2026-10-04 21:02:15",21,"/api/v1/users","GET",57,13.67,32.84,46.47,0,33.11,"1",150,44.46,"0"
"req_002721","2026-10-04 21:08:32",21,"/api/v1/products","GET",71,3.2,51.09,57.69,0,30.52,"1",200,45.33,"0"
"req_002722","2026-10-04 21:08:47",21,"/api/v1/products","GET",50,9.26,30.36,54.69,1,37.51,"0",200,117.58,"0"
"req_002723","2026-10-04 21:09:51",21,"/api/v1/reports","GET",43,4.3,27.32,45.57,8,11.07,"0",800,504.35,"0"
"req_002724","2026-10-04 21:10:14",21,"/api/v1/reports","GET",24,0.6,12.42,40.75,9,33.03,"0",800,491.51,"0"
"req_002725","2026-10-04 21:13:32",21,"/api/v1/reports","GET",70,3.05,56.5,47.81,14,34.85,"0",800,701.33,"0"
"req_002726","2026-10-04 21:19:52",21,"/api/v1/products","GET",22,16.26,28.82,42.61,0,32.05,"1",200,50.13,"0"
"req_002727","2026-10-04 21:20:13",21,"/api/v1/products","GET",41,9.01,17.34,39.5,0,15.01,"1",200,32.99,"0"
"req_002728","2026-10-04 21:21:12",21,"/api/v1/search","GET",65,5.16,32.37,40.68,0,28.93,"1",300,61.12,"0"
"req_002729","2026-10-04 21:22:04",21,"/api/v1/products","GET",20,8.39,21.39,47.87,0,15.27,"1",200,34.8,"0"
"req_002730","2026-10-04 21:22:06",21,"/api/v1/checkout","POST",54,0.46,25.64,45.91,8,33.95,"0",500,375.66,"0"
"req_002731","2026-10-04 21:22:11",21,"/api/v1/products","GET",37,4.3,33.66,42.08,0,34.85,"1",200,45.87,"0"
"req_002732","2026-10-04 21:24:21",21,"/api/v1/reports","GET",87,25.09,45.46,48.95,11,28.59,"0",800,664.75,"0"
"req_002733","2026-10-04 21:24:59",21,"/api/v1/users","POST",140,2.51,39.61,57.07,2,41.88,"0",150,134.58,"0"
"req_002734","2026-10-04 21:27:29",21,"/api/v1/checkout","POST",16,8.2,32.49,56.71,6,46.98,"0",500,354.28,"0"
"req_002735","2026-10-04 21:28:28",21,"/api/v1/users","POST",77,2.35,28.68,43.61,1,60.16,"0",150,126.9,"0"
"req_002736","2026-10-04 21:29:32",21,"/api/v1/checkout","PUT",46,10,21,44.14,3,14.73,"0",500,263.98,"0"
"req_002737","2026-10-04 21:32:30",21,"/api/v1/users","GET",47,3.3,24.98,52.91,0,12.85,"1",150,29.31,"0"
"req_002738","2026-10-04 21:32:41",21,"/api/v1/search","GET",102,4.27,40.82,60.09,0,56.35,"1",300,84.56,"0"
"req_002739","2026-10-04 21:35:06",21,"/api/v1/products","GET",66,2.57,38.41,52.04,0,34.35,"1",200,53.25,"0"
"req_002740","2026-10-04 21:36:27",21,"/api/v1/users","POST",43,7.4,41.24,43.32,1,15.34,"0",150,96.91,"0"
"req_002741","2026-10-04 21:40:20",21,"/api/v1/search","GET",36,12.76,15.7,56.25,0,16.93,"1",300,43,"0"
"req_002742","2026-10-04 21:42:18",21,"/api/v1/products","GET",35,10.39,25.64,39.15,0,21.69,"1",200,28.42,"0"
"req_002743","2026-10-04 21:42:36",21,"/api/v1/users","GET",42,0.74,46.58,41.92,0,84.76,"1",150,97.79,"0"
"req_002744","2026-10-04 21:46:00",21,"/api/v1/search","GET",25,4.08,23.05,43.33,5,26.76,"0",300,194.81,"0"
"req_002745","2026-10-04 21:47:26",21,"/api/v1/products","GET",110,1.15,45.3,60.81,3,2,"0",200,115.61,"0"
"req_002746","2026-10-04 21:47:38",21,"/api/v1/search","GET",67,6.8,39.74,52.16,5,21.28,"0",300,219.09,"0"
"req_002747","2026-10-04 21:48:27",21,"/api/v1/search","GET",74,7.05,39.88,46.74,0,60.53,"1",300,92.05,"0"
"req_002748","2026-10-04 21:49:08",21,"/api/v1/products","GET",51,7.61,30.22,52.47,1,75.52,"0",200,153.06,"0"
"req_002749","2026-10-04 21:49:32",21,"/api/v1/users","GET",52,4.51,46.45,43.91,0,34.22,"1",150,51.44,"0"
"req_002750","2026-10-04 21:50:24",21,"/api/v1/checkout","POST",49,10.85,34.14,46.5,4,56.08,"0",500,305.55,"0"
"req_002751","2026-10-04 21:51:36",21,"/api/v1/users","GET",112,0.25,43.83,51.1,3,45.08,"0",150,153.89,"1"
"req_002752","2026-10-04 21:52:59",21,"/api/v1/users","GET",33,3.36,22.54,58.9,1,42.79,"0",150,102.03,"0"
"req_002753","2026-10-04 21:53:19",21,"/api/v1/users","GET",20,3.33,5,35.01,3,18.29,"0",150,102.01,"0"
"req_002754","2026-10-04 21:53:33",21,"/api/v1/search","POST",71,9.79,28.65,52.44,2,43.86,"0",300,191.53,"0"
"req_002755","2026-10-04 21:56:55",21,"/api/v1/search","GET",82,6.34,25.97,45.71,2,12.83,"0",300,154.7,"0"
"req_002756","2026-10-04 21:57:27",21,"/api/v1/users","GET",16,15.62,21.52,38.9,1,25.47,"0",150,90.86,"0"
"req_002757","2026-10-04 21:57:33",21,"/api/v1/search","POST",85,1.84,27.52,48.56,4,25.9,"0",300,208.25,"0"
"req_002758","2026-10-04 21:57:47",21,"/api/v1/users","GET",33,1.59,22.41,47.57,2,39.07,"0",150,105.04,"0"
"req_002759","2026-10-04 21:58:12",21,"/api/v1/users","GET",39,3.05,32.81,44.23,0,15.06,"1",150,34.96,"0"
"req_002760","2026-10-04 21:58:35",21,"/api/v1/products","GET",70,8.58,22.85,39.56,0,25.33,"1",200,44.29,"0"
"req_002761","2026-10-04 22:00:06",22,"/api/v1/checkout","POST",44,11.97,36.02,44.69,5,34,"0",500,338.04,"0"
"req_002762","2026-10-04 22:00:18",22,"/api/v1/users","GET",142,8.38,42.17,55.25,0,40.59,"1",150,53.58,"0"
"req_002763","2026-10-04 22:01:19",22,"/api/v1/users","GET",97,4.31,48.23,46.36,0,37.64,"1",150,53.23,"0"
"req_002764","2026-10-04 22:01:21",22,"/api/v1/products","POST",15,2.55,26.71,53.11,2,36.98,"0",200,128.36,"0"
"req_002765","2026-10-04 22:03:05",22,"/api/v1/users","GET",55,13.83,36.57,44.49,0,35.91,"1",150,48.92,"0"
"req_002766","2026-10-04 22:03:57",22,"/api/v1/products","GET",52,5.64,15.5,33.08,0,36.53,"1",200,41.16,"0"
"req_002767","2026-10-04 22:04:12",22,"/api/v1/checkout","POST",29,6.38,34.76,36.66,3,40.51,"0",500,288.11,"0"
"req_002768","2026-10-04 22:04:18",22,"/api/v1/checkout","POST",212,5.39,60.44,55.07,2,28.47,"0",500,330.72,"0"
"req_002769","2026-10-04 22:04:20",22,"/api/v1/checkout","POST",7,3.58,20.92,38.03,7,38.23,"0",500,337.31,"0"
"req_002770","2026-10-04 22:04:59",22,"/api/v1/reports","GET",23,5.23,27.9,39.53,12,42.41,"0",800,613.64,"0"
"req_002771","2026-10-04 22:05:51",22,"/api/v1/products","POST",86,26.15,42.71,34.56,2,19.34,"0",200,141.85,"0"
"req_002772","2026-10-04 22:07:36",22,"/api/v1/checkout","POST",19,1.6,26.64,45.25,6,23.95,"0",500,305.38,"0"
"req_002773","2026-10-04 22:10:10",22,"/api/v1/products","POST",17,2.68,27.56,44.33,2,23.87,"0",200,106.53,"0"
"req_002774","2026-10-04 22:10:18",22,"/api/v1/products","POST",22,2.08,19.99,56.71,1,22.25,"0",200,82.35,"0"
"req_002775","2026-10-04 22:10:29",22,"/api/v1/products","GET",33,7.9,25.46,44.33,3,17.07,"0",200,116.13,"0"
"req_002776","2026-10-04 22:14:16",22,"/api/v1/search","GET",25,1.63,38.36,42.88,5,35.69,"0",300,238.21,"0"
"req_002777","2026-10-04 22:16:50",22,"/api/v1/products","GET",60,3.26,42.69,40.88,0,26.64,"1",200,49.53,"0"
"req_002778","2026-10-04 22:18:10",22,"/api/v1/search","GET",13,10.42,34.4,60.9,0,32.36,"1",300,53.97,"0"
"req_002779","2026-10-04 22:21:37",22,"/api/v1/products","GET",203,5.58,47.72,63.85,1,45.85,"0",200,159.62,"0"
"req_002780","2026-10-04 22:25:07",22,"/api/v1/search","GET",60,4.36,41.32,43.91,5,41.28,"0",300,230.16,"0"
"req_002781","2026-10-04 22:29:48",22,"/api/v1/search","GET",46,20.84,34.87,44.41,0,23.04,"1",300,54.56,"0"
"req_002782","2026-10-04 22:32:37",22,"/api/v1/users","GET",18,0.78,43.46,52.56,3,34.25,"0",150,122.6,"0"
"req_002783","2026-10-04 22:33:05",22,"/api/v1/users","GET",78,4.16,28.66,43.72,2,38.12,"0",150,132.61,"0"
"req_002784","2026-10-04 22:33:59",22,"/api/v1/products","GET",46,1.82,30.86,39.5,0,44.08,"1",200,69.72,"0"
"req_002785","2026-10-04 22:36:10",22,"/api/v1/search","GET",33,10.1,40.52,47.83,0,66.74,"1",300,92.6,"0"
"req_002786","2026-10-04 22:36:18",22,"/api/v1/search","GET",41,3.91,28,48.55,4,25.99,"0",300,188.59,"0"
"req_002787","2026-10-04 22:36:24",22,"/api/v1/users","POST",28,6.46,36.91,38.94,1,32.38,"0",150,85.65,"0"
"req_002788","2026-10-04 22:37:09",22,"/api/v1/products","GET",17,3.88,29.56,31.12,0,43,"1",200,44.91,"0"
"req_002789","2026-10-04 22:37:33",22,"/api/v1/search","GET",61,10.11,27.15,38.03,0,39.19,"1",300,61.66,"0"
"req_002790","2026-10-04 22:41:15",22,"/api/v1/products","GET",164,4.5,46.44,55.01,1,44.18,"0",200,138.48,"0"
"req_002791","2026-10-04 22:42:37",22,"/api/v1/users","GET",64,0.64,37.47,37.22,5,47.03,"0",150,187.38,"1"
"req_002792","2026-10-04 22:42:38",22,"/api/v1/search","GET",26,3.49,41.07,55.15,0,17.67,"1",300,48.11,"0"
"req_002793","2026-10-04 22:42:58",22,"/api/v1/products","GET",9,1,31.54,39.77,2,44.22,"0",200,122.15,"0"
"req_002794","2026-10-04 22:46:37",22,"/api/v1/users","GET",88,1.79,37.21,51.46,0,17.99,"1",150,26.31,"0"
"req_002795","2026-10-04 22:48:58",22,"/api/v1/checkout","POST",18,2.11,20.89,39.06,4,27.89,"0",500,286.21,"0"
"req_002796","2026-10-04 22:50:21",22,"/api/v1/users","GET",54,3.25,43.51,45.47,0,24.52,"1",150,45.65,"0"
"req_002797","2026-10-04 22:56:43",22,"/api/v1/checkout","POST",61,4.77,35.05,51.67,6,46.32,"0",500,367.66,"0"
"req_002798","2026-10-04 22:57:59",22,"/api/v1/products","GET",60,3.68,24.55,38.72,0,65.71,"1",200,82.44,"0"
"req_002799","2026-10-04 22:59:29",22,"/api/v1/products","GET",69,1.6,30.7,42.87,1,37.23,"0",200,112.84,"0"
"req_002800","2026-10-04 22:59:32",22,"/api/v1/users","GET",75,13.96,39.25,45.65,0,44.91,"1",150,66.42,"0"
"req_002801","2026-10-04 23:01:30",23,"/api/v1/checkout","POST",19,2.9,32.31,45.09,6,68.94,"0",500,356.57,"0"
"req_002802","2026-10-04 23:01:54",23,"/api/v1/checkout","POST",17,4.83,24.45,48.86,4,52.28,"0",500,329.95,"0"
"req_002803","2026-10-04 23:05:48",23,"/api/v1/products","GET",10,4.39,32.08,32.75,0,60.13,"1",200,65.2,"0"
"req_002804","2026-10-04 23:06:29",23,"/api/v1/checkout","POST",40,7.1,19.3,39.57,13,18.88,"0",500,490.05,"0"
"req_002805","2026-10-04 23:10:28",23,"/api/v1/users","POST",97,0.95,29.95,50.17,1,41.69,"0",150,104.55,"0"
"req_002806","2026-10-04 23:13:58",23,"/api/v1/products","GET",98,13.23,38.13,61.37,4,41.73,"0",200,173.7,"0"
"req_002807","2026-10-04 23:14:57",23,"/api/v1/users","GET",26,2.95,18.64,48.74,1,33.63,"0",150,81.51,"0"
"req_002808","2026-10-04 23:20:20",23,"/api/v1/products","GET",36,6.54,29.43,43.41,0,43.06,"1",200,64.66,"0"
"req_002809","2026-10-04 23:22:52",23,"/api/v1/users","GET",13,2.56,37.8,39.38,0,19.87,"1",150,30.39,"0"
"req_002810","2026-10-04 23:23:05",23,"/api/v1/products","GET",12,6.72,35.86,35.12,1,16.08,"0",200,86.26,"0"
"req_002811","2026-10-04 23:23:19",23,"/api/v1/checkout","POST",21,5.26,39.49,39.24,8,31.51,"0",500,382.57,"0"
"req_002812","2026-10-04 23:24:07",23,"/api/v1/users","GET",74,3.88,40.51,49.65,1,35.99,"0",150,118.03,"0"
"req_002813","2026-10-04 23:25:11",23,"/api/v1/products","GET",33,4.14,24.61,34.24,4,34.66,"0",200,172.14,"0"
"req_002814","2026-10-04 23:25:43",23,"/api/v1/checkout","POST",110,2.25,51.9,39.62,6,31.6,"0",500,371.9,"0"
"req_002815","2026-10-04 23:36:15",23,"/api/v1/users","GET",58,2.27,37.05,44.29,0,10.3,"1",150,25,"0"
"req_002816","2026-10-04 23:37:24",23,"/api/v1/products","GET",215,5.03,60.37,57.59,0,40.22,"1",200,56.02,"0"
"req_002817","2026-10-04 23:40:07",23,"/api/v1/reports","GET",18,4.84,12.01,50.5,15,22.99,"0",800,572.67,"0"
"req_002818","2026-10-04 23:41:55",23,"/api/v1/reports","GET",14,3.04,29.04,44.39,15,41.44,"0",800,669.62,"0"
"req_002819","2026-10-04 23:46:55",23,"/api/v1/products","GET",74,3.28,21.95,47.76,2,14.41,"0",200,111.19,"0"
"req_002820","2026-10-04 23:47:25",23,"/api/v1/checkout","POST",32,1.18,30.8,36.79,11,15.8,"0",500,439.28,"0"
"req_002821","2026-10-04 23:48:21",23,"/api/v1/products","GET",19,3.99,36.95,44.23,0,63.15,"1",200,74.23,"0"
"req_002822","2026-10-04 23:48:56",23,"/api/v1/search","GET",14,22.62,34.48,38.56,5,18.49,"0",300,233.54,"0"
"req_002823","2026-10-04 23:49:45",23,"/api/v1/users","GET",24,20.49,23.49,41.2,2,27.93,"0",150,119.28,"0"
"req_002824","2026-10-04 23:50:27",23,"/api/v1/users","GET",43,27.68,31.69,42.96,0,74.44,"1",150,93.41,"0"
"req_002825","2026-10-04 23:56:37",23,"/api/v1/search","GET",84,8.33,30.79,48.06,8,15.79,"0",300,277.11,"0"
"req_002826","2026-10-05 00:00:49",0,"/api/v1/checkout","POST",66,22.59,26.99,53.52,2,49.78,"0",500,291.29,"0"
"req_002827","2026-10-05 00:04:53",0,"/api/v1/products","POST",42,3.81,33.48,40.54,5,34.69,"0",200,153.5,"0"
"req_002828","2026-10-05 00:05:13",0,"/api/v1/products","GET",47,5.38,37.79,51.23,1,32.2,"0",200,101.88,"0"
"req_002829","2026-10-05 00:05:46",0,"/api/v1/users","GET",33,2.6,40.75,51.36,0,25.64,"1",150,36.47,"0"
"req_002830","2026-10-05 00:10:05",0,"/api/v1/users","POST",44,9.19,31.06,30.64,1,11.15,"0",150,75.98,"0"
"req_002831","2026-10-05 00:10:22",0,"/api/v1/checkout","POST",87,1.55,18.95,44.03,8,29.02,"0",500,374.77,"0"
"req_002832","2026-10-05 00:12:39",0,"/api/v1/users","GET",22,17.84,17.77,46.96,0,42.1,"1",150,54.07,"0"
"req_002833","2026-10-05 00:14:14",0,"/api/v1/users","GET",17,7.9,27.4,40.71,0,50.88,"1",150,57.18,"0"
"req_002834","2026-10-05 00:16:01",0,"/api/v1/users","GET",25,5.59,40.35,40.66,1,48.25,"0",150,113.36,"0"
"req_002835","2026-10-05 00:24:32",0,"/api/v1/search","GET",37,10.37,23.86,46.75,0,31.24,"1",300,68.34,"0"
"req_002836","2026-10-05 00:24:34",0,"/api/v1/search","GET",42,1.99,26.11,42.64,3,60.25,"0",300,231.52,"0"
"req_002837","2026-10-05 00:24:45",0,"/api/v1/search","GET",66,6.15,25.23,41.04,0,27.26,"1",300,68.39,"0"
"req_002838","2026-10-05 00:28:48",0,"/api/v1/checkout","POST",19,1.76,30.87,39.44,8,41.98,"0",500,361.82,"0"
"req_002839","2026-10-05 00:29:05",0,"/api/v1/search","GET",36,3.53,23.15,43.6,5,70.55,"0",300,228.49,"0"
"req_002840","2026-10-05 00:29:21",0,"/api/v1/users","GET",24,12.3,31.98,46.28,0,23.25,"1",150,38.01,"0"
"req_002841","2026-10-05 00:40:40",0,"/api/v1/search","POST",20,7.31,29.66,34.94,3,48.54,"0",300,187.79,"0"
"req_002842","2026-10-05 00:41:40",0,"/api/v1/products","GET",192,7.87,61.56,57.75,0,34.48,"1",200,52.81,"0"
"req_002843","2026-10-05 00:46:14",0,"/api/v1/users","GET",29,9.62,28.23,36.1,0,9.49,"1",150,21.16,"0"
"req_002844","2026-10-05 00:49:28",0,"/api/v1/checkout","POST",74,1.3,48.61,42.82,5,28.47,"0",500,327.85,"0"
"req_002845","2026-10-05 00:49:54",0,"/api/v1/products","GET",14,4.88,20.55,51.57,2,28.46,"0",200,102.12,"0"
"req_002846","2026-10-05 00:54:07",0,"/api/v1/reports","GET",85,8.66,37.44,50.71,7,49.71,"0",800,578.86,"0"
"req_002847","2026-10-05 00:54:34",0,"/api/v1/users","GET",12,24.35,23.31,39.9,1,27.79,"0",150,98.24,"0"
"req_002848","2026-10-05 00:58:31",0,"/api/v1/products","GET",203,1.2,62.55,59.62,2,49.17,"0",200,182.88,"0"
"req_002849","2026-10-05 00:58:36",0,"/api/v1/products","POST",35,11.07,28.74,45.83,1,55.81,"0",200,129.93,"0"
"req_002850","2026-10-05 01:03:32",1,"/api/v1/reports","GET",47,0.72,42.11,45.52,10,43.98,"0",800,646.42,"0"
"req_002851","2026-10-05 01:05:29",1,"/api/v1/users","GET",116,1.51,38.89,43.53,1,42.28,"0",150,108.98,"0"
"req_002852","2026-10-05 01:06:05",1,"/api/v1/search","GET",99,35.83,45.45,53.37,8,43.29,"0",300,329.76,"1"
"req_002853","2026-10-05 01:07:22",1,"/api/v1/users","POST",20,11.82,40.87,44.21,1,40.06,"0",150,114.82,"0"
"req_002854","2026-10-05 01:18:05",1,"/api/v1/checkout","POST",25,3.32,25.75,52.17,7,16.12,"0",500,308.3,"0"
"req_002855","2026-10-05 01:19:55",1,"/api/v1/users","GET",85,2.5,49.65,41.19,0,18.38,"1",150,39.36,"0"
"req_002856","2026-10-05 01:22:45",1,"/api/v1/products","GET",28,8.75,20.4,49.08,0,29.84,"1",200,45.81,"0"
"req_002857","2026-10-05 01:22:52",1,"/api/v1/products","GET",30,7.35,35.13,40.57,4,55.54,"0",200,162.94,"0"
"req_002858","2026-10-05 01:23:18",1,"/api/v1/checkout","POST",34,9.53,27.88,52.3,10,37.37,"0",500,368.21,"0"
"req_002859","2026-10-05 01:23:57",1,"/api/v1/users","GET",7,17.88,17.78,49.17,0,25.84,"1",150,39.39,"0"
"req_002860","2026-10-05 01:28:17",1,"/api/v1/checkout","POST",82,12.02,32.8,49.32,8,6.72,"0",500,347.03,"0"
"req_002861","2026-10-05 01:28:32",1,"/api/v1/products","GET",55,1.66,36.94,46.02,0,39.18,"1",200,47.29,"0"
"req_002862","2026-10-05 01:31:15",1,"/api/v1/users","GET",52,5.76,27.81,50.89,0,15.11,"1",150,30.43,"0"
"req_002863","2026-10-05 01:33:33",1,"/api/v1/users","GET",109,4.31,45.59,37.92,1,36.02,"0",150,128.96,"0"
"req_002864","2026-10-05 01:35:46",1,"/api/v1/checkout","POST",13,2.65,20.33,42.02,8,37.59,"0",500,341.94,"0"
"req_002865","2026-10-05 01:39:27",1,"/api/v1/search","GET",110,12.19,45.38,35.23,5,19.99,"0",300,221.66,"0"
"req_002866","2026-10-05 01:39:41",1,"/api/v1/checkout","POST",70,2.57,30.09,58.04,3,12.31,"0",500,282.72,"0"
"req_002867","2026-10-05 01:40:55",1,"/api/v1/search","GET",199,3.96,55.27,57.68,6,22.78,"0",300,288.71,"0"
"req_002868","2026-10-05 01:45:46",1,"/api/v1/users","GET",70,1.74,33.66,51.35,0,64.95,"1",150,72.35,"0"
"req_002869","2026-10-05 01:45:47",1,"/api/v1/checkout","POST",20,10.04,30.1,34.78,4,39.11,"0",500,307.97,"0"
"req_002870","2026-10-05 01:46:26",1,"/api/v1/reports","POST",11,3.66,18.94,42.38,11,47.42,"0",800,639.03,"0"
"req_002871","2026-10-05 01:49:01",1,"/api/v1/search","GET",26,1.4,33.46,44.38,7,14.97,"0",300,265.72,"0"
"req_002872","2026-10-05 01:52:06",1,"/api/v1/search","GET",44,19.72,30.29,40.55,2,42.52,"0",300,184.69,"0"
"req_002873","2026-10-05 02:04:34",2,"/api/v1/users","GET",19,8.71,22.69,39.34,0,20.94,"1",150,28.59,"0"
"req_002874","2026-10-05 02:05:35",2,"/api/v1/users","GET",18,4.77,31.46,58.15,4,41.42,"0",150,146.26,"0"
"req_002875","2026-10-05 02:08:29",2,"/api/v1/checkout","PUT",90,4.41,43.62,46.6,6,41.85,"0",500,388.92,"0"
"req_002876","2026-10-05 02:10:46",2,"/api/v1/products","GET",55,4.99,35.57,44.96,0,47.3,"1",200,62.35,"0"
"req_002877","2026-10-05 02:13:42",2,"/api/v1/checkout","POST",47,1.95,20.59,51.99,5,16.6,"0",500,280.03,"0"
"req_002878","2026-10-05 02:13:52",2,"/api/v1/search","GET",30,5.35,32.16,40.47,4,37.59,"0",300,197.9,"0"
"req_002879","2026-10-05 02:16:21",2,"/api/v1/products","GET",71,1.77,44.02,44.58,0,32.96,"1",200,56.33,"0"
"req_002880","2026-10-05 02:16:34",2,"/api/v1/products","GET",318,3.32,65.58,66.26,0,20.61,"1",200,51.73,"0"
"req_002881","2026-10-05 02:17:10",2,"/api/v1/checkout","POST",4,10.68,21.67,50.38,3,43.38,"0",500,295.24,"0"
"req_002882","2026-10-05 02:19:42",2,"/api/v1/products","GET",34,2.58,34.14,47.13,0,47.79,"1",200,69.03,"0"
"req_002883","2026-10-05 02:20:44",2,"/api/v1/checkout","PUT",74,2.79,31.02,51.48,4,24.41,"0",500,304.48,"0"
"req_002884","2026-10-05 02:23:02",2,"/api/v1/products","GET",43,16.14,22.47,45.39,0,42.43,"1",200,51.78,"0"
"req_002885","2026-10-05 02:23:56",2,"/api/v1/checkout","POST",59,1.32,43.4,49.67,6,55.28,"0",500,378.59,"0"
"req_002886","2026-10-05 02:26:49",2,"/api/v1/products","GET",17,3.44,22.36,53.81,3,18.33,"0",200,135.71,"0"
"req_002887","2026-10-05 02:37:00",2,"/api/v1/products","GET",36,4.43,33.08,45.78,1,29.96,"0",200,96.97,"0"
"req_002888","2026-10-05 02:38:16",2,"/api/v1/users","GET",14,10.78,33.84,48.16,0,43.09,"1",150,67.34,"0"
"req_002889","2026-10-05 02:40:37",2,"/api/v1/reports","GET",39,1.91,34.96,46.35,8,54.67,"0",800,588.39,"0"
"req_002890","2026-10-05 02:41:14",2,"/api/v1/products","GET",38,8.81,17.53,40.35,1,30.08,"0",200,105.86,"0"
"req_002891","2026-10-05 02:43:12",2,"/api/v1/products","GET",52,2.53,36.93,43.65,5,18.91,"0",200,173.96,"0"
"req_002892","2026-10-05 02:49:07",2,"/api/v1/products","GET",92,4.04,35.52,49.49,0,30.87,"1",200,51.06,"0"
"req_002893","2026-10-05 02:50:11",2,"/api/v1/users","GET",24,2.4,26.52,46.99,0,35.04,"1",150,42.8,"0"
"req_002894","2026-10-05 02:58:07",2,"/api/v1/users","GET",142,5.16,51.2,52.69,0,35.03,"1",150,47.49,"0"
"req_002895","2026-10-05 03:01:35",3,"/api/v1/users","GET",172,11.25,75.95,50.78,0,40.04,"1",150,80.11,"0"
"req_002896","2026-10-05 03:04:31",3,"/api/v1/search","GET",21,1.5,22.2,42.9,5,38.28,"0",300,193.18,"0"
"req_002897","2026-10-05 03:04:49",3,"/api/v1/users","GET",23,7.63,26.61,36.91,1,44.72,"0",150,94.65,"0"
"req_002898","2026-10-05 03:06:08",3,"/api/v1/users","GET",35,21.76,36.63,53.98,0,30.19,"1",150,42.82,"0"
"req_002899","2026-10-05 03:09:13",3,"/api/v1/checkout","POST",34,8.31,33.78,39.21,9,35.14,"0",500,456.91,"0"
"req_002900","2026-10-05 03:09:17",3,"/api/v1/search","POST",126,1.15,32.8,50.17,3,32.9,"0",300,200.51,"0"
"req_002901","2026-10-05 03:11:49",3,"/api/v1/users","GET",152,3.26,52.93,62.45,0,20.35,"1",150,34.65,"0"
"req_002902","2026-10-05 03:13:33",3,"/api/v1/products","POST",86,5.66,27.89,47.22,1,24.95,"0",200,108.05,"0"
"req_002903","2026-10-05 03:14:04",3,"/api/v1/products","GET",17,0.38,26.95,48.96,3,18.82,"0",200,111.02,"0"
"req_002904","2026-10-05 03:14:46",3,"/api/v1/search","GET",41,3.29,22.62,37.11,4,21.55,"0",300,184.58,"0"
"req_002905","2026-10-05 03:16:14",3,"/api/v1/reports","POST",31,11.32,17.01,39.98,10,23.6,"0",800,547.39,"0"
"req_002906","2026-10-05 03:16:42",3,"/api/v1/reports","POST",282,4.9,50.98,63.66,15,34.24,"0",800,794.34,"0"
"req_002907","2026-10-05 03:18:07",3,"/api/v1/users","GET",49,2.69,34.45,46.47,0,56.25,"1",150,65.15,"0"
"req_002908","2026-10-05 03:18:10",3,"/api/v1/products","GET",111,6.39,31.78,44.83,0,30.68,"1",200,61.41,"0"
"req_002909","2026-10-05 03:18:42",3,"/api/v1/search","GET",21,6.31,30.09,47.17,2,20.41,"0",300,162.25,"0"
"req_002910","2026-10-05 03:22:43",3,"/api/v1/users","GET",141,2.14,42.03,47.87,0,33.19,"1",150,46.98,"0"
"req_002911","2026-10-05 03:25:26",3,"/api/v1/products","GET",95,1.38,38.03,43.24,2,68.01,"0",200,157.91,"0"
"req_002912","2026-10-05 03:26:28",3,"/api/v1/checkout","PUT",49,8.68,29.69,51.52,8,61.54,"0",500,367.04,"0"
"req_002913","2026-10-05 03:28:23",3,"/api/v1/products","POST",63,22.94,44.82,39.68,2,30.45,"0",200,146.65,"0"
"req_002914","2026-10-05 03:29:39",3,"/api/v1/search","GET",20,2.89,29.4,41.37,7,23.72,"0",300,268.27,"0"
"req_002915","2026-10-05 03:32:56",3,"/api/v1/products","GET",29,0.75,13.98,49.16,0,28.37,"1",200,31.67,"0"
"req_002916","2026-10-05 03:34:31",3,"/api/v1/reports","GET",40,11.86,39.21,42.94,8,36.57,"0",800,589.2,"0"
"req_002917","2026-10-05 03:34:56",3,"/api/v1/products","GET",87,4.81,25.12,43.09,1,11.27,"0",200,105.04,"0"
"req_002918","2026-10-05 03:38:20",3,"/api/v1/reports","GET",75,5.59,40.51,52.97,14,21.11,"0",800,655.96,"0"
"req_002919","2026-10-05 03:40:15",3,"/api/v1/search","POST",57,2.71,34.29,45.25,4,38.55,"0",300,236.12,"0"
"req_002920","2026-10-05 03:41:15",3,"/api/v1/products","GET",19,4.14,22.9,52.16,4,29.04,"0",200,135.7,"0"
"req_002921","2026-10-05 03:44:12",3,"/api/v1/products","GET",30,20.78,32.1,45.15,0,19.56,"1",200,32.33,"0"
"req_002922","2026-10-05 03:47:32",3,"/api/v1/search","GET",20,26.41,44.2,48.15,0,50.4,"1",300,84.2,"0"
"req_002923","2026-10-05 03:48:37",3,"/api/v1/products","GET",33,12.82,30.02,32.95,1,56.2,"0",200,131.9,"0"
"req_002924","2026-10-05 03:50:40",3,"/api/v1/products","GET",16,121.11,43.41,50.33,0,16.74,"1",200,45.43,"0"
"req_002925","2026-10-05 03:51:52",3,"/api/v1/users","GET",19,45.59,29.54,50.72,1,33.37,"0",150,116.96,"0"
"req_002926","2026-10-05 03:53:08",3,"/api/v1/users","GET",36,7.21,34.28,45.56,0,32.81,"1",150,42.07,"0"
"req_002927","2026-10-05 03:53:57",3,"/api/v1/products","GET",8,2.83,14.71,44.31,1,42.73,"0",200,107.87,"0"
"req_002928","2026-10-05 03:56:21",3,"/api/v1/checkout","POST",36,3.41,35.25,57.43,3,16.43,"0",500,295.95,"0"
"req_002929","2026-10-05 03:57:47",3,"/api/v1/users","GET",30,1.46,21.56,42.96,0,24.85,"1",150,33.88,"0"
"req_002930","2026-10-05 04:01:30",4,"/api/v1/users","GET",42,8.41,33.38,40.4,0,38.03,"1",150,60.42,"0"
"req_002931","2026-10-05 04:01:52",4,"/api/v1/users","GET",9,8.4,12.41,48.19,0,28.65,"1",150,41.34,"0"
"req_002932","2026-10-05 04:05:27",4,"/api/v1/search","GET",61,4.26,26.18,43.79,0,27.62,"1",300,57.26,"0"
"req_002933","2026-10-05 04:05:37",4,"/api/v1/reports","GET",126,7.39,29.14,49.85,17,29.44,"0",800,710.63,"0"
"req_002934","2026-10-05 04:09:33",4,"/api/v1/checkout","POST",12,3.5,17.62,48.09,6,40.18,"0",500,338.08,"0"
"req_002935","2026-10-05 04:10:26",4,"/api/v1/users","GET",15,1.4,18.73,41.47,1,22.94,"0",150,82.92,"0"
"req_002936","2026-10-05 04:10:35",4,"/api/v1/products","GET",149,4.76,53.68,53.69,3,29.46,"0",200,181.94,"0"
"req_002937","2026-10-05 04:11:14",4,"/api/v1/users","GET",51,0.94,16.27,46.63,0,30.91,"1",150,33.7,"0"
"req_002938","2026-10-05 04:20:01",4,"/api/v1/products","GET",33,2.69,42,43.36,0,31.25,"1",200,44.58,"0"
"req_002939","2026-10-05 04:20:42",4,"/api/v1/products","GET",109,3.6,48.45,44.77,0,27.8,"1",200,36.49,"0"
"req_002940","2026-10-05 04:21:32",4,"/api/v1/checkout","POST",16,1.38,31.11,46.64,7,22.79,"0",500,360.04,"0"
"req_002941","2026-10-05 04:24:40",4,"/api/v1/search","POST",107,8.13,54.22,48.98,6,33.57,"0",300,296.71,"0"
"req_002942","2026-10-05 04:24:42",4,"/api/v1/users","GET",15,7.04,41.24,38.38,0,52.03,"1",150,63.76,"0"
"req_002943","2026-10-05 04:25:53",4,"/api/v1/users","GET",164,2.76,51.1,60.2,0,25.97,"1",150,44.59,"0"
"req_002944","2026-10-05 04:31:13",4,"/api/v1/products","GET",32,20.92,19.35,45.76,0,56.11,"1",200,70.35,"0"
"req_002945","2026-10-05 04:31:33",4,"/api/v1/products","GET",61,2.49,38.17,33.58,0,33.43,"1",200,44.87,"0"
"req_002946","2026-10-05 04:33:06",4,"/api/v1/users","POST",186,2.89,45.88,58.93,1,49.58,"0",150,144.9,"0"
"req_002947","2026-10-05 04:33:33",4,"/api/v1/users","GET",36,3.68,22.17,36.42,0,16.6,"1",150,25.69,"0"
"req_002948","2026-10-05 04:35:10",4,"/api/v1/products","GET",48,4.8,32.1,54.17,2,35.45,"0",200,151.61,"0"
"req_002949","2026-10-05 04:39:00",4,"/api/v1/checkout","POST",8,2.48,34.42,39.23,3,15.47,"0",500,234.88,"0"
"req_002950","2026-10-05 04:39:46",4,"/api/v1/products","GET",38,7.11,16.33,43.96,0,40.22,"1",200,61.56,"0"
"req_002951","2026-10-05 04:40:40",4,"/api/v1/reports","GET",74,0.79,45.13,45.96,7,28.25,"0",800,560.01,"0"
"req_002952","2026-10-05 04:41:56",4,"/api/v1/search","GET",70,2.98,29.35,49.49,0,42.28,"1",300,69.61,"0"
"req_002953","2026-10-05 04:42:33",4,"/api/v1/products","GET",27,1.7,23.61,35,0,26.07,"1",200,27.3,"0"
"req_002954","2026-10-05 04:44:40",4,"/api/v1/products","GET",19,4,19.57,45.13,0,26.99,"1",200,36.09,"0"
"req_002955","2026-10-05 04:46:21",4,"/api/v1/users","GET",43,3.88,32.93,50.58,1,24.3,"0",150,96.03,"0"
"req_002956","2026-10-05 04:46:29",4,"/api/v1/users","GET",200,4.96,50.24,63.24,1,36.86,"0",150,128.41,"0"
"req_002957","2026-10-05 04:46:48",4,"/api/v1/users","GET",61,6.53,21.76,49.42,1,43.69,"0",150,113.42,"0"
"req_002958","2026-10-05 04:47:05",4,"/api/v1/search","GET",25,16.15,35.09,47.86,0,30.47,"1",300,51.72,"0"
"req_002959","2026-10-05 04:48:32",4,"/api/v1/reports","POST",123,3.58,50.46,59.45,11,13.11,"0",800,662.73,"0"
"req_002960","2026-10-05 04:48:32",4,"/api/v1/products","GET",94,0.96,46.41,54.14,3,32.74,"0",200,162.64,"0"
"req_002961","2026-10-05 04:49:32",4,"/api/v1/search","GET",40,2.36,29.89,47.88,0,42.95,"1",300,63.4,"0"
"req_002962","2026-10-05 04:54:07",4,"/api/v1/checkout","PUT",29,12.33,30.8,42.79,6,20.27,"0",500,302.09,"0"
"req_002963","2026-10-05 04:55:44",4,"/api/v1/products","GET",24,1.97,32.08,44.48,0,28.27,"1",200,43.76,"0"
"req_002964","2026-10-05 04:57:19",4,"/api/v1/products","GET",69,10.19,36.55,33.7,0,34.3,"1",200,57.29,"0"
"req_002965","2026-10-05 04:58:29",4,"/api/v1/users","GET",109,3.25,41.32,48.31,1,25.41,"0",150,101.02,"0"
"req_002966","2026-10-05 04:58:47",4,"/api/v1/search","GET",36,10.92,35.93,37.1,3,19.28,"0",300,168.74,"0"
"req_002967","2026-10-05 05:03:13",5,"/api/v1/products","GET",11,5.8,21.31,52.67,0,23.96,"1",200,29.35,"0"
"req_002968","2026-10-05 05:03:42",5,"/api/v1/products","POST",59,3.81,41.48,40.63,1,22.94,"0",200,92.04,"0"
"req_002969","2026-10-05 05:03:45",5,"/api/v1/users","GET",57,4.27,19.07,48.95,0,47.99,"1",150,70.67,"0"
"req_002970","2026-10-05 05:04:24",5,"/api/v1/users","GET",11,1.42,21.59,36.76,1,40.27,"0",150,98.55,"0"
"req_002971","2026-10-05 05:05:11",5,"/api/v1/checkout","POST",199,1.52,30.61,58.53,4,34.82,"0",500,314.51,"0"
"req_002972","2026-10-05 05:05:40",5,"/api/v1/checkout","PUT",21,2.86,26.92,52.47,6,42.61,"0",500,339.33,"0"
"req_002973","2026-10-05 05:05:48",5,"/api/v1/products","GET",12,1.11,11.67,36.4,0,27.19,"1",200,27.21,"0"
"req_002974","2026-10-05 05:06:44",5,"/api/v1/checkout","POST",12,4.52,38.39,36.03,12,31.64,"0",500,478.65,"0"
"req_002975","2026-10-05 05:14:16",5,"/api/v1/products","GET",22,6.38,20.65,46.61,5,11.54,"0",200,152.02,"0"
"req_002976","2026-10-05 05:14:45",5,"/api/v1/products","GET",21,1.86,21.63,50.81,2,41.1,"0",200,116.25,"0"
"req_002977","2026-10-05 05:15:59",5,"/api/v1/checkout","PUT",79,3.88,38.2,42.4,7,25.39,"0",500,344.6,"0"
"req_002978","2026-10-05 05:19:14",5,"/api/v1/checkout","POST",64,12.78,30.12,45.41,8,44.92,"0",500,371.35,"0"
"req_002979","2026-10-05 05:20:27",5,"/api/v1/products","GET",26,2.85,31.69,38.22,3,50.98,"0",200,144.83,"0"
"req_002980","2026-10-05 05:23:12",5,"/api/v1/reports","GET",24,3.84,14.74,43.38,13,37.33,"0",800,536.19,"0"
"req_002981","2026-10-05 05:27:33",5,"/api/v1/checkout","POST",12,12.62,33.08,42.49,9,38.92,"0",500,420.21,"0"
"req_002982","2026-10-05 05:28:15",5,"/api/v1/users","GET",51,1.46,33.94,48.87,1,58.23,"0",150,124.12,"0"
"req_002983","2026-10-05 05:29:58",5,"/api/v1/search","POST",20,0.79,22.49,42.72,3,36.94,"0",300,169.19,"0"
"req_002984","2026-10-05 05:32:36",5,"/api/v1/checkout","PUT",80,27.43,23.4,49.57,6,51.2,"0",500,352.93,"0"
"req_002985","2026-10-05 05:36:07",5,"/api/v1/checkout","POST",27,12.19,41.75,42.18,7,19.54,"0",500,302.89,"0"
"req_002986","2026-10-05 05:38:06",5,"/api/v1/search","GET",83,2.27,38.91,48.77,3,47.17,"0",300,205.47,"0"
"req_002987","2026-10-05 05:38:26",5,"/api/v1/checkout","POST",18,0.34,18.68,37.92,6,35.6,"0",500,327.31,"0"
"req_002988","2026-10-05 05:40:21",5,"/api/v1/users","GET",21,4.35,43.35,52.81,1,28.57,"0",150,88.14,"0"
"req_002989","2026-10-05 05:40:34",5,"/api/v1/checkout","POST",37,28.69,24.99,35.61,5,32.1,"0",500,331.08,"0"
"req_002990","2026-10-05 05:41:27",5,"/api/v1/reports","GET",71,5.41,40.4,45.12,11,48.93,"0",800,610.59,"0"
"req_002991","2026-10-05 05:42:04",5,"/api/v1/checkout","POST",66,6.95,33.44,46.56,3,22.34,"0",500,297.1,"0"
"req_002992","2026-10-05 05:44:51",5,"/api/v1/products","GET",30,12.97,34.53,42.77,0,32.71,"1",200,37.34,"0"
"req_002993","2026-10-05 05:48:16",5,"/api/v1/search","GET",22,1.98,36.37,44.07,0,22.94,"1",300,45.87,"0"
"req_002994","2026-10-05 05:48:38",5,"/api/v1/users","GET",75,16.32,48.59,56.05,0,8.82,"1",150,17.74,"0"
"req_002995","2026-10-05 05:48:52",5,"/api/v1/search","GET",42,5.09,32.78,48.59,0,35.58,"1",300,65.59,"0"
"req_002996","2026-10-05 05:52:48",5,"/api/v1/checkout","POST",70,6.44,37.56,41.65,5,16.57,"0",500,287.06,"0"
"req_002997","2026-10-05 05:54:16",5,"/api/v1/products","GET",196,12.83,66.18,64.89,1,43.44,"0",200,172.9,"0"
"req_002998","2026-10-05 05:54:46",5,"/api/v1/checkout","POST",50,4.09,29.63,35.62,6,11.65,"0",500,279.45,"0"
"req_002999","2026-10-05 06:01:05",6,"/api/v1/products","GET",126,6.68,31.13,62.7,2,7.59,"0",200,114.99,"0"
"req_003000","2026-10-05 06:04:30",6,"/api/v1/checkout","PUT",19,5.9,30.13,46.81,9,34.35,"0",500,414.87,"0"
"req_003001","2026-10-05 06:05:09",6,"/api/v1/products","GET",43,0.89,39.65,53.12,0,29.32,"1",200,31.58,"0"
"req_003002","2026-10-05 06:05:22",6,"/api/v1/reports","GET",37,4.07,18.96,38.5,17,43.2,"0",800,790.93,"0"
"req_003003","2026-10-05 06:06:24",6,"/api/v1/users","GET",14,23.34,38.44,42.67,2,43.24,"0",150,141.89,"0"
"req_003004","2026-10-05 06:07:24",6,"/api/v1/users","GET",63,11.26,26.17,48.24,2,28.79,"0",150,109.82,"0"
"req_003005","2026-10-05 06:07:38",6,"/api/v1/products","GET",18,4.46,28.38,34.69,2,42.41,"0",200,128.71,"0"
"req_003006","2026-10-05 06:08:10",6,"/api/v1/search","GET",65,34.88,36.71,43.24,6,34.95,"0",300,259.36,"0"
"req_003007","2026-10-05 06:09:11",6,"/api/v1/checkout","POST",25,5.01,37.43,44.03,3,23.85,"0",500,274.24,"0"
"req_003008","2026-10-05 06:09:30",6,"/api/v1/checkout","POST",30,3.94,46.88,43.6,7,13.65,"0",500,364.11,"0"
"req_003009","2026-10-05 06:09:43",6,"/api/v1/products","GET",34,1.37,33.69,46.09,3,33.92,"0",200,126.91,"0"
"req_003010","2026-10-05 06:12:34",6,"/api/v1/products","GET",15,85.91,16.87,47.53,1,33.57,"0",200,132.34,"0"
"req_003011","2026-10-05 06:14:17",6,"/api/v1/search","GET",98,2.25,48.62,56.13,3,37.84,"0",300,219.73,"0"
"req_003012","2026-10-05 06:18:55",6,"/api/v1/checkout","PUT",31,1.24,31.99,34.83,6,22.81,"0",500,320.44,"0"
"req_003013","2026-10-05 06:19:14",6,"/api/v1/checkout","POST",87,15.8,29.84,58.63,5,32.19,"0",500,315.06,"0"
"req_003014","2026-10-05 06:22:47",6,"/api/v1/checkout","POST",39,4.87,34.79,44.54,5,19.78,"0",500,308.43,"0"
"req_003015","2026-10-05 06:22:57",6,"/api/v1/products","GET",39,8.68,12.23,54.3,1,34.1,"0",200,98.45,"0"
"req_003016","2026-10-05 06:24:12",6,"/api/v1/products","POST",19,6.72,39.87,40.02,1,29.37,"0",200,103.85,"0"
"req_003017","2026-10-05 06:24:18",6,"/api/v1/checkout","PUT",68,5.75,24.02,47.62,11,36.03,"0",500,455.19,"0"
"req_003018","2026-10-05 06:25:41",6,"/api/v1/products","GET",47,9.11,34.08,40.35,4,86.7,"0",200,212.12,"1"
"req_003019","2026-10-05 06:28:11",6,"/api/v1/products","GET",32,3.88,30.49,38.77,0,52.99,"1",200,64.49,"0"
"req_003020","2026-10-05 06:28:59",6,"/api/v1/users","GET",81,1.96,32.94,50.88,1,33.4,"0",150,101.6,"0"
"req_003021","2026-10-05 06:30:21",6,"/api/v1/search","GET",59,4.87,30.92,44.05,4,44.84,"0",300,228.71,"0"
"req_003022","2026-10-05 06:30:42",6,"/api/v1/users","GET",47,9.73,23.91,40.88,0,27.67,"1",150,48.4,"0"
"req_003023","2026-10-05 06:31:59",6,"/api/v1/reports","GET",45,4.73,33.82,45.94,13,13.37,"0",800,586.73,"0"
"req_003024","2026-10-05 06:32:28",6,"/api/v1/products","POST",105,0.3,55.36,52.85,3,32.52,"0",200,166.19,"0"
"req_003025","2026-10-05 06:34:06",6,"/api/v1/search","GET",41,4.1,39.34,52.14,4,36.79,"0",300,204.88,"0"
"req_003026","2026-10-05 06:39:40",6,"/api/v1/products","GET",204,2.81,56.82,63.9,0,26,"1",200,41.2,"0"
"req_003027","2026-10-05 06:39:43",6,"/api/v1/checkout","POST",63,7.58,31.59,45.27,8,19.56,"0",500,357.22,"0"
"req_003028","2026-10-05 06:43:34",6,"/api/v1/checkout","POST",38,8.34,34.74,42.37,4,25.14,"0",500,285.56,"0"
"req_003029","2026-10-05 06:44:14",6,"/api/v1/products","GET",103,9.59,26.22,38.82,1,31.13,"0",200,113.63,"0"
"req_003030","2026-10-05 06:44:56",6,"/api/v1/products","GET",15,8.25,21.69,41.65,1,17.74,"0",200,81.88,"0"
"req_003031","2026-10-05 06:47:43",6,"/api/v1/search","GET",113,1.22,54.7,49.48,2,56.29,"0",300,216.6,"0"
"req_003032","2026-10-05 06:49:28",6,"/api/v1/search","GET",10,32.64,20.25,45.01,1,64.09,"0",300,195.02,"0"
"req_003033","2026-10-05 06:50:29",6,"/api/v1/checkout","POST",92,13.88,42.48,51.02,8,37.01,"0",500,395.03,"0"
"req_003034","2026-10-05 06:50:56",6,"/api/v1/search","POST",118,8.44,44.5,47.83,4,43.55,"0",300,220.81,"0"
"req_003035","2026-10-05 06:54:08",6,"/api/v1/products","GET",13,0.88,19.82,53.42,0,43.47,"1",200,71.11,"0"
"req_003036","2026-10-05 06:56:35",6,"/api/v1/checkout","PUT",35,2.23,23.51,47.1,8,49.61,"0",500,351.53,"0"
"req_003037","2026-10-05 06:57:41",6,"/api/v1/checkout","PUT",21,3.62,33.78,62.57,7,51.53,"0",500,363.27,"0"
"req_003038","2026-10-05 07:01:32",7,"/api/v1/users","GET",45,1.63,44.25,47.85,0,17.24,"1",150,39.08,"0"
"req_003039","2026-10-05 07:01:32",7,"/api/v1/products","GET",26,1.45,10.89,38.97,0,22.7,"1",200,33.23,"0"
"req_003040","2026-10-05 07:02:24",7,"/api/v1/products","GET",31,2.37,31.32,50.55,0,33.18,"1",200,56.66,"0"
"req_003041","2026-10-05 07:03:35",7,"/api/v1/users","GET",22,5.63,28.72,45.62,1,37.87,"0",150,92.81,"0"
"req_003042","2026-10-05 07:05:07",7,"/api/v1/search","GET",95,10.42,43.18,45.79,0,56.22,"1",300,84.3,"0"
"req_003043","2026-10-05 07:06:26",7,"/api/v1/reports","GET",82,5.94,35.91,53.65,21,33.87,"0",800,704.62,"0"
"req_003044","2026-10-05 07:10:16",7,"/api/v1/users","GET",66,20.07,44.55,46.97,0,33.61,"1",150,56.2,"0"
"req_003045","2026-10-05 07:11:47",7,"/api/v1/search","GET",52,5,34.33,46.66,0,24.61,"1",300,47.1,"0"
"req_003046","2026-10-05 07:12:24",7,"/api/v1/reports","GET",59,2.73,34.28,49.31,10,38.01,"0",800,626.13,"0"
"req_003047","2026-10-05 07:14:02",7,"/api/v1/users","GET",35,7.3,30.22,44.02,0,21.81,"1",150,34.28,"0"
"req_003048","2026-10-05 07:18:19",7,"/api/v1/search","GET",254,11.2,61.95,58.9,0,28.19,"1",300,67.15,"0"
"req_003049","2026-10-05 07:20:17",7,"/api/v1/checkout","POST",48,0.65,33.22,43.59,9,29.92,"0",500,361.39,"0"
"req_003050","2026-10-05 07:21:47",7,"/api/v1/products","GET",72,1.84,29.87,48.2,3,28.78,"0",200,137.11,"0"
"req_003051","2026-10-05 07:23:15",7,"/api/v1/users","POST",77,2.44,44.41,51.02,1,27.2,"0",150,100.47,"0"
"req_003052","2026-10-05 07:23:20",7,"/api/v1/users","GET",82,11.43,41.8,42.95,0,94.02,"1",150,108.33,"0"
"req_003053","2026-10-05 07:27:42",7,"/api/v1/search","GET",120,4.54,58.16,54.36,3,42.66,"0",300,237.68,"0"
"req_003054","2026-10-05 07:28:44",7,"/api/v1/products","GET",37,2.32,26.3,46.84,0,44.2,"1",200,46.57,"0"
"req_003055","2026-10-05 07:29:33",7,"/api/v1/users","GET",11,3.84,27.48,52.24,0,34.78,"1",150,54.31,"0"
"req_003056","2026-10-05 07:30:48",7,"/api/v1/products","POST",239,15.58,52.19,62.05,3,34.75,"0",200,215.43,"1"
"req_003057","2026-10-05 07:32:05",7,"/api/v1/products","GET",35,0.74,34.31,45.1,0,27.02,"1",200,45.68,"0"
"req_003058","2026-10-05 07:32:16",7,"/api/v1/checkout","POST",37,8.14,43.73,43.3,10,55.45,"0",500,402.06,"0"
"req_003059","2026-10-05 07:32:23",7,"/api/v1/search","GET",141,2.55,47.79,51,4,41.8,"0",300,243.59,"0"
"req_003060","2026-10-05 07:35:19",7,"/api/v1/products","GET",64,5.4,32.75,41.21,2,49.43,"0",200,136.21,"0"
"req_003061","2026-10-05 07:36:34",7,"/api/v1/users","GET",18,7.58,12.6,51.44,0,30.08,"1",150,40.04,"0"
"req_003062","2026-10-05 07:39:31",7,"/api/v1/reports","GET",55,64.51,38.17,41.46,11,18.55,"0",800,621.87,"0"
"req_003063","2026-10-05 07:41:05",7,"/api/v1/products","GET",14,2.8,10.9,49.63,0,34.36,"1",200,41.2,"0"
"req_003064","2026-10-05 07:42:56",7,"/api/v1/users","GET",38,1.43,26.06,41.94,0,48.51,"1",150,61.27,"0"
"req_003065","2026-10-05 07:43:40",7,"/api/v1/users","GET",9,1.17,33.23,42.5,0,30.53,"1",150,34.73,"0"
"req_003066","2026-10-05 07:43:41",7,"/api/v1/products","GET",63,8.13,26.26,54.25,0,34.16,"1",200,50.48,"0"
"req_003067","2026-10-05 07:44:26",7,"/api/v1/reports","GET",13,1.36,28.32,33.86,19,78.32,"0",800,811.76,"1"
"req_003068","2026-10-05 07:46:07",7,"/api/v1/products","GET",18,4.19,28.22,36.61,0,31.75,"1",200,52.55,"0"
"req_003069","2026-10-05 07:47:53",7,"/api/v1/search","GET",11,3.13,32.27,34.42,5,39.88,"0",300,230.55,"0"
"req_003070","2026-10-05 07:54:05",7,"/api/v1/products","GET",73,10.29,43.89,46.61,0,17.97,"1",200,30.4,"0"
"req_003071","2026-10-05 07:55:34",7,"/api/v1/checkout","POST",18,50.2,36.58,37.32,6,40.59,"0",500,374.89,"0"
"req_003072","2026-10-05 07:58:35",7,"/api/v1/search","GET",14,1.05,27.78,37.93,7,47.49,"0",300,243.76,"0"
"req_003073","2026-10-05 08:01:11",8,"/api/v1/search","GET",7,0.83,32.17,46.29,10,20.65,"0",300,228.31,"0"
"req_003074","2026-10-05 08:01:36",8,"/api/v1/products","POST",119,3.9,42.84,57.15,2,18.14,"0",200,134.61,"0"
"req_003075","2026-10-05 08:03:58",8,"/api/v1/users","GET",32,7.07,23.05,42.41,1,54.94,"0",150,98.62,"0"
"req_003076","2026-10-05 08:05:46",8,"/api/v1/search","GET",19,9.58,22.4,43.24,7,75.07,"0",300,267.49,"0"
"req_003077","2026-10-05 08:07:07",8,"/api/v1/search","GET",26,2.58,27.39,40.37,0,26.37,"1",300,52.35,"0"
"req_003078","2026-10-05 08:07:34",8,"/api/v1/products","GET",12,5.16,29.38,51.49,7,29.63,"0",200,199.94,"0"
"req_003079","2026-10-05 08:08:35",8,"/api/v1/users","GET",133,8.64,36.99,62.57,1,38.71,"0",150,121.41,"0"
"req_003080","2026-10-05 08:11:54",8,"/api/v1/search","POST",31,1.53,10.51,47.86,3,49.09,"0",300,192.26,"0"
"req_003081","2026-10-05 08:19:40",8,"/api/v1/products","GET",29,2.04,36.2,37.08,1,18.93,"0",200,97.28,"0"
"req_003082","2026-10-05 08:20:42",8,"/api/v1/checkout","POST",79,3.56,35.15,57.74,10,35.81,"0",500,404.81,"0"
"req_003083","2026-10-05 08:23:58",8,"/api/v1/search","GET",93,4.07,32.26,46.5,0,19.78,"1",300,62.21,"0"
"req_003084","2026-10-05 08:25:17",8,"/api/v1/search","GET",77,25.8,29.54,40.36,6,53.31,"0",300,268.31,"0"
"req_003085","2026-10-05 08:26:10",8,"/api/v1/products","GET",23,3.94,37.59,41.9,0,33.93,"1",200,47.74,"0"
"req_003086","2026-10-05 08:27:00",8,"/api/v1/products","GET",14,1.5,13.28,33.93,0,40.77,"1",200,46.88,"0"
"req_003087","2026-10-05 08:27:33",8,"/api/v1/products","GET",25,1.69,28.33,52.35,0,50,"1",200,72.21,"0"
"req_003088","2026-10-05 08:29:17",8,"/api/v1/products","GET",39,9.03,35.37,56.86,0,14.64,"1",200,28.66,"0"
"req_003089","2026-10-05 08:29:28",8,"/api/v1/users","POST",34,11.5,30.7,42.81,1,7.22,"0",150,67.95,"0"
"req_003090","2026-10-05 08:30:46",8,"/api/v1/reports","GET",89,6.87,24.36,45.82,18,29.35,"0",800,635.17,"0"
"req_003091","2026-10-05 08:40:27",8,"/api/v1/users","GET",73,4.49,46.72,55.96,0,20.41,"1",150,41.36,"0"
"req_003092","2026-10-05 08:41:54",8,"/api/v1/reports","GET",32,0.8,34.68,45.4,8,28.41,"0",800,514.94,"0"
"req_003093","2026-10-05 08:45:52",8,"/api/v1/users","GET",61,4.86,28.77,55.41,0,11.51,"1",150,17.09,"0"
"req_003094","2026-10-05 08:50:17",8,"/api/v1/users","GET",44,2.61,36.2,40.92,0,44.32,"1",150,47.78,"0"
"req_003095","2026-10-05 08:51:25",8,"/api/v1/checkout","POST",45,7.08,33.28,34.33,3,29.37,"0",500,308.35,"0"
"req_003096","2026-10-05 08:54:13",8,"/api/v1/checkout","POST",54,3.52,24.96,48.95,6,30.44,"0",500,321.73,"0"
"req_003097","2026-10-05 08:54:56",8,"/api/v1/products","GET",158,4.69,57.84,57.35,2,39.41,"0",200,162.34,"0"
"req_003098","2026-10-05 08:56:55",8,"/api/v1/products","POST",39,5.34,19.07,43.24,3,63.53,"0",200,174.21,"0"
"req_003099","2026-10-05 08:57:04",8,"/api/v1/products","GET",27,7.04,24.97,45.93,2,42.63,"0",200,119.36,"0"
"req_003100","2026-10-05 08:59:36",8,"/api/v1/search","GET",15,3.28,25.43,43.18,8,18.39,"0",300,202.27,"0"
"req_003101","2026-10-05 09:00:15",9,"/api/v1/checkout","POST",44,6.68,30.57,43.06,8,31.66,"0",500,359.22,"0"
"req_003102","2026-10-05 09:03:21",9,"/api/v1/products","POST",183,4.84,55.08,57.02,3,29.82,"0",200,178.71,"0"
"req_003103","2026-10-05 09:03:45",9,"/api/v1/users","POST",60,1.81,34.59,37.48,3,32.73,"0",150,123.04,"0"
"req_003104","2026-10-05 09:03:54",9,"/api/v1/products","POST",36,7.63,30.64,42.54,3,21.59,"0",200,124.42,"0"
"req_003105","2026-10-05 09:04:52",9,"/api/v1/users","GET",107,3.35,33.67,59.06,0,54.36,"1",150,70.73,"0"
"req_003106","2026-10-05 09:07:54",9,"/api/v1/users","GET",14,8.81,25.46,45.06,1,65.65,"0",150,129.27,"0"
"req_003107","2026-10-05 09:08:17",9,"/api/v1/users","GET",16,7.52,20.84,45.57,0,54.8,"1",150,66.84,"0"
"req_003108","2026-10-05 09:08:38",9,"/api/v1/search","GET",145,4.71,35.47,54.19,7,54.59,"0",300,321.6,"1"
"req_003109","2026-10-05 09:12:14",9,"/api/v1/products","GET",41,3.01,35.63,48.98,0,119.31,"1",200,136.55,"0"
"req_003110","2026-10-05 09:13:28",9,"/api/v1/products","GET",96,4.94,38.7,53.24,0,22.45,"1",200,52.11,"0"
"req_003111","2026-10-05 09:14:37",9,"/api/v1/products","GET",44,1.16,41.09,48.38,2,50.46,"0",200,136.48,"0"
"req_003112","2026-10-05 09:16:31",9,"/api/v1/products","GET",94,2.72,34.22,51.44,2,27.49,"0",200,118.14,"0"
"req_003113","2026-10-05 09:17:22",9,"/api/v1/search","GET",307,6.22,81.45,64.8,9,21.28,"0",300,963.1,"1"
"req_003114","2026-10-05 09:17:45",9,"/api/v1/checkout","POST",114,7.61,47.89,46.6,5,25.33,"0",500,338.87,"0"
"req_003115","2026-10-05 09:19:34",9,"/api/v1/users","GET",20,7.2,26.9,34.92,0,32.62,"1",150,37.81,"0"
"req_003116","2026-10-05 09:21:04",9,"/api/v1/reports","GET",32,5.22,21.66,45.6,13,31.38,"0",800,560.66,"0"
"req_003117","2026-10-05 09:21:16",9,"/api/v1/products","GET",24,3.71,36.59,59.54,1,34.26,"0",200,109.14,"0"
"req_003118","2026-10-05 09:23:01",9,"/api/v1/users","GET",25,1.16,13.74,50.38,0,30.73,"1",150,33.46,"0"
"req_003119","2026-10-05 09:24:22",9,"/api/v1/search","GET",91,6.28,32.71,46.04,0,57.05,"1",300,87.99,"0"
"req_003120","2026-10-05 09:25:56",9,"/api/v1/products","GET",57,6.47,28.71,49.82,0,32.5,"1",200,51.24,"0"
"req_003121","2026-10-05 09:26:26",9,"/api/v1/checkout","POST",142,6.14,46.66,64.13,3,12.79,"0",500,297.5,"0"
"req_003122","2026-10-05 09:26:54",9,"/api/v1/users","GET",95,1.54,36.07,42.97,2,29.33,"0",150,105.83,"0"
"req_003123","2026-10-05 09:27:41",9,"/api/v1/users","GET",30,3.67,31.66,49.25,2,28.34,"0",150,105.76,"0"
"req_003124","2026-10-05 09:28:14",9,"/api/v1/search","GET",63,1.56,40.92,54.21,2,46.02,"0",300,203.48,"0"
"req_003125","2026-10-05 09:31:48",9,"/api/v1/users","GET",139,2.22,47.68,53.43,0,28.75,"1",150,43.38,"0"
"req_003126","2026-10-05 09:32:55",9,"/api/v1/products","GET",50,6.23,26.3,40.98,4,56.23,"0",200,164.82,"0"
"req_003127","2026-10-05 09:36:15",9,"/api/v1/reports","GET",34,0.89,19.34,51.99,10,46.49,"0",800,600.81,"0"
"req_003128","2026-10-05 09:36:49",9,"/api/v1/products","POST",20,6.38,17.96,32.03,2,39.61,"0",200,118.8,"0"
"req_003129","2026-10-05 09:37:12",9,"/api/v1/search","GET",92,0.89,25.52,45.12,11,13.75,"0",300,286.71,"0"
"req_003130","2026-10-05 09:37:39",9,"/api/v1/checkout","POST",113,3.53,43.05,62.39,7,46.79,"0",500,362.49,"0"
"req_003131","2026-10-05 09:40:23",9,"/api/v1/checkout","POST",40,3.23,16.72,43.2,10,32.7,"0",500,348.45,"0"
"req_003132","2026-10-05 09:41:16",9,"/api/v1/reports","GET",62,1.09,23.52,42.24,14,55.73,"0",800,635.74,"0"
"req_003133","2026-10-05 09:42:54",9,"/api/v1/users","GET",73,10.54,38.02,36.23,0,42.1,"1",150,62.81,"0"
"req_003134","2026-10-05 09:43:20",9,"/api/v1/products","POST",21,2.4,43.26,47.24,5,22.58,"0",200,166.49,"0"
"req_003135","2026-10-05 09:47:09",9,"/api/v1/reports","GET",147,7.84,37.24,62.92,9,19.81,"0",800,615.03,"0"
"req_003136","2026-10-05 09:47:16",9,"/api/v1/users","GET",15,4.03,9.34,44.22,0,38.78,"1",150,47.23,"0"
"req_003137","2026-10-05 09:50:53",9,"/api/v1/users","GET",62,10.41,18.38,57,0,25.05,"1",150,46.38,"0"
"req_003138","2026-10-05 09:51:26",9,"/api/v1/search","GET",68,16.21,26.17,47.01,5,34.47,"0",300,231.5,"0"
"req_003139","2026-10-05 09:55:48",9,"/api/v1/checkout","PUT",62,3.75,39.65,47.29,8,44.79,"0",500,457.85,"0"
"req_003140","2026-10-05 09:55:51",9,"/api/v1/search","GET",49,9.71,39.88,38.32,4,27.54,"0",300,238.15,"0"
"req_003141","2026-10-05 09:57:58",9,"/api/v1/users","GET",48,27.42,33,46.44,1,59.53,"0",150,136.28,"0"
"req_003142","2026-10-05 10:00:30",10,"/api/v1/users","GET",26,11.17,24.45,46.87,0,34.93,"1",150,45,"0"
"req_003143","2026-10-05 10:01:06",10,"/api/v1/products","GET",35,6.77,35.16,39.28,0,14.74,"1",200,38.86,"0"
"req_003144","2026-10-05 10:02:39",10,"/api/v1/products","GET",39,6.92,32.07,26.34,0,9.33,"1",200,18.87,"0"
"req_003145","2026-10-05 10:04:17",10,"/api/v1/checkout","POST",8,2.71,21.69,32.69,6,37.88,"0",500,334.29,"0"
"req_003146","2026-10-05 10:05:47",10,"/api/v1/checkout","PUT",56,1.76,35.33,44.31,5,45.54,"0",500,320.64,"0"
"req_003147","2026-10-05 10:07:20",10,"/api/v1/reports","GET",54,2.21,26.76,38.57,11,73.47,"0",800,661.11,"0"
"req_003148","2026-10-05 10:08:17",10,"/api/v1/search","GET",28,2.93,31.99,32.21,8,34.58,"0",300,286.36,"0"
"req_003149","2026-10-05 10:09:07",10,"/api/v1/users","GET",114,2.36,50.82,38.4,0,12.28,"1",150,36.3,"0"
"req_003150","2026-10-05 10:09:45",10,"/api/v1/users","POST",16,5.64,25.1,34.72,1,39.65,"0",150,88.49,"0"
"req_003151","2026-10-05 10:14:54",10,"/api/v1/reports","POST",41,3.22,25.39,52.84,5,16.02,"0",800,497.03,"0"
"req_003152","2026-10-05 10:16:35",10,"/api/v1/search","POST",121,1.63,36.17,43.08,2,34.29,"0",300,193.49,"0"
"req_003153","2026-10-05 10:17:15",10,"/api/v1/users","GET",102,2.49,50.95,42.91,3,21.24,"0",150,153.47,"1"
"req_003154","2026-10-05 10:18:51",10,"/api/v1/products","GET",328,3.89,69.63,64.84,4,50.14,"0",200,249.41,"1"
"req_003155","2026-10-05 10:20:08",10,"/api/v1/checkout","PUT",90,3.08,46.86,48.77,3,12.92,"0",500,280.96,"0"
"req_003156","2026-10-05 10:20:29",10,"/api/v1/users","GET",45,1.35,35.07,36.67,0,25.36,"1",150,41.52,"0"
"req_003157","2026-10-05 10:33:45",10,"/api/v1/products","GET",21,0.44,12.01,38.58,2,29.38,"0",200,93.46,"0"
"req_003158","2026-10-05 10:34:11",10,"/api/v1/search","GET",148,4.57,46.83,59.66,4,42.14,"0",300,270.56,"0"
"req_003159","2026-10-05 10:36:12",10,"/api/v1/search","GET",20,14.4,30.32,42.12,0,34.15,"1",300,63.56,"0"
"req_003160","2026-10-05 10:36:25",10,"/api/v1/products","GET",43,37.91,42.44,51.53,1,34.57,"0",200,112.75,"0"
"req_003161","2026-10-05 10:36:42",10,"/api/v1/products","GET",54,0.76,54.55,44.25,0,24.16,"1",200,45.98,"0"
"req_003162","2026-10-05 10:38:09",10,"/api/v1/users","GET",45,1.95,22.15,45.45,0,37.95,"1",150,41.88,"0"
"req_003163","2026-10-05 10:47:41",10,"/api/v1/products","GET",50,10.3,19.13,48.76,0,29.91,"1",200,41.94,"0"
"req_003164","2026-10-05 10:48:55",10,"/api/v1/products","GET",62,4.92,34.56,44.02,0,52.93,"1",200,69.15,"0"
"req_003165","2026-10-05 10:49:24",10,"/api/v1/search","GET",49,3.56,19.39,49.8,2,31.31,"0",300,172.06,"0"
"req_003166","2026-10-05 10:50:57",10,"/api/v1/checkout","POST",30,8.03,22.37,45.48,5,13.69,"0",500,298.68,"0"
"req_003167","2026-10-05 10:51:24",10,"/api/v1/reports","GET",14,9.72,15.53,43.89,10,21.16,"0",800,566.15,"0"
"req_003168","2026-10-05 10:54:09",10,"/api/v1/products","POST",43,6.5,20.78,40.81,3,18.39,"0",200,134.22,"0"
"req_003169","2026-10-05 10:57:14",10,"/api/v1/products","GET",61,1.53,27.72,35.32,4,42.14,"0",200,152.31,"0"
"req_003170","2026-10-05 11:02:03",11,"/api/v1/products","GET",50,20.68,15.74,40.28,0,10.64,"1",200,20.46,"0"
"req_003171","2026-10-05 11:03:06",11,"/api/v1/products","POST",114,4.83,31,46.79,5,32.3,"0",200,178.82,"0"
"req_003172","2026-10-05 11:03:30",11,"/api/v1/products","GET",128,108.09,52.82,48.99,1,29.89,"0",200,173.09,"0"
"req_003173","2026-10-05 11:08:35",11,"/api/v1/products","GET",24,4.68,18.1,33.12,1,29.99,"0",200,95.73,"0"
"req_003174","2026-10-05 11:10:30",11,"/api/v1/search","POST",89,9.26,41.78,49.44,5,8.01,"0",300,230.42,"0"
"req_003175","2026-10-05 11:13:33",11,"/api/v1/users","GET",28,6.89,47.47,45.08,2,94.84,"0",150,197.12,"1"
"req_003176","2026-10-05 11:15:16",11,"/api/v1/users","GET",121,3.05,52.36,63.14,2,44.86,"0",150,136.7,"0"
"req_003177","2026-10-05 11:16:01",11,"/api/v1/search","GET",87,15.84,34.69,46.92,7,21.13,"0",300,218.37,"0"
"req_003178","2026-10-05 11:16:10",11,"/api/v1/products","GET",32,6.71,41.85,38.65,1,43.14,"0",200,130.41,"0"
"req_003179","2026-10-05 11:16:12",11,"/api/v1/checkout","POST",11,1.92,12.31,43.12,5,30.83,"0",500,268.46,"0"
"req_003180","2026-10-05 11:16:19",11,"/api/v1/products","GET",147,2.12,50.72,53.88,0,24.13,"1",200,37.02,"0"
"req_003181","2026-10-05 11:20:33",11,"/api/v1/search","GET",41,1.31,25.7,30.61,3,23.59,"0",300,176.89,"0"
"req_003182","2026-10-05 11:22:36",11,"/api/v1/reports","GET",29,1.47,24.08,44.03,8,42.08,"0",800,501.51,"0"
"req_003183","2026-10-05 11:23:01",11,"/api/v1/checkout","PUT",28,5.18,23.16,44.47,5,27.27,"0",500,324.42,"0"
"req_003184","2026-10-05 11:31:22",11,"/api/v1/search","GET",155,1.64,40.38,50.58,0,44.75,"1",300,77.59,"0"
"req_003185","2026-10-05 11:33:34",11,"/api/v1/users","POST",376,9.3,75.99,82.73,3,18.07,"0",150,451.29,"1"
"req_003186","2026-10-05 11:36:44",11,"/api/v1/search","GET",67,3.46,28.92,47.05,5,28.27,"0",300,184.3,"0"
"req_003187","2026-10-05 11:39:16",11,"/api/v1/users","GET",32,7.43,35.47,47.51,0,45.67,"1",150,58.88,"0"
"req_003188","2026-10-05 11:40:03",11,"/api/v1/users","GET",108,2.33,37.29,45.24,0,33.16,"1",150,45.39,"0"
"req_003189","2026-10-05 11:40:11",11,"/api/v1/checkout","POST",71,0.77,34.06,48.18,7,30.36,"0",500,327.09,"0"
"req_003190","2026-10-05 11:40:45",11,"/api/v1/products","GET",77,6.27,36.07,44.42,3,44.27,"0",200,175.97,"0"
"req_003191","2026-10-05 11:41:29",11,"/api/v1/users","GET",66,4.76,41.47,48.56,2,52.88,"0",150,143.63,"0"
"req_003192","2026-10-05 11:42:49",11,"/api/v1/users","GET",45,12.09,26.62,43.62,0,20.44,"1",150,25.35,"0"
"req_003193","2026-10-05 11:43:07",11,"/api/v1/products","GET",204,2.93,48.62,51.22,0,27.83,"1",200,37.37,"0"
"req_003194","2026-10-05 11:45:51",11,"/api/v1/search","GET",41,1.87,35.88,37.87,0,40.29,"1",300,59.8,"0"
"req_003195","2026-10-05 11:50:26",11,"/api/v1/products","GET",117,1.5,51.79,52.78,0,78.26,"1",200,94.37,"0"
"req_003196","2026-10-05 11:55:05",11,"/api/v1/products","GET",48,9.52,22.45,48.48,3,40.32,"0",200,157.12,"0"
"req_003197","2026-10-05 11:59:57",11,"/api/v1/reports","GET",187,1.97,54.55,66.19,9,23.46,"0",800,601.82,"0"
"req_003198","2026-10-05 12:00:08",12,"/api/v1/products","POST",17,3.35,27.25,34.86,1,31.72,"0",200,107.52,"0"
"req_003199","2026-10-05 12:00:22",12,"/api/v1/products","GET",56,3.81,21.61,40.11,1,12.92,"0",200,90.29,"0"
"req_003200","2026-10-05 12:02:48",12,"/api/v1/checkout","POST",103,1.47,47.85,49.28,7,12.18,"0",500,357.14,"0"
"req_003201","2026-10-05 12:03:34",12,"/api/v1/users","GET",53,0.4,24.36,42.51,0,22.94,"1",150,33.76,"0"
"req_003202","2026-10-05 12:04:46",12,"/api/v1/products","GET",52,3.19,23.2,39.26,0,31.8,"1",200,51.71,"0"
"req_003203","2026-10-05 12:04:50",12,"/api/v1/reports","GET",44,5.52,40.29,49.42,6,38.09,"0",800,535.88,"0"
"req_003204","2026-10-05 12:04:50",12,"/api/v1/products","GET",100,2.85,35.23,50.54,2,31.3,"0",200,147.99,"0"
"req_003205","2026-10-05 12:06:06",12,"/api/v1/checkout","POST",167,6.36,53.76,56.18,4,8.93,"0",500,334.44,"0"
"req_003206","2026-10-05 12:07:00",12,"/api/v1/products","GET",26,4.58,26.21,47.05,0,40.72,"1",200,43.68,"0"
"req_003207","2026-10-05 12:09:04",12,"/api/v1/users","GET",68,6.91,24.45,42.27,1,32.82,"0",150,95.66,"0"
"req_003208","2026-10-05 12:10:15",12,"/api/v1/products","GET",220,1.11,53.95,62.58,0,47.73,"1",200,64,"0"
"req_003209","2026-10-05 12:10:40",12,"/api/v1/search","GET",23,3.52,33.15,46.43,0,13.46,"1",300,37.85,"0"
"req_003210","2026-10-05 12:14:31",12,"/api/v1/checkout","POST",73,6.92,25.48,57.98,5,46.06,"0",500,332.05,"0"
"req_003211","2026-10-05 12:15:45",12,"/api/v1/reports","GET",58,5.12,52.72,44.9,11,21.87,"0",800,639.51,"0"
"req_003212","2026-10-05 12:19:30",12,"/api/v1/products","GET",100,14.57,42.62,55.94,0,38.2,"1",200,57.52,"0"
"req_003213","2026-10-05 12:21:02",12,"/api/v1/search","GET",26,8.15,11.66,43.04,0,30.17,"1",300,54.74,"0"
"req_003214","2026-10-05 12:32:00",12,"/api/v1/users","GET",59,7.8,25.64,54.21,0,14.06,"1",150,27.05,"0"
"req_003215","2026-10-05 12:37:11",12,"/api/v1/products","GET",19,9.16,27.99,43.34,0,13.71,"1",200,25.52,"0"
"req_003216","2026-10-05 12:38:22",12,"/api/v1/users","GET",36,5.31,22.65,41.39,0,32.43,"1",150,46.51,"0"
"req_003217","2026-10-05 12:40:37",12,"/api/v1/reports","POST",42,2.83,36.52,46.4,11,36.97,"0",800,593.75,"0"
"req_003218","2026-10-05 12:42:17",12,"/api/v1/reports","GET",14,10.13,17.88,36.83,19,85.69,"0",800,751.6,"0"
"req_003219","2026-10-05 12:43:42",12,"/api/v1/reports","GET",129,5.74,36.79,42.82,14,25.28,"0",800,701.52,"0"
"req_003220","2026-10-05 12:46:37",12,"/api/v1/checkout","POST",38,20.9,34.14,47.73,6,24.94,"0",500,366.19,"0"
"req_003221","2026-10-05 12:47:02",12,"/api/v1/products","GET",40,5.81,26.63,53.28,0,45.82,"1",200,50,"0"
"req_003222","2026-10-05 12:47:15",12,"/api/v1/products","POST",31,1.54,29.61,37.36,5,67.83,"0",200,202.44,"1"
"req_003223","2026-10-05 12:50:12",12,"/api/v1/checkout","POST",46,7.58,38.36,42.94,6,21.95,"0",500,326.85,"0"
"req_003224","2026-10-05 12:50:33",12,"/api/v1/checkout","POST",40,0.65,43.41,41.08,7,50.63,"0",500,390.98,"0"
"req_003225","2026-10-05 12:51:08",12,"/api/v1/search","GET",25,2.69,41.71,42.04,0,16.92,"1",300,40.29,"0"
"req_003226","2026-10-05 12:53:12",12,"/api/v1/products","GET",15,6.94,34.18,47.92,0,64.3,"1",200,72.56,"0"
"req_003227","2026-10-05 12:54:12",12,"/api/v1/checkout","POST",84,4.08,32.77,49.48,5,46.16,"0",500,325.26,"0"
"req_003228","2026-10-05 12:54:33",12,"/api/v1/products","GET",101,32.48,36.46,55.73,0,33.43,"1",200,52.4,"0"
"req_003229","2026-10-05 12:57:03",12,"/api/v1/search","GET",61,5.04,44.3,56.37,6,20.64,"0",300,239.96,"0"
"req_003230","2026-10-05 12:58:40",12,"/api/v1/checkout","POST",90,6.29,25.36,47.43,8,70.6,"0",500,423.05,"0"
"req_003231","2026-10-05 12:59:44",12,"/api/v1/users","GET",14,2.96,35.15,39.79,0,49.31,"1",150,61.2,"0"
"req_003232","2026-10-05 13:03:40",13,"/api/v1/users","GET",26,2.17,37.3,45.64,0,53.74,"1",150,69.37,"0"
"req_003233","2026-10-05 13:03:49",13,"/api/v1/search","GET",50,9.4,30.19,57.73,0,44.56,"1",300,83.07,"0"
"req_003234","2026-10-05 13:03:55",13,"/api/v1/products","GET",37,6.61,30.59,28.51,0,43.95,"1",200,67,"0"
"req_003235","2026-10-05 13:10:57",13,"/api/v1/products","GET",26,4.68,27.22,36.25,6,57.13,"0",200,215.06,"1"
"req_003236","2026-10-05 13:11:01",13,"/api/v1/search","GET",20,3.03,26.89,54.72,3,19.76,"0",300,190.22,"0"
"req_003237","2026-10-05 13:11:41",13,"/api/v1/products","GET",38,7.35,23.52,50.73,0,42.36,"1",200,44.52,"0"
"req_003238","2026-10-05 13:12:21",13,"/api/v1/users","GET",45,9.84,39.68,46.96,0,25.39,"1",150,36.22,"0"
"req_003239","2026-10-05 13:13:03",13,"/api/v1/checkout","POST",18,4.53,33.1,41.49,4,40.27,"0",500,329.68,"0"
"req_003240","2026-10-05 13:13:17",13,"/api/v1/users","GET",75,4.17,25.38,39.71,3,28.63,"0",150,130.6,"0"
"req_003241","2026-10-05 13:13:47",13,"/api/v1/users","GET",30,5.96,37.69,47.53,1,12.31,"0",150,74.46,"0"
"req_003242","2026-10-05 13:15:11",13,"/api/v1/checkout","POST",124,3.58,42.79,46.43,6,50.65,"0",500,397.92,"0"
"req_003243","2026-10-05 13:17:37",13,"/api/v1/users","POST",21,1.77,21.19,42.14,1,30.42,"0",150,84.5,"0"
"req_003244","2026-10-05 13:18:09",13,"/api/v1/users","GET",43,14.28,30.77,35.6,0,19.02,"1",150,24.43,"0"
"req_003245","2026-10-05 13:23:18",13,"/api/v1/products","GET",144,6.88,50.01,53.23,0,40.49,"1",200,58.27,"0"
"req_003246","2026-10-05 13:24:48",13,"/api/v1/users","GET",39,7.5,47.77,41.03,0,20.78,"1",150,38.51,"0"
"req_003247","2026-10-05 13:26:33",13,"/api/v1/products","GET",70,2.42,38.34,47.11,0,44.26,"1",200,65.98,"0"
"req_003248","2026-10-05 13:27:35",13,"/api/v1/products","GET",20,4.37,27.11,44.82,0,53.18,"1",200,70.65,"0"
"req_003249","2026-10-05 13:30:59",13,"/api/v1/search","GET",78,3.69,32.93,40,5,16.22,"0",300,189.71,"0"
"req_003250","2026-10-05 13:40:37",13,"/api/v1/search","GET",60,2.2,27.64,49.05,0,31.03,"1",300,58.82,"0"
"req_003251","2026-10-05 13:40:50",13,"/api/v1/users","GET",65,2.31,42.34,62.03,0,36.34,"1",150,47.26,"0"
"req_003252","2026-10-05 13:41:36",13,"/api/v1/search","POST",46,0.95,31.3,28.19,5,35.41,"0",300,199.98,"0"
"req_003253","2026-10-05 13:49:18",13,"/api/v1/users","GET",19,4.33,41.55,52.57,1,30.07,"0",150,89.38,"0"
"req_003254","2026-10-05 13:52:11",13,"/api/v1/checkout","POST",12,2.71,23.1,42.11,3,31.28,"0",500,264.15,"0"
"req_003255","2026-10-05 13:53:26",13,"/api/v1/search","GET",85,1.12,35.4,57.91,8,62.52,"0",300,387.37,"1"
"req_003256","2026-10-05 13:53:55",13,"/api/v1/users","GET",126,6.01,49.87,50.67,0,27.37,"1",150,43.93,"0"
"req_003257","2026-10-05 13:55:35",13,"/api/v1/users","GET",82,0.95,40.96,53.16,1,28.68,"0",150,108.14,"0"
"req_003258","2026-10-05 13:57:32",13,"/api/v1/users","GET",45,3.06,31.61,43.33,1,23.27,"0",150,73.33,"0"
"req_003259","2026-10-05 13:59:14",13,"/api/v1/search","GET",19,1.2,29.1,46.41,0,41.46,"1",300,69.42,"0"
"req_003260","2026-10-05 13:59:59",13,"/api/v1/products","GET",35,5.86,16.23,49.36,0,28.05,"1",200,47.2,"0"
"req_003261","2026-10-05 14:01:05",14,"/api/v1/users","GET",55,9.58,38.34,52.54,1,29.03,"0",150,103.86,"0"
"req_003262","2026-10-05 14:05:50",14,"/api/v1/checkout","POST",249,6.23,73.06,56.68,5,29.56,"0",500,748.83,"1"
"req_003263","2026-10-05 14:06:41",14,"/api/v1/users","GET",35,26.65,21.7,49.07,2,28.34,"0",150,114.43,"0"
"req_003264","2026-10-05 14:13:20",14,"/api/v1/checkout","POST",81,0.82,30.41,48.74,5,9.66,"0",500,286.69,"0"
"req_003265","2026-10-05 14:15:37",14,"/api/v1/users","GET",52,3.77,44.65,53.27,0,32.71,"1",150,32.84,"0"
"req_003266","2026-10-05 14:19:15",14,"/api/v1/search","GET",19,12.43,33.21,36.75,7,33.9,"0",300,259.98,"0"
"req_003267","2026-10-05 14:20:08",14,"/api/v1/search","POST",66,7.21,44.67,41.11,4,58.49,"0",300,253.2,"0"
"req_003268","2026-10-05 14:21:27",14,"/api/v1/users","POST",25,2.88,29.82,44.81,1,30.23,"0",150,78.71,"0"
"req_003269","2026-10-05 14:32:47",14,"/api/v1/checkout","POST",84,4.8,44.15,47.1,1,48.66,"0",500,291.79,"0"
"req_003270","2026-10-05 14:41:33",14,"/api/v1/checkout","POST",81,13.15,47.83,46.87,10,48.21,"0",500,469.98,"0"
"req_003271","2026-10-05 14:42:07",14,"/api/v1/reports","GET",50,2.83,42.36,43.13,10,16.63,"0",800,545.88,"0"
"req_003272","2026-10-05 14:45:50",14,"/api/v1/checkout","PUT",45,2.15,25.91,41.74,7,22.73,"0",500,325.43,"0"
"req_003273","2026-10-05 14:46:16",14,"/api/v1/products","GET",55,5.46,33.72,48.26,2,48.9,"0",200,136.83,"0"
"req_003274","2026-10-05 14:49:54",14,"/api/v1/search","GET",101,18.85,42.15,53.37,5,26.45,"0",300,304.96,"1"
"req_003275","2026-10-05 14:50:49",14,"/api/v1/products","GET",221,0.45,60.87,62.57,0,2,"1",200,33.29,"0"
"req_003276","2026-10-05 14:55:04",14,"/api/v1/users","GET",23,9.51,31.78,43.16,0,43.17,"1",150,49.24,"0"
"req_003277","2026-10-05 14:55:39",14,"/api/v1/search","GET",25,8.29,24.66,48.44,2,39.76,"0",300,181.36,"0"
"req_003278","2026-10-05 14:57:23",14,"/api/v1/products","GET",188,1.46,63.51,56.78,0,24.52,"1",200,44.83,"0"
"req_003279","2026-10-05 14:58:13",14,"/api/v1/reports","GET",47,26.13,25.74,48.33,10,29.03,"0",800,613.07,"0"
"req_003280","2026-10-05 15:03:18",15,"/api/v1/reports","GET",32,4.07,41.86,50.05,14,10.17,"0",800,534.93,"0"
"req_003281","2026-10-05 15:11:08",15,"/api/v1/checkout","POST",73,2.8,27.21,38,4,32.84,"0",500,320.58,"0"
"req_003282","2026-10-05 15:12:44",15,"/api/v1/search","GET",222,6.95,57.12,56.9,0,64.79,"1",300,110.66,"0"
"req_003283","2026-10-05 15:12:44",15,"/api/v1/users","GET",34,28.66,36.4,47.29,1,31.38,"0",150,106.5,"0"
"req_003284","2026-10-05 15:13:10",15,"/api/v1/search","GET",64,9.97,32.95,45.91,3,47.79,"0",300,207.67,"0"
"req_003285","2026-10-05 15:16:47",15,"/api/v1/products","GET",74,1.69,28.7,53.02,3,31.68,"0",200,144.05,"0"
"req_003286","2026-10-05 15:17:03",15,"/api/v1/checkout","POST",40,0.95,19.28,44.69,8,48.51,"0",500,353.11,"0"
"req_003287","2026-10-05 15:21:13",15,"/api/v1/reports","GET",123,4.78,50.21,59.01,15,31.51,"0",800,675.3,"0"
"req_003288","2026-10-05 15:22:54",15,"/api/v1/users","GET",50,6.48,34.73,46.19,0,45.35,"1",150,62.99,"0"
"req_003289","2026-10-05 15:25:10",15,"/api/v1/reports","GET",20,1.75,28.8,35.97,12,42.04,"0",800,565.52,"0"
"req_003290","2026-10-05 15:26:35",15,"/api/v1/products","GET",79,2.72,36.21,48.93,3,30.13,"0",200,152.38,"0"
"req_003291","2026-10-05 15:26:50",15,"/api/v1/search","GET",87,2.34,42.77,54.68,0,19.66,"1",300,44.83,"0"
"req_003292","2026-10-05 15:28:06",15,"/api/v1/users","GET",63,2.41,37.72,46.59,0,45.15,"1",150,58.28,"0"
"req_003293","2026-10-05 15:31:20",15,"/api/v1/reports","GET",70,2.92,33.72,44.46,13,27.53,"0",800,582.59,"0"
"req_003294","2026-10-05 15:33:12",15,"/api/v1/products","GET",100,25.37,48.95,64.18,0,44.57,"1",200,72.76,"0"
"req_003295","2026-10-05 15:33:48",15,"/api/v1/users","GET",54,2.18,38.75,36.82,0,68.73,"1",150,87.21,"0"
"req_003296","2026-10-05 15:37:40",15,"/api/v1/search","GET",40,15.18,23.64,46.01,0,49.29,"1",300,88.29,"0"
"req_003297","2026-10-05 15:44:30",15,"/api/v1/products","GET",10,5.34,24.94,43.6,3,46.32,"0",200,141.56,"0"
"req_003298","2026-10-05 15:46:07",15,"/api/v1/users","GET",70,2.78,25.11,48.93,0,19.56,"1",150,32.23,"0"
"req_003299","2026-10-05 15:46:35",15,"/api/v1/users","GET",28,5.73,18.67,47.02,1,42.02,"0",150,97.09,"0"
"req_003300","2026-10-05 15:47:47",15,"/api/v1/users","GET",52,17.56,38.82,46.48,0,40.15,"1",150,54.19,"0"
"req_003301","2026-10-05 15:48:44",15,"/api/v1/users","GET",29,12.43,37.89,39.96,0,30.68,"1",150,42.62,"0"
"req_003302","2026-10-05 15:49:09",15,"/api/v1/users","GET",16,3.71,45.18,48.66,2,31.67,"0",150,112.13,"0"
"req_003303","2026-10-05 15:49:40",15,"/api/v1/products","GET",8,3.29,28.04,48.2,0,39.88,"1",200,45.82,"0"
"req_003304","2026-10-05 15:51:04",15,"/api/v1/checkout","POST",47,4.46,26.55,41.68,2,24.64,"0",500,270.26,"0"
"req_003305","2026-10-05 15:55:23",15,"/api/v1/users","GET",112,2.66,42.88,52.82,0,90.87,"1",150,110.26,"0"
"req_003306","2026-10-05 15:55:37",15,"/api/v1/products","GET",44,3.13,14.74,61.37,0,13.21,"1",200,23.41,"0"
"req_003307","2026-10-05 15:57:44",15,"/api/v1/users","GET",93,6.7,34.85,38.48,0,29.86,"1",150,35.91,"0"
"req_003308","2026-10-05 15:59:14",15,"/api/v1/users","GET",178,5.34,39.71,66.77,0,28.78,"1",150,47.72,"0"
"req_003309","2026-10-05 16:00:31",16,"/api/v1/search","GET",25,9.07,27.78,34.3,8,22.2,"0",300,265.14,"0"
"req_003310","2026-10-05 16:00:48",16,"/api/v1/products","GET",40,8.68,46.86,42.87,0,20.77,"1",200,35.92,"0"
"req_003311","2026-10-05 16:01:27",16,"/api/v1/products","GET",29,3.59,36.17,42.21,0,55.38,"1",200,65.79,"0"
"req_003312","2026-10-05 16:03:43",16,"/api/v1/users","GET",45,1.34,27.72,51.81,0,23.45,"1",150,37.36,"0"
"req_003313","2026-10-05 16:04:13",16,"/api/v1/search","GET",24,7.29,22.71,48.46,4,55.48,"0",300,241.18,"0"
"req_003314","2026-10-05 16:10:06",16,"/api/v1/users","GET",21,2.57,28.8,36.97,0,52.42,"1",150,65.35,"0"
"req_003315","2026-10-05 16:13:56",16,"/api/v1/search","GET",35,3.03,26.53,37.45,1,30.26,"0",300,150.66,"0"
"req_003316","2026-10-05 16:14:54",16,"/api/v1/search","GET",103,3,48.29,44.68,0,47.37,"1",300,79.43,"0"
"req_003317","2026-10-05 16:15:22",16,"/api/v1/users","GET",26,7.42,25.01,45.72,0,31.03,"1",150,36.63,"0"
"req_003318","2026-10-05 16:16:01",16,"/api/v1/users","GET",30,10.5,15.21,48.01,0,40.16,"1",150,53.72,"0"
"req_003319","2026-10-05 16:16:02",16,"/api/v1/users","GET",33,41.9,27.52,46.8,1,31.34,"0",150,112.65,"0"
"req_003320","2026-10-05 16:16:12",16,"/api/v1/search","POST",17,1.61,26.69,43.39,6,55.47,"0",300,232.91,"0"
"req_003321","2026-10-05 16:16:57",16,"/api/v1/reports","GET",26,4.58,33.82,42.21,14,32.51,"0",800,713.45,"0"
"req_003322","2026-10-05 16:17:28",16,"/api/v1/users","GET",23,3.03,20.79,50.61,0,18.24,"1",150,38.01,"0"
"req_003323","2026-10-05 16:18:18",16,"/api/v1/reports","GET",17,9.23,26.41,42.53,13,41.64,"0",800,611.47,"0"
"req_003324","2026-10-05 16:19:55",16,"/api/v1/users","GET",50,5,32.13,43.44,0,32.41,"1",150,45.16,"0"
"req_003325","2026-10-05 16:21:06",16,"/api/v1/reports","GET",36,2.3,40.37,46.82,10,59.4,"0",800,619.19,"0"
"req_003326","2026-10-05 16:26:23",16,"/api/v1/reports","GET",32,3.47,36.06,37.43,14,51.59,"0",800,645.83,"0"
"req_003327","2026-10-05 16:27:23",16,"/api/v1/users","GET",135,6.94,62.68,45.94,0,27.39,"1",150,52.34,"0"
"req_003328","2026-10-05 16:28:25",16,"/api/v1/checkout","POST",31,4.29,36.67,42.84,12,21.63,"0",500,359.48,"0"
"req_003329","2026-10-05 16:38:46",16,"/api/v1/products","POST",30,3.15,21.91,26.63,1,22.42,"0",200,98.02,"0"
"req_003330","2026-10-05 16:38:56",16,"/api/v1/reports","GET",12,25.15,5.18,51.68,11,48.15,"0",800,519.51,"0"
"req_003331","2026-10-05 16:42:30",16,"/api/v1/search","GET",88,16.62,37.98,50.57,0,39.37,"1",300,76.29,"0"
"req_003332","2026-10-05 16:43:01",16,"/api/v1/checkout","POST",55,9.79,31.86,43.09,4,43.05,"0",500,330.32,"0"
"req_003333","2026-10-05 16:46:54",16,"/api/v1/users","POST",48,6.69,28.64,35.35,3,47.36,"0",150,145.97,"0"
"req_003334","2026-10-05 16:52:44",16,"/api/v1/users","GET",70,5.08,46.09,47.31,1,51.31,"0",150,118.18,"0"
"req_003335","2026-10-05 16:53:45",16,"/api/v1/reports","GET",66,3.54,38.98,40.71,13,40.64,"0",800,672.77,"0"
"req_003336","2026-10-05 16:54:00",16,"/api/v1/users","GET",25,9.57,27.83,40.82,1,34,"0",150,101.54,"0"
"req_003337","2026-10-05 16:54:19",16,"/api/v1/products","GET",139,3.76,45.66,45.88,0,34.79,"1",200,54.63,"0"
"req_003338","2026-10-05 16:55:40",16,"/api/v1/products","GET",31,1.08,45.91,46.28,0,40.87,"1",200,52.57,"0"
"req_003339","2026-10-05 16:55:45",16,"/api/v1/users","POST",26,5.64,13.68,45.04,1,31.39,"0",150,92.56,"0"
"req_003340","2026-10-05 16:55:53",16,"/api/v1/search","GET",26,3.38,14.6,47.89,4,47.86,"0",300,214.1,"0"
"req_003341","2026-10-05 16:57:42",16,"/api/v1/reports","GET",12,2.04,29.96,31.48,10,27.52,"0",800,501.53,"0"
"req_003342","2026-10-05 17:00:03",17,"/api/v1/users","GET",71,1.52,37.75,50.94,0,20.94,"1",150,32.79,"0"
"req_003343","2026-10-05 17:00:16",17,"/api/v1/products","GET",30,11.97,37.76,45.57,0,24.31,"1",200,48.34,"0"
"req_003344","2026-10-05 17:02:33",17,"/api/v1/checkout","POST",67,5.87,30.12,53.42,6,42.03,"0",500,313.98,"0"
"req_003345","2026-10-05 17:03:00",17,"/api/v1/users","GET",13,0.7,34.86,47.34,1,29.83,"0",150,89.81,"0"
"req_003346","2026-10-05 17:03:35",17,"/api/v1/search","GET",31,4.67,35.97,45.33,3,45.53,"0",300,208.62,"0"
"req_003347","2026-10-05 17:03:44",17,"/api/v1/search","POST",53,8.82,24.49,57.97,4,34.7,"0",300,202.72,"0"
"req_003348","2026-10-05 17:06:08",17,"/api/v1/checkout","POST",23,1.19,23.58,41.59,6,62.91,"0",500,326.57,"0"
"req_003349","2026-10-05 17:07:32",17,"/api/v1/users","GET",94,2.16,54.13,44.38,0,42.34,"1",150,61.33,"0"
"req_003350","2026-10-05 17:12:20",17,"/api/v1/reports","GET",8,1.95,15.21,44.3,23,21.7,"0",800,697.1,"0"
"req_003351","2026-10-05 17:26:13",17,"/api/v1/products","POST",36,2.5,30.36,42.37,2,35.7,"0",200,137.78,"0"
"req_003352","2026-10-05 17:27:16",17,"/api/v1/products","GET",53,2.88,42.23,53.34,0,36.96,"1",200,49.52,"0"
"req_003353","2026-10-05 17:40:59",17,"/api/v1/users","GET",19,11.43,28.7,48.12,0,43.82,"1",150,49.67,"0"
"req_003354","2026-10-05 17:41:01",17,"/api/v1/users","GET",26,17.2,25.74,41.84,0,32.68,"1",150,39.35,"0"
"req_003355","2026-10-05 17:48:17",17,"/api/v1/reports","GET",20,7.66,37.33,42.68,9,21.82,"0",800,546.16,"0"
"req_003356","2026-10-05 17:49:19",17,"/api/v1/users","GET",51,42.52,26.2,50.28,0,41.23,"1",150,61.13,"0"
"req_003357","2026-10-05 17:56:31",17,"/api/v1/products","GET",75,3.87,35.56,42.91,0,41.97,"1",200,52.12,"0"
"req_003358","2026-10-05 17:56:36",17,"/api/v1/products","GET",23,8.3,34.67,33.54,2,33.75,"0",200,124.16,"0"
"req_003359","2026-10-05 17:57:11",17,"/api/v1/reports","GET",116,5.72,38.03,47.65,14,35.47,"0",800,606.93,"0"
"req_003360","2026-10-05 17:57:23",17,"/api/v1/reports","GET",20,8.48,31.74,53.28,13,41.61,"0",800,585.02,"0"
"req_003361","2026-10-05 18:00:21",18,"/api/v1/checkout","POST",74,7.84,47.57,51.69,7,24.81,"0",500,346.79,"0"
"req_003362","2026-10-05 18:01:59",18,"/api/v1/products","GET",38,6.32,27.01,45.47,0,55.69,"1",200,61.54,"0"
"req_003363","2026-10-05 18:06:07",18,"/api/v1/products","GET",61,13.77,58.45,44.22,0,35.47,"1",200,58.42,"0"
"req_003364","2026-10-05 18:06:19",18,"/api/v1/users","GET",24,5.47,25.42,42.4,0,41.3,"1",150,47.85,"0"
"req_003365","2026-10-05 18:14:26",18,"/api/v1/products","GET",76,5.2,43.39,40.08,0,27.85,"1",200,47.68,"0"
"req_003366","2026-10-05 18:16:37",18,"/api/v1/search","POST",69,2.3,47.28,52.56,5,55.32,"0",300,285.02,"0"
"req_003367","2026-10-05 18:17:12",18,"/api/v1/users","GET",67,1.66,32.58,49.42,2,26.6,"0",150,123.37,"0"
"req_003368","2026-10-05 18:17:49",18,"/api/v1/search","GET",59,0.89,29.82,46.97,8,18.13,"0",300,178.25,"0"
"req_003369","2026-10-05 18:22:32",18,"/api/v1/search","GET",19,3.01,16.55,39.45,5,60.88,"0",300,254.27,"0"
"req_003370","2026-10-05 18:23:25",18,"/api/v1/users","GET",53,3.48,37.86,42.52,0,14.54,"1",150,20.87,"0"
"req_003371","2026-10-05 18:23:32",18,"/api/v1/checkout","PUT",51,19.91,42.95,39.98,5,28.99,"0",500,340.76,"0"
"req_003372","2026-10-05 18:26:34",18,"/api/v1/users","GET",43,4.23,16.13,47.3,0,16.01,"1",150,25.01,"0"
"req_003373","2026-10-05 18:27:12",18,"/api/v1/users","GET",73,14.72,39.86,48.9,1,10.65,"0",150,84.04,"0"
"req_003374","2026-10-05 18:30:32",18,"/api/v1/users","GET",82,11.2,47.49,54.37,0,20.91,"1",150,34.33,"0"
"req_003375","2026-10-05 18:32:08",18,"/api/v1/search","POST",191,5.69,62.93,62.08,8,30.71,"0",300,368.99,"1"
"req_003376","2026-10-05 18:32:28",18,"/api/v1/products","GET",82,5.55,49.94,45,2,18.89,"0",200,117.58,"0"
"req_003377","2026-10-05 18:32:37",18,"/api/v1/reports","GET",32,9.87,30.96,34.05,18,13.39,"0",800,724.92,"0"
"req_003378","2026-10-05 18:34:35",18,"/api/v1/users","GET",42,2.24,20.77,41.73,3,18.77,"0",150,108.4,"0"
"req_003379","2026-10-05 18:36:07",18,"/api/v1/checkout","POST",47,4.08,35.08,35.69,7,36.81,"0",500,355.08,"0"
"req_003380","2026-10-05 18:37:19",18,"/api/v1/checkout","POST",86,9.14,42.97,41.92,5,38.1,"0",500,341.68,"0"
"req_003381","2026-10-05 18:38:32",18,"/api/v1/checkout","PUT",100,2.56,46.58,50.04,5,32.23,"0",500,315.86,"0"
"req_003382","2026-10-05 18:38:43",18,"/api/v1/reports","GET",56,5.99,30,38.57,18,18.04,"0",800,807.23,"1"
"req_003383","2026-10-05 18:39:02",18,"/api/v1/search","POST",49,11.98,47.16,49.22,3,15.98,"0",300,197.88,"0"
"req_003384","2026-10-05 18:41:45",18,"/api/v1/products","GET",36,7.92,37.22,48.32,1,28.89,"0",200,110.96,"0"
"req_003385","2026-10-05 18:44:42",18,"/api/v1/search","GET",13,6.03,25.66,51.53,7,27.57,"0",300,224.08,"0"
"req_003386","2026-10-05 18:47:49",18,"/api/v1/users","GET",41,7.09,38.47,43.33,0,14.77,"1",150,30.51,"0"
"req_003387","2026-10-05 18:50:37",18,"/api/v1/checkout","PUT",45,11.69,43.54,43.28,3,18.7,"0",500,282.81,"0"
"req_003388","2026-10-05 18:54:14",18,"/api/v1/checkout","POST",47,3.76,16.09,40.34,5,20.89,"0",500,274.18,"0"
"req_003389","2026-10-05 18:57:51",18,"/api/v1/checkout","POST",41,6.94,38.74,43.88,6,36.94,"0",500,312.99,"0"
"req_003390","2026-10-05 18:58:05",18,"/api/v1/search","GET",38,0.31,46.64,40.78,6,40.98,"0",300,195.67,"0"
"req_003391","2026-10-05 18:58:34",18,"/api/v1/users","GET",24,11.26,26.15,48.31,0,29.13,"1",150,36.12,"0"
"req_003392","2026-10-05 18:59:03",18,"/api/v1/reports","GET",26,7.22,24.11,49.15,17,24.29,"0",800,677.54,"0"
"req_003393","2026-10-05 18:59:21",18,"/api/v1/search","GET",12,18.33,31.29,46.56,6,34.9,"0",300,250.58,"0"
"req_003394","2026-10-05 19:00:48",19,"/api/v1/products","GET",166,6.78,50.8,50.36,1,46.12,"0",200,158.2,"0"
"req_003395","2026-10-05 19:01:05",19,"/api/v1/reports","GET",62,3.6,35.67,43.51,14,50.55,"0",800,696.47,"0"
"req_003396","2026-10-05 19:04:50",19,"/api/v1/users","GET",26,0.64,36.88,35.98,0,20.86,"1",150,39.07,"0"
"req_003397","2026-10-05 19:04:51",19,"/api/v1/reports","POST",31,0.61,36.43,46.35,5,36.92,"0",800,523.09,"0"
"req_003398","2026-10-05 19:07:03",19,"/api/v1/search","GET",66,10.49,27.07,49.44,3,23.27,"0",300,191.88,"0"
"req_003399","2026-10-05 19:07:46",19,"/api/v1/products","POST",64,6.9,32.45,61.2,3,38.79,"0",200,155.29,"0"
"req_003400","2026-10-05 19:10:46",19,"/api/v1/users","GET",18,12.3,26.91,47.93,3,30.88,"0",150,147.74,"0"
"req_003401","2026-10-05 19:11:05",19,"/api/v1/reports","GET",63,27.36,35.56,55.88,15,41.96,"0",800,669.64,"0"
"req_003402","2026-10-05 19:11:16",19,"/api/v1/reports","POST",37,7.87,36.24,56.08,14,44.16,"0",800,744.29,"0"
"req_003403","2026-10-05 19:15:43",19,"/api/v1/users","GET",26,2.12,25.68,36.09,0,17.42,"1",150,27.58,"0"
"req_003404","2026-10-05 19:19:59",19,"/api/v1/users","GET",38,1.66,22.19,43.95,4,30.13,"0",150,156.23,"1"
"req_003405","2026-10-05 19:21:00",19,"/api/v1/products","GET",54,4.79,29.53,53.56,0,30,"1",200,41.04,"0"
"req_003406","2026-10-05 19:26:34",19,"/api/v1/search","GET",118,1.82,35.8,48.71,2,30.09,"0",300,186.33,"0"
"req_003407","2026-10-05 19:27:29",19,"/api/v1/reports","GET",14,3.8,12.75,52.44,10,24.64,"0",800,582.82,"0"
"req_003408","2026-10-05 19:28:10",19,"/api/v1/checkout","PUT",23,8.02,31.05,41.93,6,29.35,"0",500,316.53,"0"
"req_003409","2026-10-05 19:32:44",19,"/api/v1/users","GET",12,8.79,20.19,45.92,1,19.06,"0",150,82.22,"0"
"req_003410","2026-10-05 19:40:04",19,"/api/v1/products","GET",30,11.41,15.47,49.06,0,49.72,"1",200,61.52,"0"
"req_003411","2026-10-05 19:40:18",19,"/api/v1/checkout","POST",84,7.63,41.1,50.01,5,11.95,"0",500,335.1,"0"
"req_003412","2026-10-05 19:40:43",19,"/api/v1/checkout","POST",94,4.27,37.84,60.34,4,40.08,"0",500,335.5,"0"
"req_003413","2026-10-05 19:40:48",19,"/api/v1/reports","GET",116,16.02,48.21,55.68,6,24.03,"0",800,569.41,"0"
"req_003414","2026-10-05 19:45:09",19,"/api/v1/products","POST",70,5.66,52.33,50.99,2,44.02,"0",200,151.03,"0"
"req_003415","2026-10-05 19:49:37",19,"/api/v1/checkout","POST",76,2.88,33.3,53.32,6,37.46,"0",500,354.21,"0"
"req_003416","2026-10-05 19:50:47",19,"/api/v1/products","GET",18,9.67,36.02,47.75,3,25.13,"0",200,118.77,"0"
"req_003417","2026-10-05 19:51:00",19,"/api/v1/users","GET",30,4.79,22.91,44.07,1,31.92,"0",150,93.05,"0"
"req_003418","2026-10-05 19:52:03",19,"/api/v1/reports","GET",117,0.75,40.39,48.54,7,37.62,"0",800,530.77,"0"
"req_003419","2026-10-05 19:54:45",19,"/api/v1/users","GET",27,10.41,24.32,36.25,2,38,"0",150,132.45,"0"
"req_003420","2026-10-05 20:03:48",20,"/api/v1/checkout","POST",63,5.33,25.3,53.6,5,28.77,"0",500,289.14,"0"
"req_003421","2026-10-05 20:04:43",20,"/api/v1/products","GET",30,25.91,18.91,42.89,0,30.24,"1",200,51.23,"0"
"req_003422","2026-10-05 20:05:53",20,"/api/v1/products","GET",34,1.51,55.91,33.01,2,49.77,"0",200,134.85,"0"
"req_003423","2026-10-05 20:08:39",20,"/api/v1/products","GET",22,8.89,10.57,38.75,0,41.91,"1",200,48.29,"0"
"req_003424","2026-10-05 20:08:52",20,"/api/v1/products","POST",37,5.37,28.45,34.53,1,22.84,"0",200,95.4,"0"
"req_003425","2026-10-05 20:12:38",20,"/api/v1/search","GET",50,1.07,20.62,43.15,0,41.03,"1",300,65.67,"0"
"req_003426","2026-10-05 20:18:48",20,"/api/v1/products","GET",53,6.31,24.61,33.39,0,38.04,"1",200,46.89,"0"
"req_003427","2026-10-05 20:20:01",20,"/api/v1/users","POST",54,3.75,32.58,42.76,2,34.99,"0",150,107.89,"0"
"req_003428","2026-10-05 20:25:26",20,"/api/v1/reports","GET",44,2.42,19.48,52.1,5,53.33,"0",800,508.26,"0"
"req_003429","2026-10-05 20:29:01",20,"/api/v1/search","GET",41,6.52,24.37,51.76,6,29.04,"0",300,215.23,"0"
"req_003430","2026-10-05 20:29:51",20,"/api/v1/reports","GET",108,0.96,35.53,50.12,10,74.32,"0",800,624.83,"0"
"req_003431","2026-10-05 20:33:13",20,"/api/v1/checkout","PUT",46,2.43,29.12,52.92,10,29.67,"0",500,368.27,"0"
"req_003432","2026-10-05 20:35:41",20,"/api/v1/products","GET",51,2.96,19.29,37.9,0,31.42,"1",200,52.88,"0"
"req_003433","2026-10-05 20:44:33",20,"/api/v1/search","GET",131,3.62,21.99,61.28,3,31.98,"0",300,196.25,"0"
"req_003434","2026-10-05 20:46:41",20,"/api/v1/products","GET",27,11.56,23.02,49.99,5,44.83,"0",200,163.02,"0"
"req_003435","2026-10-05 20:48:05",20,"/api/v1/users","GET",23,4.32,34.53,42.32,0,28.77,"1",150,46.34,"0"
"req_003436","2026-10-05 20:48:12",20,"/api/v1/reports","GET",105,3.1,37.88,49.15,12,45.5,"0",800,627.96,"0"
"req_003437","2026-10-05 20:50:35",20,"/api/v1/products","GET",298,3.87,64.38,69.27,0,43.07,"1",200,82.54,"0"
"req_003438","2026-10-05 20:52:10",20,"/api/v1/checkout","POST",49,3.74,43.1,42.64,11,38.9,"0",500,407.05,"0"
"req_003439","2026-10-05 20:52:13",20,"/api/v1/users","GET",108,3.07,39.76,60.17,0,39.67,"1",150,59.82,"0"
"req_003440","2026-10-05 20:53:18",20,"/api/v1/products","GET",25,1.7,22.15,41.81,0,28.9,"1",200,51.49,"0"
"req_003441","2026-10-05 20:54:57",20,"/api/v1/products","GET",31,2.2,36.1,53.62,2,32.79,"0",200,113.71,"0"
"req_003442","2026-10-05 20:56:44",20,"/api/v1/users","POST",101,1.81,34.37,47.47,1,5.31,"0",150,75.36,"0"
"req_003443","2026-10-05 20:57:19",20,"/api/v1/search","GET",19,2.13,26.83,37.75,0,26.2,"1",300,51.45,"0"
"req_003444","2026-10-05 20:58:28",20,"/api/v1/reports","GET",21,7.82,30.65,45.8,12,23.11,"0",800,551.24,"0"
"req_003445","2026-10-05 21:01:21",21,"/api/v1/checkout","POST",183,4.68,53.34,60.34,3,33.36,"0",500,351.49,"0"
"req_003446","2026-10-05 21:02:28",21,"/api/v1/checkout","POST",13,2.61,26.51,44.77,3,31.04,"0",500,265.51,"0"
"req_003447","2026-10-05 21:04:07",21,"/api/v1/search","GET",86,4.09,27.4,49.28,0,39.29,"1",300,68.71,"0"
"req_003448","2026-10-05 21:05:10",21,"/api/v1/products","POST",114,8.92,44.58,43.7,3,30.1,"0",200,158.31,"0"
"req_003449","2026-10-05 21:05:30",21,"/api/v1/products","GET",124,24.31,51.72,52.19,0,27.89,"1",200,57.22,"0"
"req_003450","2026-10-05 21:05:49",21,"/api/v1/search","GET",49,5.1,43.17,49.92,3,28.97,"0",300,190.53,"0"
"req_003451","2026-10-05 21:07:59",21,"/api/v1/products","GET",55,3.11,35.22,50.01,0,42.02,"1",200,62.76,"0"
"req_003452","2026-10-05 21:10:10",21,"/api/v1/checkout","POST",61,7.56,32.05,45.33,3,43.25,"0",500,284.61,"0"
"req_003453","2026-10-05 21:10:39",21,"/api/v1/users","GET",61,7.73,24.27,41.83,0,64.89,"1",150,80.76,"0"
"req_003454","2026-10-05 21:13:08",21,"/api/v1/checkout","POST",45,5.39,27.81,53.35,4,40.43,"0",500,318.06,"0"
"req_003455","2026-10-05 21:14:41",21,"/api/v1/search","GET",30,4.41,26.98,38.86,4,35.52,"0",300,207.27,"0"
"req_003456","2026-10-05 21:20:30",21,"/api/v1/checkout","POST",55,1.04,37.42,35.02,7,42.95,"0",500,370.81,"0"
"req_003457","2026-10-05 21:23:31",21,"/api/v1/reports","GET",89,3,44.68,50.77,8,28.49,"0",800,571.69,"0"
"req_003458","2026-10-05 21:25:48",21,"/api/v1/products","GET",56,11.32,23.04,50.32,2,45.56,"0",200,143.54,"0"
"req_003459","2026-10-05 21:26:26",21,"/api/v1/products","GET",47,3.22,20.67,44.94,4,26.55,"0",200,141.73,"0"
"req_003460","2026-10-05 21:28:50",21,"/api/v1/search","GET",45,5.15,25.41,46.36,0,44.58,"1",300,66.02,"0"
"req_003461","2026-10-05 21:35:07",21,"/api/v1/products","GET",16,10.49,45.67,38.91,0,20.38,"1",200,35.2,"0"
"req_003462","2026-10-05 21:35:20",21,"/api/v1/reports","GET",88,8.36,48.54,40.26,4,18.03,"0",800,510.88,"0"
"req_003463","2026-10-05 21:38:02",21,"/api/v1/users","GET",57,10.38,39.48,46.14,0,31.64,"1",150,36.88,"0"
"req_003464","2026-10-05 21:38:23",21,"/api/v1/products","GET",64,5.8,32.03,59.18,1,39.92,"0",200,121.21,"0"
"req_003465","2026-10-05 21:39:19",21,"/api/v1/products","GET",56,3.54,39.97,40.41,0,31.76,"1",200,50.67,"0"
"req_003466","2026-10-05 21:39:25",21,"/api/v1/products","GET",49,3.89,33.39,44.45,3,27.7,"0",200,122.6,"0"
"req_003467","2026-10-05 21:40:55",21,"/api/v1/products","GET",73,1.65,37.41,35.07,0,31.1,"1",200,48.54,"0"
"req_003468","2026-10-05 21:41:35",21,"/api/v1/reports","GET",88,1.84,38.78,54.11,15,27.08,"0",800,585.24,"0"
"req_003469","2026-10-05 21:44:14",21,"/api/v1/products","GET",7,6.46,26.17,41.3,0,25.87,"1",200,51.9,"0"
"req_003470","2026-10-05 21:44:17",21,"/api/v1/reports","GET",71,12.78,34.74,40.12,18,56.49,"0",800,698.87,"0"
"req_003471","2026-10-05 21:48:18",21,"/api/v1/users","POST",106,5.39,36.5,45.85,2,23.42,"0",150,133.4,"0"
"req_003472","2026-10-05 21:48:40",21,"/api/v1/reports","GET",32,2.74,36.69,36.33,17,38.5,"0",800,738.62,"0"
"req_003473","2026-10-05 21:51:36",21,"/api/v1/products","GET",85,9.35,36.82,43.03,4,37.14,"0",200,164.2,"0"
"req_003474","2026-10-05 21:52:12",21,"/api/v1/checkout","POST",144,11.08,64.96,50.35,3,31.77,"0",500,342.44,"0"
"req_003475","2026-10-05 21:52:21",21,"/api/v1/checkout","POST",131,6.91,48.22,68.05,6,39.04,"0",500,378.72,"0"
"req_003476","2026-10-05 21:55:00",21,"/api/v1/search","POST",15,2.44,18.21,37.21,5,40,"0",300,208.18,"0"
"req_003477","2026-10-05 22:03:07",22,"/api/v1/checkout","POST",5,8.18,35.4,35.45,5,27.65,"0",500,317.1,"0"
"req_003478","2026-10-05 22:05:38",22,"/api/v1/users","GET",49,31.84,39.97,36.35,0,34.41,"1",150,41.46,"0"
"req_003479","2026-10-05 22:13:27",22,"/api/v1/users","GET",66,2.92,36.67,48.75,0,40.86,"1",150,52.71,"0"
"req_003480","2026-10-05 22:14:23",22,"/api/v1/checkout","POST",63,7.03,28.2,48.86,8,25.1,"0",500,383.87,"0"
"req_003481","2026-10-05 22:15:24",22,"/api/v1/products","GET",85,3.66,32.83,59.65,0,16.51,"1",200,35.25,"0"
"req_003482","2026-10-05 22:15:45",22,"/api/v1/products","GET",16,3.37,23.88,39.93,0,34.92,"1",200,45.66,"0"
"req_003483","2026-10-05 22:15:55",22,"/api/v1/search","POST",31,1.47,30.54,53.84,8,29.33,"0",300,257.3,"0"
"req_003484","2026-10-05 22:18:01",22,"/api/v1/reports","GET",80,0.77,43.98,49.13,10,16.73,"0",800,553.18,"0"
"req_003485","2026-10-05 22:19:13",22,"/api/v1/products","GET",24,11.46,27.94,38.14,2,26.1,"0",200,131.92,"0"
"req_003486","2026-10-05 22:19:37",22,"/api/v1/users","GET",100,2.2,31.47,42.61,0,55.37,"1",150,63.24,"0"
"req_003487","2026-10-05 22:20:55",22,"/api/v1/products","GET",60,2.34,39.53,40.71,0,41.63,"1",200,59.65,"0"
"req_003488","2026-10-05 22:21:05",22,"/api/v1/reports","GET",224,2,55.07,65.79,13,66.6,"0",800,695.43,"0"
"req_003489","2026-10-05 22:21:09",22,"/api/v1/search","GET",54,5.4,24.55,43.54,10,32.15,"0",300,277.36,"0"
"req_003490","2026-10-05 22:22:31",22,"/api/v1/users","GET",46,0.94,26.38,45.04,0,37.49,"1",150,52.22,"0"
"req_003491","2026-10-05 22:22:40",22,"/api/v1/products","GET",69,1.94,39.84,48.37,2,43.34,"0",200,126.93,"0"
"req_003492","2026-10-05 22:27:35",22,"/api/v1/reports","GET",15,1.17,37.13,49.79,13,31.66,"0",800,679.25,"0"
"req_003493","2026-10-05 22:29:14",22,"/api/v1/users","GET",95,29.29,40.7,38.59,0,12.65,"1",150,19.58,"0"
"req_003494","2026-10-05 22:29:51",22,"/api/v1/users","GET",76,0.91,27.34,42,0,57.23,"1",150,76.14,"0"
"req_003495","2026-10-05 22:36:51",22,"/api/v1/products","GET",194,1.89,54.3,61.95,0,39.72,"1",200,51.68,"0"
"req_003496","2026-10-05 22:39:20",22,"/api/v1/users","GET",168,4.81,55.7,63.42,2,35.83,"0",150,144.83,"0"
"req_003497","2026-10-05 22:42:21",22,"/api/v1/search","GET",50,2.19,33.33,56.98,0,31.15,"1",300,62.52,"0"
"req_003498","2026-10-05 22:42:34",22,"/api/v1/checkout","POST",62,1.2,29.77,39.93,3,25.16,"0",500,274.28,"0"
"req_003499","2026-10-05 22:46:58",22,"/api/v1/products","GET",28,11.41,45.62,41.83,0,30.95,"1",200,43.53,"0"
"req_003500","2026-10-05 22:53:54",22,"/api/v1/products","GET",134,3.9,28.96,60.05,0,57,"1",200,69.77,"0"
"req_003501","2026-10-05 22:58:28",22,"/api/v1/products","GET",47,4.83,32.22,45.04,0,42.78,"1",200,62.72,"0"
"req_003502","2026-10-05 23:00:14",23,"/api/v1/search","GET",20,1.02,27.11,44.02,0,47.61,"1",300,77.34,"0"
"req_003503","2026-10-05 23:00:47",23,"/api/v1/products","GET",105,13.94,47.51,53.81,3,31.18,"0",200,145.65,"0"
"req_003504","2026-10-05 23:01:50",23,"/api/v1/reports","GET",98,6.04,38.76,54.28,10,15.07,"0",800,621.18,"0"
"req_003505","2026-10-05 23:04:49",23,"/api/v1/users","GET",88,4.69,46.08,35.05,1,43.43,"0",150,126.06,"0"
"req_003506","2026-10-05 23:05:49",23,"/api/v1/products","GET",92,1.81,25.94,46.29,1,23.5,"0",200,109.07,"0"
"req_003507","2026-10-05 23:06:14",23,"/api/v1/checkout","POST",78,4.54,44.92,45.62,5,54.83,"0",500,377.11,"0"
"req_003508","2026-10-05 23:06:22",23,"/api/v1/products","GET",97,7.08,33,54.97,3,28.08,"0",200,148.87,"0"
"req_003509","2026-10-05 23:10:29",23,"/api/v1/products","GET",53,11.23,27.82,51.95,0,38.83,"1",200,54.52,"0"
"req_003510","2026-10-05 23:11:40",23,"/api/v1/search","GET",161,5.86,49.07,47.89,0,53.55,"1",300,91.42,"0"
"req_003511","2026-10-05 23:13:08",23,"/api/v1/search","GET",61,2.64,40.36,38.93,4,45.7,"0",300,243.86,"0"
"req_003512","2026-10-05 23:18:11",23,"/api/v1/reports","GET",111,11.76,46.7,40.83,17,38,"0",800,636.32,"0"
"req_003513","2026-10-05 23:20:28",23,"/api/v1/products","GET",28,1.56,34.26,52.5,1,34.86,"0",200,99.66,"0"
"req_003514","2026-10-05 23:21:17",23,"/api/v1/checkout","POST",14,15.06,39.11,32.68,6,57.54,"0",500,358.35,"0"
"req_003515","2026-10-05 23:23:02",23,"/api/v1/products","GET",64,4.62,29,51.8,1,26.27,"0",200,100.92,"0"
"req_003516","2026-10-05 23:24:41",23,"/api/v1/products","GET",26,3.11,21.34,47.53,1,33.56,"0",200,106.21,"0"
"req_003517","2026-10-05 23:26:42",23,"/api/v1/checkout","PUT",7,2.4,21.64,43.33,6,50.8,"0",500,295.76,"0"
"req_003518","2026-10-05 23:27:26",23,"/api/v1/search","GET",60,2.85,33.16,49.27,0,58.4,"1",300,80.42,"0"
"req_003519","2026-10-05 23:28:07",23,"/api/v1/products","POST",79,3.38,33.64,38.95,1,25,"0",200,109.44,"0"
"req_003520","2026-10-05 23:30:09",23,"/api/v1/search","GET",99,15.29,35.15,47.85,5,19.99,"0",300,206.83,"0"
"req_003521","2026-10-05 23:32:12",23,"/api/v1/reports","POST",22,8.58,40.26,39.74,14,36.15,"0",800,720.21,"0"
"req_003522","2026-10-05 23:34:10",23,"/api/v1/users","GET",36,4.27,15.97,49.31,0,26.97,"1",150,35.09,"0"
"req_003523","2026-10-05 23:42:49",23,"/api/v1/products","POST",168,24.73,67.06,63.32,1,52.68,"0",200,177.83,"0"
"req_003524","2026-10-05 23:43:01",23,"/api/v1/users","GET",69,4.16,35.09,46.15,0,51.64,"1",150,55.32,"0"
"req_003525","2026-10-05 23:44:37",23,"/api/v1/search","GET",35,1.91,43.51,41.05,0,43.01,"1",300,79.96,"0"
"req_003526","2026-10-05 23:44:43",23,"/api/v1/products","GET",136,24.74,53.51,48.92,0,29.3,"1",200,50.99,"0"
"req_003527","2026-10-05 23:46:03",23,"/api/v1/checkout","POST",55,0.72,50.44,46.19,4,19.31,"0",500,299.84,"0"
"req_003528","2026-10-05 23:46:26",23,"/api/v1/search","POST",25,14.1,39.4,36.66,3,33.74,"0",300,196.32,"0"
"req_003529","2026-10-05 23:47:32",23,"/api/v1/reports","GET",23,7.44,29.7,44.02,19,17.11,"0",800,929.75,"1"
"req_003530","2026-10-05 23:48:38",23,"/api/v1/products","GET",51,1.23,18.93,47.4,1,2,"0",200,69.03,"0"
"req_003531","2026-10-05 23:48:52",23,"/api/v1/products","POST",86,17.18,42.3,53.92,1,37.37,"0",200,129.75,"0"
"req_003532","2026-10-05 23:51:20",23,"/api/v1/checkout","POST",72,1.09,41.4,53.89,8,39.52,"0",500,357.19,"0"
"req_003533","2026-10-05 23:52:26",23,"/api/v1/users","GET",73,4.24,37.6,54.35,0,50.06,"1",150,64.3,"0"
"req_003534","2026-10-05 23:52:37",23,"/api/v1/products","GET",22,1.97,20.04,32.06,0,91.95,"1",200,113.28,"0"
"req_003535","2026-10-05 23:53:00",23,"/api/v1/checkout","POST",67,4.24,30.08,44.17,4,14.5,"0",500,279.14,"0"
"req_003536","2026-10-05 23:58:22",23,"/api/v1/checkout","POST",82,10.33,32.12,52.19,7,32.74,"0",500,349.75,"0"
"req_003537","2026-10-06 00:01:44",0,"/api/v1/users","GET",13,7.13,21.96,45.66,0,50.68,"1",150,56.13,"0"
"req_003538","2026-10-06 00:04:12",0,"/api/v1/reports","GET",191,2.89,57.44,68.22,20,80.68,"0",800,972.66,"1"
"req_003539","2026-10-06 00:05:38",0,"/api/v1/search","GET",73,7.63,38.38,64.15,3,17.81,"0",300,187.37,"0"
"req_003540","2026-10-06 00:06:55",0,"/api/v1/checkout","POST",61,1.87,34.97,52.85,8,43.02,"0",500,398.78,"0"
"req_003541","2026-10-06 00:07:34",0,"/api/v1/users","GET",36,4.15,18.17,44.02,0,17.38,"1",150,31.87,"0"
"req_003542","2026-10-06 00:07:37",0,"/api/v1/reports","GET",31,4.97,18.36,40.21,24,26.64,"0",800,739,"0"
"req_003543","2026-10-06 00:08:05",0,"/api/v1/products","GET",21,0.83,25,48.71,6,27.21,"0",200,182.57,"0"
"req_003544","2026-10-06 00:08:44",0,"/api/v1/products","GET",34,1.21,27.83,35.36,0,20.06,"1",200,35.33,"0"
"req_003545","2026-10-06 00:08:49",0,"/api/v1/products","GET",54,2,36.64,50.31,1,24.41,"0",200,108.96,"0"
"req_003546","2026-10-06 00:09:32",0,"/api/v1/products","GET",27,9.15,20.08,36.89,0,61.83,"1",200,67.29,"0"
"req_003547","2026-10-06 00:09:35",0,"/api/v1/search","GET",31,8.61,37.56,32.42,0,39.04,"1",300,68.73,"0"
"req_003548","2026-10-06 00:09:38",0,"/api/v1/products","GET",16,2.63,40.04,47.67,3,31.49,"0",200,135.97,"0"
"req_003549","2026-10-06 00:10:15",0,"/api/v1/users","GET",24,0.6,36.48,32.59,0,32.55,"1",150,43.05,"0"
"req_003550","2026-10-06 00:18:33",0,"/api/v1/users","POST",88,2.15,45.51,55.2,1,28.78,"0",150,102.86,"0"
"req_003551","2026-10-06 00:19:12",0,"/api/v1/reports","GET",11,2.74,14.89,46.84,14,69.82,"0",800,588.99,"0"
"req_003552","2026-10-06 00:20:56",0,"/api/v1/products","GET",45,29.33,29.45,44.03,2,43.86,"0",200,151.69,"0"
"req_003553","2026-10-06 00:24:42",0,"/api/v1/products","GET",30,3.73,23.75,37.21,0,48.2,"1",200,66.89,"0"
"req_003554","2026-10-06 00:27:57",0,"/api/v1/search","GET",46,3.5,37.26,41.47,0,28.42,"1",300,56.95,"0"
"req_003555","2026-10-06 00:28:32",0,"/api/v1/users","GET",95,16.98,33.51,49.45,0,33.97,"1",150,48.66,"0"
"req_003556","2026-10-06 00:30:01",0,"/api/v1/users","GET",35,2.98,30.75,44.84,0,41.58,"1",150,49.17,"0"
"req_003557","2026-10-06 00:32:43",0,"/api/v1/checkout","PUT",37,6.97,28.09,38.2,10,42.26,"0",500,384.71,"0"
"req_003558","2026-10-06 00:34:41",0,"/api/v1/products","GET",33,4.25,29.47,47.68,0,27.66,"1",200,38.34,"0"
"req_003559","2026-10-06 00:35:13",0,"/api/v1/users","GET",29,2.48,28.85,51.51,1,48.07,"0",150,109.54,"0"
"req_003560","2026-10-06 00:36:14",0,"/api/v1/search","GET",70,5.07,39.69,53.68,0,39.21,"1",300,65.44,"0"
"req_003561","2026-10-06 00:37:10",0,"/api/v1/search","GET",43,5.82,28.04,51.92,5,44.34,"0",300,226.27,"0"
"req_003562","2026-10-06 00:37:18",0,"/api/v1/reports","GET",34,11.77,24.73,45.86,7,41.01,"0",800,527.62,"0"
"req_003563","2026-10-06 00:44:02",0,"/api/v1/reports","POST",39,4.27,49.98,54.51,13,32.45,"0",800,773.25,"0"
"req_003564","2026-10-06 00:45:03",0,"/api/v1/products","POST",45,2.63,10.94,45.62,2,42.7,"0",200,131.91,"0"
"req_003565","2026-10-06 00:47:55",0,"/api/v1/reports","GET",123,2.23,42.97,59.32,14,51.9,"0",800,714.11,"0"
"req_003566","2026-10-06 00:49:21",0,"/api/v1/products","GET",16,6.37,29.38,48.46,2,15.2,"0",200,117.16,"0"
"req_003567","2026-10-06 00:50:07",0,"/api/v1/users","GET",49,3.55,25.56,45.78,1,11.65,"0",150,70.21,"0"
"req_003568","2026-10-06 00:50:35",0,"/api/v1/checkout","POST",25,6.79,33.78,45.26,3,23.87,"0",500,282.38,"0"
"req_003569","2026-10-06 00:53:55",0,"/api/v1/products","GET",48,3.14,40.65,42.15,0,16.31,"1",200,38.97,"0"
"req_003570","2026-10-06 00:54:19",0,"/api/v1/search","POST",52,3.16,23.52,57.42,4,30.27,"0",300,191.4,"0"
"req_003571","2026-10-06 00:56:32",0,"/api/v1/products","GET",90,1.52,42.44,55.34,0,41.18,"1",200,64.53,"0"
"req_003572","2026-10-06 00:56:59",0,"/api/v1/reports","GET",36,6.62,32.42,53.54,10,27.14,"0",800,556.18,"0"
"req_003573","2026-10-06 01:01:50",1,"/api/v1/products","GET",25,9.11,32.78,51.58,0,33.21,"1",200,59.32,"0"
"req_003574","2026-10-06 01:10:57",1,"/api/v1/products","GET",101,1.98,44.22,51.85,0,14.28,"1",200,33.55,"0"
"req_003575","2026-10-06 01:12:23",1,"/api/v1/users","GET",15,31.49,27.36,42.92,1,60.43,"0",150,138.92,"0"
"req_003576","2026-10-06 01:16:36",1,"/api/v1/products","GET",241,4.94,44.56,60.54,0,57.08,"1",200,89.86,"0"
"req_003577","2026-10-06 01:18:55",1,"/api/v1/products","GET",15,0.95,25.94,49.87,0,59.77,"1",200,61.91,"0"
"req_003578","2026-10-06 01:20:46",1,"/api/v1/checkout","POST",91,7.27,38.06,55.74,4,71.56,"0",500,351.53,"0"
"req_003579","2026-10-06 01:21:05",1,"/api/v1/search","GET",151,6.14,52.88,54.27,3,37.18,"0",300,234.58,"0"
"req_003580","2026-10-06 01:24:40",1,"/api/v1/reports","GET",11,3.55,27.52,42.88,20,2,"0",800,722.34,"0"
"req_003581","2026-10-06 01:29:57",1,"/api/v1/reports","POST",13,6.95,11.72,38.43,10,31.14,"0",800,547.43,"0"
"req_003582","2026-10-06 01:31:25",1,"/api/v1/products","GET",123,7.22,49.96,57.22,0,40.13,"1",200,67.74,"0"
"req_003583","2026-10-06 01:35:20",1,"/api/v1/users","GET",27,8.27,12.24,47.29,0,16.06,"1",150,25.75,"0"
"req_003584","2026-10-06 01:36:16",1,"/api/v1/search","GET",56,1.79,33.07,41.26,1,23.86,"0",300,146.13,"0"
"req_003585","2026-10-06 01:36:55",1,"/api/v1/products","GET",500,9.86,99.5,85.25,0,35.99,"1",200,456.28,"1"
"req_003586","2026-10-06 01:38:30",1,"/api/v1/search","GET",40,2.73,41.12,51.66,0,47.01,"1",300,70.84,"0"
"req_003587","2026-10-06 01:39:15",1,"/api/v1/products","GET",50,2.37,22.18,44.11,2,19.47,"0",200,118.43,"0"
"req_003588","2026-10-06 01:39:39",1,"/api/v1/search","GET",15,16.03,36.78,38.53,0,36.54,"1",300,67.37,"0"
"req_003589","2026-10-06 01:43:06",1,"/api/v1/checkout","POST",65,0.91,42.56,55.65,4,40.08,"0",500,300.15,"0"
"req_003590","2026-10-06 01:45:06",1,"/api/v1/search","GET",13,9.56,28.88,39.79,7,36.73,"0",300,287.76,"0"
"req_003591","2026-10-06 01:47:54",1,"/api/v1/users","GET",80,0.9,34.25,33.65,0,32.18,"1",150,43.61,"0"
"req_003592","2026-10-06 01:49:48",1,"/api/v1/products","GET",13,8.03,20.42,48.79,0,34.39,"1",200,53.08,"0"
"req_003593","2026-10-06 01:51:07",1,"/api/v1/products","GET",18,7.73,33.32,44.48,0,17.98,"1",200,28.11,"0"
"req_003594","2026-10-06 01:52:31",1,"/api/v1/users","GET",23,3.12,26.37,46.21,0,52.04,"1",150,61.86,"0"
"req_003595","2026-10-06 01:53:19",1,"/api/v1/users","GET",78,1.37,21.19,64.31,5,92.13,"0",150,210.74,"1"
"req_003596","2026-10-06 01:54:21",1,"/api/v1/products","GET",130,3.5,51.19,48.28,3,28.4,"0",200,153.51,"0"
"req_003597","2026-10-06 01:55:38",1,"/api/v1/users","GET",101,5.95,35.02,47.97,0,28.31,"1",150,37.95,"0"
"req_003598","2026-10-06 01:58:37",1,"/api/v1/reports","GET",14,36.1,27.54,45.97,14,33.94,"0",800,604.54,"0"
"req_003599","2026-10-06 02:00:03",2,"/api/v1/products","GET",35,2.17,38.88,46.93,0,47.14,"1",200,72.97,"0"
"req_003600","2026-10-06 02:01:21",2,"/api/v1/reports","GET",28,7.41,40,45.58,17,28.42,"0",800,730.37,"0"
"req_003601","2026-10-06 02:01:55",2,"/api/v1/products","GET",16,1.61,38.79,33.77,7,19.22,"0",200,193.29,"0"
"req_003602","2026-10-06 02:02:37",2,"/api/v1/search","GET",44,0.72,24.47,37.27,0,37.23,"1",300,63.69,"0"
"req_003603","2026-10-06 02:05:30",2,"/api/v1/users","GET",81,1.84,41.06,44.04,3,37.51,"0",150,149.14,"0"
"req_003604","2026-10-06 02:09:12",2,"/api/v1/checkout","POST",59,14.63,34.6,48.13,5,23.81,"0",500,328.17,"0"
"req_003605","2026-10-06 02:11:26",2,"/api/v1/products","GET",144,3.73,35.92,52.95,0,52.44,"1",200,74.99,"0"
"req_003606","2026-10-06 02:13:31",2,"/api/v1/users","GET",44,8.8,30.81,39.12,0,39.74,"1",150,52.87,"0"
"req_003607","2026-10-06 02:15:31",2,"/api/v1/products","GET",33,1.16,43.33,34.99,0,31.03,"1",200,42.7,"0"
"req_003608","2026-10-06 02:19:32",2,"/api/v1/search","GET",51,5.42,28.39,52.07,5,38.22,"0",300,229.82,"0"
"req_003609","2026-10-06 02:23:24",2,"/api/v1/products","POST",32,2.9,33.22,41.09,3,22.65,"0",200,130.71,"0"
"req_003610","2026-10-06 02:24:13",2,"/api/v1/users","POST",52,4.44,32.83,48.31,1,27.67,"0",150,95.38,"0"
"req_003611","2026-10-06 02:25:10",2,"/api/v1/users","GET",37,10.84,32.34,42.75,1,24.22,"0",150,101.64,"0"
"req_003612","2026-10-06 02:28:12",2,"/api/v1/search","GET",49,0.89,22.6,50.25,1,46.67,"0",300,171.75,"0"
"req_003613","2026-10-06 02:28:22",2,"/api/v1/checkout","POST",24,6.9,15.47,42.45,3,50.11,"0",500,292.84,"0"
"req_003614","2026-10-06 02:29:11",2,"/api/v1/search","GET",53,9.82,31.37,44.82,0,21.78,"1",300,59.38,"0"
"req_003615","2026-10-06 02:31:13",2,"/api/v1/checkout","POST",121,5.74,42.33,47.54,7,34.19,"0",500,374.67,"0"
"req_003616","2026-10-06 02:33:32",2,"/api/v1/products","GET",10,8.75,29.81,38.17,4,21.34,"0",200,142.22,"0"
"req_003617","2026-10-06 02:33:47",2,"/api/v1/reports","GET",24,29.15,26.42,34.62,13,29.26,"0",800,659.64,"0"
"req_003618","2026-10-06 02:34:00",2,"/api/v1/checkout","PUT",45,6.51,28.09,38.16,2,28.1,"0",500,267.41,"0"
"req_003619","2026-10-06 02:34:56",2,"/api/v1/search","GET",21,2.9,32.31,42.89,0,57.67,"1",300,79.78,"0"
"req_003620","2026-10-06 02:37:50",2,"/api/v1/checkout","POST",90,7.03,44.76,57.59,4,34.75,"0",500,316.55,"0"
"req_003621","2026-10-06 02:38:07",2,"/api/v1/products","GET",39,3.5,29.02,45.65,2,25.42,"0",200,105.9,"0"
"req_003622","2026-10-06 02:40:58",2,"/api/v1/products","GET",63,4.65,27.51,49.47,6,66.22,"0",200,196.89,"0"
"req_003623","2026-10-06 02:45:19",2,"/api/v1/search","GET",47,0.42,35.89,47.64,0,28.1,"1",300,50.77,"0"
"req_003624","2026-10-06 02:48:05",2,"/api/v1/users","GET",11,2.38,27.87,42.09,0,63.21,"1",150,76.56,"0"
"req_003625","2026-10-06 02:50:59",2,"/api/v1/checkout","POST",14,6.18,25.32,45.94,7,54.62,"0",500,340.25,"0"
"req_003626","2026-10-06 02:53:23",2,"/api/v1/search","GET",55,20.19,27.99,49.4,4,84.92,"0",300,268.82,"0"
"req_003627","2026-10-06 02:53:38",2,"/api/v1/reports","GET",40,2.53,30.19,41.17,14,28.6,"0",800,684.01,"0"
"req_003628","2026-10-06 02:53:48",2,"/api/v1/products","GET",89,8.8,42.49,47.76,0,26.14,"1",200,44.44,"0"
"req_003629","2026-10-06 02:57:47",2,"/api/v1/checkout","POST",90,5.4,43.99,48.23,7,32.89,"0",500,372.24,"0"
"req_003630","2026-10-06 02:58:57",2,"/api/v1/search","GET",12,3.36,16.78,34.71,0,23.33,"1",300,57.23,"0"
"req_003631","2026-10-06 03:01:14",3,"/api/v1/reports","GET",40,4.03,35.82,38.1,13,21.58,"0",800,603.65,"0"
"req_003632","2026-10-06 03:02:28",3,"/api/v1/products","GET",68,7.61,40.42,52.35,0,38.96,"1",200,59.49,"0"
"req_003633","2026-10-06 03:03:12",3,"/api/v1/search","GET",77,18.25,23.47,55.62,2,39.24,"0",300,181.73,"0"
"req_003634","2026-10-06 03:06:43",3,"/api/v1/products","GET",79,4.4,20.27,57.81,0,35.12,"1",200,49.45,"0"
"req_003635","2026-10-06 03:07:47",3,"/api/v1/products","GET",67,13.48,28.96,51.09,0,17.05,"1",200,38.92,"0"
"req_003636","2026-10-06 03:09:04",3,"/api/v1/products","GET",195,5.57,49.88,48.89,6,27.61,"0",200,231.21,"1"
"req_003637","2026-10-06 03:10:25",3,"/api/v1/products","GET",15,7.16,23.56,51.49,5,51.47,"0",200,199.7,"0"
"req_003638","2026-10-06 03:10:39",3,"/api/v1/products","GET",16,1.59,23.74,41.18,0,45.23,"1",200,59.88,"0"
"req_003639","2026-10-06 03:11:07",3,"/api/v1/reports","GET",21,3.03,31.15,47.11,15,37.18,"0",800,678.93,"0"
"req_003640","2026-10-06 03:12:11",3,"/api/v1/products","GET",94,4.6,42.38,62.84,0,31.99,"1",200,46.79,"0"
"req_003641","2026-10-06 03:12:16",3,"/api/v1/checkout","POST",179,20.47,55.25,48.58,6,43.15,"0",500,408.48,"0"
"req_003642","2026-10-06 03:12:31",3,"/api/v1/users","GET",46,2.12,31.74,36.34,0,41.78,"1",150,58.58,"0"
"req_003643","2026-10-06 03:13:12",3,"/api/v1/products","POST",22,4.87,20.44,38.31,2,28.08,"0",200,117.45,"0"
"req_003644","2026-10-06 03:20:18",3,"/api/v1/checkout","POST",19,6.7,45.46,55.21,7,33.5,"0",500,380.18,"0"
"req_003645","2026-10-06 03:21:58",3,"/api/v1/products","POST",86,6.75,21.13,48.9,1,16.6,"0",200,77.2,"0"
"req_003646","2026-10-06 03:22:36",3,"/api/v1/products","GET",57,3.97,38.55,45.68,0,30.32,"1",200,49.18,"0"
"req_003647","2026-10-06 03:25:14",3,"/api/v1/products","GET",57,5.09,38.26,51.98,0,50.37,"1",200,64.2,"0"
"req_003648","2026-10-06 03:39:44",3,"/api/v1/reports","GET",9,0.79,10.28,42.62,16,122.56,"0",800,662.21,"0"
"req_003649","2026-10-06 03:41:05",3,"/api/v1/search","GET",9,3.32,12.85,43.4,4,27.66,"0",300,186.2,"0"
"req_003650","2026-10-06 03:41:46",3,"/api/v1/search","GET",55,1.63,33.63,51.29,6,18.23,"0",300,209.12,"0"
"req_003651","2026-10-06 03:42:49",3,"/api/v1/users","GET",206,3.35,46.7,69.9,0,52.07,"1",150,73.33,"0"
"req_003652","2026-10-06 03:44:36",3,"/api/v1/products","GET",44,5.32,27.49,47.49,0,21.1,"1",200,28.17,"0"
"req_003653","2026-10-06 03:46:27",3,"/api/v1/products","GET",71,9.71,15.17,47.66,0,61.77,"1",200,83.38,"0"
"req_003654","2026-10-06 03:47:02",3,"/api/v1/reports","POST",53,9.44,41.76,41.35,18,30.31,"0",800,640.36,"0"
"req_003655","2026-10-06 03:49:59",3,"/api/v1/checkout","PUT",15,4.32,22.98,40.37,5,31.75,"0",500,284.42,"0"
"req_003656","2026-10-06 03:51:32",3,"/api/v1/products","GET",113,2.48,31.32,50.06,1,38.68,"0",200,116.8,"0"
"req_003657","2026-10-06 03:53:35",3,"/api/v1/users","GET",117,4.32,30.04,51.31,0,40.69,"1",150,49.34,"0"
"req_003658","2026-10-06 03:54:43",3,"/api/v1/checkout","POST",162,1.07,58.43,57.34,8,54.37,"0",500,398.45,"0"
"req_003659","2026-10-06 03:56:49",3,"/api/v1/checkout","POST",15,3.66,5.71,27.53,4,29.39,"0",500,264.12,"0"
"req_003660","2026-10-06 04:00:47",4,"/api/v1/products","GET",24,2.67,37.16,42.15,1,43.69,"0",200,123.26,"0"
"req_003661","2026-10-06 04:03:48",4,"/api/v1/users","POST",257,3.4,71.52,70.24,1,24.72,"0",150,234.19,"1"
"req_003662","2026-10-06 04:03:52",4,"/api/v1/search","GET",11,4.1,22.01,47.54,5,46.39,"0",300,194.65,"0"
"req_003663","2026-10-06 04:03:54",4,"/api/v1/search","POST",32,1.9,38.17,46.53,10,15.61,"0",300,289.77,"0"
"req_003664","2026-10-06 04:04:22",4,"/api/v1/users","GET",76,2.12,35.14,48.55,0,34.52,"1",150,44.77,"0"
"req_003665","2026-10-06 04:05:32",4,"/api/v1/checkout","POST",56,1.27,30.96,46.53,7,27.42,"0",500,362.21,"0"
"req_003666","2026-10-06 04:05:47",4,"/api/v1/products","GET",56,10.1,40.03,40.68,3,49.57,"0",200,169.27,"0"
"req_003667","2026-10-06 04:06:32",4,"/api/v1/checkout","POST",24,14.9,19.99,42.54,6,35.59,"0",500,347.25,"0"
"req_003668","2026-10-06 04:11:13",4,"/api/v1/products","POST",84,1.79,26.81,47.43,2,35.44,"0",200,133.7,"0"
"req_003669","2026-10-06 04:12:11",4,"/api/v1/checkout","PUT",15,3.17,29.18,40.35,3,39.9,"0",500,266.06,"0"
"req_003670","2026-10-06 04:14:28",4,"/api/v1/search","GET",30,12.73,32.35,50.67,5,26.69,"0",300,191,"0"
"req_003671","2026-10-06 04:16:57",4,"/api/v1/products","GET",38,8.76,45.49,47.13,0,42.47,"1",200,56.01,"0"
"req_003672","2026-10-06 04:19:11",4,"/api/v1/users","GET",23,9.59,22.93,43.41,0,17.43,"1",150,26.28,"0"
"req_003673","2026-10-06 04:25:14",4,"/api/v1/search","GET",87,3.07,48.18,48.16,11,47.83,"0",300,366.83,"1"
"req_003674","2026-10-06 04:26:51",4,"/api/v1/search","GET",44,27.64,26.5,43.92,0,39.24,"1",300,72.36,"0"
"req_003675","2026-10-06 04:26:53",4,"/api/v1/users","GET",78,1.37,41.09,47.86,0,29.25,"1",150,39.8,"0"
"req_003676","2026-10-06 04:28:21",4,"/api/v1/search","GET",50,5.68,28.45,32.76,1,18.96,"0",300,122.87,"0"
"req_003677","2026-10-06 04:28:22",4,"/api/v1/products","GET",33,3.99,27.72,49.87,2,47.12,"0",200,134.66,"0"
"req_003678","2026-10-06 04:32:41",4,"/api/v1/reports","GET",82,15.91,30.8,53.04,12,26.38,"0",800,636.33,"0"
"req_003679","2026-10-06 04:33:49",4,"/api/v1/products","GET",204,1.14,69.27,59.27,0,24.36,"1",200,50.54,"0"
"req_003680","2026-10-06 04:35:36",4,"/api/v1/reports","GET",79,4.03,50.76,44.13,16,33.58,"0",800,771.78,"0"
"req_003681","2026-10-06 04:35:37",4,"/api/v1/reports","GET",87,1.24,45.16,58.31,10,23.01,"0",800,609.28,"0"
"req_003682","2026-10-06 04:35:37",4,"/api/v1/products","GET",44,2.09,23.65,53.23,0,44.35,"1",200,57.81,"0"
"req_003683","2026-10-06 04:36:28",4,"/api/v1/search","GET",113,1.13,31.95,39.1,6,32.94,"0",300,266.55,"0"
"req_003684","2026-10-06 04:39:11",4,"/api/v1/reports","GET",50,38.13,42.83,44.95,8,22.18,"0",800,522.39,"0"
"req_003685","2026-10-06 04:40:06",4,"/api/v1/users","POST",59,4.83,35.28,48.08,1,31.16,"0",150,101.73,"0"
"req_003686","2026-10-06 04:41:55",4,"/api/v1/users","GET",54,1.24,32.97,48.1,0,43.81,"1",150,62.61,"0"
"req_003687","2026-10-06 04:42:54",4,"/api/v1/checkout","POST",31,7.66,31.41,37.28,11,36.22,"0",500,467.59,"0"
"req_003688","2026-10-06 04:42:56",4,"/api/v1/search","GET",73,9.11,29.57,41.03,1,22.9,"0",300,159.05,"0"
"req_003689","2026-10-06 04:53:14",4,"/api/v1/products","GET",15,3.31,25.74,48.32,1,73.96,"0",200,128.16,"0"
"req_003690","2026-10-06 04:53:19",4,"/api/v1/search","GET",37,12.46,34.43,46.8,5,17.78,"0",300,202.44,"0"
"req_003691","2026-10-06 04:53:51",4,"/api/v1/search","GET",18,2.64,28.32,48.31,0,61.76,"1",300,96.11,"0"
"req_003692","2026-10-06 04:57:06",4,"/api/v1/users","GET",16,11.64,27.54,42.87,0,19.61,"1",150,30.37,"0"
"req_003693","2026-10-06 04:57:13",4,"/api/v1/reports","GET",57,0.93,27.52,47.44,13,29.22,"0",800,587.35,"0"
"req_003694","2026-10-06 04:57:17",4,"/api/v1/users","GET",15,3.24,28.39,57.76,0,13.03,"1",150,23.61,"0"
"req_003695","2026-10-06 04:57:29",4,"/api/v1/users","GET",42,20.96,28.92,40.13,7,65.23,"0",150,181.55,"1"
"req_003696","2026-10-06 04:58:57",4,"/api/v1/users","GET",36,1.28,32.56,41.04,1,17.56,"0",150,75.01,"0"
"req_003697","2026-10-06 05:03:28",5,"/api/v1/products","POST",14,1.84,15.84,37.75,3,49.31,"0",200,146.04,"0"
"req_003698","2026-10-06 05:05:00",5,"/api/v1/reports","GET",12,2.7,35.61,36.52,7,25.21,"0",800,528.69,"0"
"req_003699","2026-10-06 05:05:50",5,"/api/v1/products","GET",64,1.14,44.15,51.49,0,28.75,"1",200,39.36,"0"
"req_003700","2026-10-06 05:08:21",5,"/api/v1/reports","GET",61,19.8,46.8,46.69,13,12.24,"0",800,669.03,"0"
"req_003701","2026-10-06 05:10:27",5,"/api/v1/products","GET",34,4.85,24.82,35.37,0,29.18,"1",200,41.39,"0"
"req_003702","2026-10-06 05:16:33",5,"/api/v1/checkout","POST",28,10.7,34.01,47.43,4,31.47,"0",500,294.15,"0"
"req_003703","2026-10-06 05:19:19",5,"/api/v1/search","GET",15,3.29,22.62,37.17,1,26.61,"0",300,139.6,"0"
"req_003704","2026-10-06 05:22:30",5,"/api/v1/checkout","POST",22,13.95,22.58,41.21,6,33.4,"0",500,302.98,"0"
"req_003705","2026-10-06 05:23:02",5,"/api/v1/search","GET",14,7.97,19.23,42.81,0,42.08,"1",300,70.19,"0"
"req_003706","2026-10-06 05:24:35",5,"/api/v1/users","GET",127,3.8,59.96,48,0,26.99,"1",150,51.44,"0"
"req_003707","2026-10-06 05:29:49",5,"/api/v1/checkout","PUT",11,5.65,29.05,53.9,5,34.22,"0",500,300.5,"0"
"req_003708","2026-10-06 05:33:41",5,"/api/v1/products","GET",15,5.46,31.62,27.38,1,41.3,"0",200,111.19,"0"
"req_003709","2026-10-06 05:35:28",5,"/api/v1/reports","GET",67,18.3,27.86,49.61,17,22.51,"0",800,695.36,"0"
"req_003710","2026-10-06 05:35:34",5,"/api/v1/users","GET",13,5.69,43.13,37.48,2,34.28,"0",150,116.74,"0"
"req_003711","2026-10-06 05:38:37",5,"/api/v1/reports","GET",101,3.15,38.14,53.77,8,29.14,"0",800,548.29,"0"
"req_003712","2026-10-06 05:38:49",5,"/api/v1/users","GET",52,0.35,34.37,53.44,0,8.83,"1",150,17.3,"0"
"req_003713","2026-10-06 05:39:57",5,"/api/v1/products","GET",133,1.09,47.07,60.55,2,27.2,"0",200,131.49,"0"
"req_003714","2026-10-06 05:40:22",5,"/api/v1/search","POST",42,4.44,32.87,55.19,7,24.65,"0",300,264.49,"0"
"req_003715","2026-10-06 05:41:47",5,"/api/v1/reports","GET",56,3.25,30.33,50.17,12,34.9,"0",800,597.92,"0"
"req_003716","2026-10-06 05:42:19",5,"/api/v1/users","GET",67,5.22,30.22,54.04,0,16.8,"1",150,28.75,"0"
"req_003717","2026-10-06 05:49:04",5,"/api/v1/search","POST",54,4.22,29.75,38.32,4,39.44,"0",300,188.78,"0"
"req_003718","2026-10-06 05:49:56",5,"/api/v1/reports","GET",53,16.18,48.47,29.73,12,35.26,"0",800,656.31,"0"
"req_003719","2026-10-06 05:51:26",5,"/api/v1/users","POST",58,1.26,49,53,2,44.25,"0",150,117.62,"0"
"req_003720","2026-10-06 05:54:51",5,"/api/v1/reports","GET",30,2.34,35.89,40.3,12,20.19,"0",800,613.48,"0"
"req_003721","2026-10-06 05:56:14",5,"/api/v1/reports","GET",36,1.98,24.69,46.08,12,48.87,"0",800,610.49,"0"
"req_003722","2026-10-06 05:58:12",5,"/api/v1/checkout","PUT",158,4.58,39.51,49.99,2,19.56,"0",500,281.03,"0"
"req_003723","2026-10-06 06:02:14",6,"/api/v1/search","GET",59,3.24,34.15,51.66,0,15.12,"1",300,49.22,"0"
"req_003724","2026-10-06 06:02:29",6,"/api/v1/products","POST",74,4.27,38.54,51.44,3,44.79,"0",200,163.77,"0"
"req_003725","2026-10-06 06:05:15",6,"/api/v1/reports","GET",33,11.96,34.71,37.87,9,37.01,"0",800,617.75,"0"
"req_003726","2026-10-06 06:07:03",6,"/api/v1/search","GET",94,14.44,41.17,48.39,0,19.32,"1",300,46.66,"0"
"req_003727","2026-10-06 06:08:23",6,"/api/v1/users","GET",74,7.33,53.56,50.09,0,49.91,"1",150,61.49,"0"
"req_003728","2026-10-06 06:09:23",6,"/api/v1/reports","GET",38,6.88,30.61,49.71,9,26.1,"0",800,507.06,"0"
"req_003729","2026-10-06 06:13:09",6,"/api/v1/products","GET",55,10.91,31.05,43.4,0,39.13,"1",200,55.23,"0"
"req_003730","2026-10-06 06:15:24",6,"/api/v1/search","GET",27,0.57,20.76,48.69,3,34.13,"0",300,167.56,"0"
"req_003731","2026-10-06 06:18:26",6,"/api/v1/products","POST",89,5.27,34.61,52.03,5,42.27,"0",200,189.32,"0"
"req_003732","2026-10-06 06:21:26",6,"/api/v1/products","GET",31,2.7,34.65,28.45,0,33.34,"1",200,49.59,"0"
"req_003733","2026-10-06 06:23:38",6,"/api/v1/checkout","POST",72,8.23,47.8,38.82,4,27.38,"0",500,323.4,"0"
"req_003734","2026-10-06 06:27:16",6,"/api/v1/users","GET",143,1.85,39.65,46.63,0,31.49,"1",150,60.74,"0"
"req_003735","2026-10-06 06:28:03",6,"/api/v1/products","GET",195,1.37,51.16,56.59,0,36.75,"1",200,56.06,"0"
"req_003736","2026-10-06 06:29:19",6,"/api/v1/products","POST",23,33.16,32.23,55.3,3,25.33,"0",200,125.75,"0"
"req_003737","2026-10-06 06:33:00",6,"/api/v1/checkout","PUT",27,3.6,29.67,39.58,6,55.87,"0",500,348.54,"0"
"req_003738","2026-10-06 06:34:14",6,"/api/v1/checkout","POST",65,6.13,46.47,43.95,3,36.19,"0",500,328.47,"0"
"req_003739","2026-10-06 06:36:35",6,"/api/v1/users","GET",28,4.65,18.79,39.22,0,6.99,"1",150,21.6,"0"
"req_003740","2026-10-06 06:37:24",6,"/api/v1/products","GET",27,1.45,21.3,38.56,4,41.5,"0",200,163.44,"0"
"req_003741","2026-10-06 06:39:44",6,"/api/v1/search","GET",202,5.84,31.75,53.36,6,48.8,"0",300,276.32,"0"
"req_003742","2026-10-06 06:39:46",6,"/api/v1/checkout","POST",193,9.6,50.75,53.61,13,44.8,"0",500,500.96,"1"
"req_003743","2026-10-06 06:43:48",6,"/api/v1/checkout","POST",76,5.51,31.91,42.54,8,21.05,"0",500,323.6,"0"
"req_003744","2026-10-06 06:45:25",6,"/api/v1/reports","GET",126,1.94,45.32,43.66,6,29.01,"0",800,563.87,"0"
"req_003745","2026-10-06 06:49:48",6,"/api/v1/users","GET",28,10.46,35.99,47.94,0,50.28,"1",150,62.71,"0"
"req_003746","2026-10-06 06:50:20",6,"/api/v1/checkout","POST",46,20.24,20.55,49.55,4,33.12,"0",500,304.42,"0"
"req_003747","2026-10-06 06:50:55",6,"/api/v1/users","POST",89,11.9,30.36,45.35,1,56.38,"0",150,132.07,"0"
"req_003748","2026-10-06 06:51:02",6,"/api/v1/users","GET",115,3.47,47.81,51.9,0,32.06,"1",150,51.36,"0"
"req_003749","2026-10-06 06:58:08",6,"/api/v1/users","POST",23,5.28,34.55,50.06,1,16.22,"0",150,78.32,"0"
"req_003750","2026-10-06 06:59:01",6,"/api/v1/products","GET",16,2.3,35.44,42.49,0,52.42,"1",200,74.41,"0"
"req_003751","2026-10-06 07:01:25",7,"/api/v1/checkout","POST",280,19.7,72.46,65.01,4,36.17,"0",500,788.39,"1"
"req_003752","2026-10-06 07:06:20",7,"/api/v1/products","GET",263,8.69,70.32,58.22,1,20.68,"0",200,248.5,"1"
"req_003753","2026-10-06 07:08:12",7,"/api/v1/users","GET",137,5.29,51,60.42,0,22.85,"1",150,40.45,"0"
"req_003754","2026-10-06 07:09:35",7,"/api/v1/users","GET",90,2.06,29.88,41.9,0,21.95,"1",150,26.49,"0"
"req_003755","2026-10-06 07:11:23",7,"/api/v1/users","GET",16,4.42,30.43,53.37,2,36.35,"0",150,121.92,"0"
"req_003756","2026-10-06 07:11:58",7,"/api/v1/users","POST",120,4.44,63.46,41.45,2,23.73,"0",150,120.96,"0"
"req_003757","2026-10-06 07:12:57",7,"/api/v1/checkout","POST",35,5.95,37.89,44.78,6,32.68,"0",500,333.96,"0"
"req_003758","2026-10-06 07:14:43",7,"/api/v1/checkout","PUT",49,3.28,35.06,39.79,5,53.48,"0",500,321.4,"0"
"req_003759","2026-10-06 07:15:33",7,"/api/v1/checkout","PUT",6,13.16,26.86,48.45,10,58.96,"0",500,438.45,"0"
"req_003760","2026-10-06 07:16:04",7,"/api/v1/users","GET",113,1.11,46.58,47.3,1,25.62,"0",150,115.78,"0"
"req_003761","2026-10-06 07:16:21",7,"/api/v1/checkout","POST",53,8.79,46.34,51.04,4,29.15,"0",500,297.36,"0"
"req_003762","2026-10-06 07:17:28",7,"/api/v1/products","GET",20,19.6,34.83,41.63,0,24.53,"1",200,36.61,"0"
"req_003763","2026-10-06 07:17:47",7,"/api/v1/users","POST",42,2.98,27.39,43.08,3,101.92,"0",150,186.97,"1"
"req_003764","2026-10-06 07:18:26",7,"/api/v1/checkout","POST",16,3.22,35.17,51,9,58.31,"0",500,420.38,"0"
"req_003765","2026-10-06 07:18:57",7,"/api/v1/checkout","POST",29,4.86,30.87,23.79,7,18.91,"0",500,309.98,"0"
"req_003766","2026-10-06 07:19:37",7,"/api/v1/reports","GET",77,11.03,28.11,46.9,10,38.76,"0",800,589.96,"0"
"req_003767","2026-10-06 07:22:57",7,"/api/v1/search","GET",59,5.52,42.17,52.69,3,31.57,"0",300,205.14,"0"
"req_003768","2026-10-06 07:23:51",7,"/api/v1/users","GET",76,3.54,34.69,47.58,1,27.51,"0",150,105.99,"0"
"req_003769","2026-10-06 07:24:21",7,"/api/v1/products","GET",34,2.65,28.69,41.7,1,46.93,"0",200,120.69,"0"
"req_003770","2026-10-06 07:24:22",7,"/api/v1/search","GET",193,4.04,60.97,59.41,0,48.67,"1",300,76.5,"0"
"req_003771","2026-10-06 07:24:30",7,"/api/v1/reports","GET",19,4.61,42.07,45.27,12,26.46,"0",800,686.7,"0"
"req_003772","2026-10-06 07:26:01",7,"/api/v1/users","POST",92,5.55,43.26,47.05,2,43.03,"0",150,141.88,"0"
"req_003773","2026-10-06 07:26:32",7,"/api/v1/products","GET",67,8.26,34.64,50.84,2,37.41,"0",200,133.68,"0"
"req_003774","2026-10-06 07:28:23",7,"/api/v1/products","GET",30,11.8,32.08,41.12,2,40.27,"0",200,138.63,"0"
"req_003775","2026-10-06 07:30:36",7,"/api/v1/checkout","POST",76,1.94,34.3,46.27,6,23.19,"0",500,373.13,"0"
"req_003776","2026-10-06 07:32:55",7,"/api/v1/users","GET",270,1.95,64.96,63.93,0,46.06,"1",150,70.47,"0"
"req_003777","2026-10-06 07:33:07",7,"/api/v1/search","GET",31,1.2,18.97,44.08,0,44.2,"1",300,70.09,"0"
"req_003778","2026-10-06 07:34:27",7,"/api/v1/users","GET",18,5.07,27.58,43.46,1,37.14,"0",150,98.16,"0"
"req_003779","2026-10-06 07:39:51",7,"/api/v1/users","GET",21,3.3,22.68,44.71,1,31.18,"0",150,87.2,"0"
"req_003780","2026-10-06 07:41:18",7,"/api/v1/users","GET",48,9.09,27.63,52.94,0,40.39,"1",150,54.68,"0"
"req_003781","2026-10-06 07:48:01",7,"/api/v1/products","GET",24,3.84,26.3,44.83,0,17.36,"1",200,25.26,"0"
"req_003782","2026-10-06 07:48:08",7,"/api/v1/search","GET",20,10.74,31.81,49.67,0,18.54,"1",300,30.67,"0"
"req_003783","2026-10-06 07:51:48",7,"/api/v1/users","GET",26,3.02,41.5,65.04,2,63.64,"0",150,158.99,"1"
"req_003784","2026-10-06 07:52:25",7,"/api/v1/products","GET",93,1.64,36.45,47.49,0,29.7,"1",200,39.91,"0"
"req_003785","2026-10-06 07:55:13",7,"/api/v1/reports","POST",57,5.34,17.23,45.85,9,28.97,"0",800,538.97,"0"
"req_003786","2026-10-06 07:57:13",7,"/api/v1/checkout","POST",6,1.88,25.08,40.4,13,39.32,"0",500,504.99,"1"
"req_003787","2026-10-06 07:57:19",7,"/api/v1/users","GET",41,1.32,28.5,51.45,0,26.23,"1",150,38.8,"0"
"req_003788","2026-10-06 07:58:32",7,"/api/v1/products","GET",34,7.77,32.11,36.34,2,49.4,"0",200,136.26,"0"
"req_003789","2026-10-06 07:58:47",7,"/api/v1/users","GET",32,1.58,23.37,51.69,0,60.68,"1",150,69.93,"0"
"req_003790","2026-10-06 08:02:37",8,"/api/v1/users","GET",24,3.33,32.04,48.64,1,32.57,"0",150,93.42,"0"
"req_003791","2026-10-06 08:03:24",8,"/api/v1/products","POST",126,2.16,49.82,53.14,3,50.97,"0",200,196.49,"0"
"req_003792","2026-10-06 08:03:53",8,"/api/v1/search","GET",21,8.96,5,40.27,0,73.26,"1",300,97.38,"0"
"req_003793","2026-10-06 08:03:55",8,"/api/v1/users","GET",48,3.51,30.19,55.2,0,31.67,"1",150,39.5,"0"
"req_003794","2026-10-06 08:09:16",8,"/api/v1/checkout","POST",100,4.54,26.92,44.78,3,25.04,"0",500,279.77,"0"
"req_003795","2026-10-06 08:10:11",8,"/api/v1/users","GET",64,12.52,33.67,53.37,1,28.75,"0",150,109.98,"0"
"req_003796","2026-10-06 08:11:06",8,"/api/v1/products","GET",44,2.49,40.95,42.03,0,41.79,"1",200,60.74,"0"
"req_003797","2026-10-06 08:15:25",8,"/api/v1/products","GET",19,2.4,24.15,52.52,0,26.82,"1",200,38.97,"0"
"req_003798","2026-10-06 08:16:29",8,"/api/v1/products","GET",12,7.52,22.97,39.11,1,37.37,"0",200,97.33,"0"
"req_003799","2026-10-06 08:17:28",8,"/api/v1/checkout","PUT",26,27.65,31.72,42.69,6,20.72,"0",500,338.32,"0"
"req_003800","2026-10-06 08:20:50",8,"/api/v1/users","GET",83,12.38,35.25,49.2,2,30.01,"0",150,124.08,"0"
"req_003801","2026-10-06 08:21:33",8,"/api/v1/users","GET",31,11.48,22.65,49.61,1,38.44,"0",150,103.01,"0"
"req_003802","2026-10-06 08:21:55",8,"/api/v1/products","POST",38,2.91,34.43,47.44,3,38.45,"0",200,154.93,"0"
"req_003803","2026-10-06 08:26:40",8,"/api/v1/reports","GET",45,4.12,18.99,40.38,13,47.24,"0",800,651.13,"0"
"req_003804","2026-10-06 08:26:56",8,"/api/v1/search","POST",111,4.71,41.15,41.65,2,7.58,"0",300,168.69,"0"
"req_003805","2026-10-06 08:27:40",8,"/api/v1/checkout","POST",27,1.69,29.54,39.99,5,18.7,"0",500,309.18,"0"
"req_003806","2026-10-06 08:27:58",8,"/api/v1/users","GET",28,2.1,30.01,51.46,0,37.74,"1",150,45,"0"
"req_003807","2026-10-06 08:29:53",8,"/api/v1/reports","POST",90,8.7,19.46,33.1,7,39.64,"0",800,537.56,"0"
"req_003808","2026-10-06 08:29:56",8,"/api/v1/reports","GET",38,3.83,23.49,54.63,10,33.23,"0",800,555.48,"0"
"req_003809","2026-10-06 08:30:20",8,"/api/v1/products","GET",74,1.85,31.5,53.93,0,33.38,"1",200,59.17,"0"
"req_003810","2026-10-06 08:30:34",8,"/api/v1/products","GET",54,13.76,39.98,54.04,5,36.3,"0",200,180.91,"0"
"req_003811","2026-10-06 08:31:12",8,"/api/v1/search","GET",193,2.88,52.69,58.15,4,28.45,"0",300,259.91,"0"
"req_003812","2026-10-06 08:31:51",8,"/api/v1/users","GET",76,5.47,22.96,54.61,1,66.63,"0",150,141.21,"0"
"req_003813","2026-10-06 08:32:34",8,"/api/v1/users","GET",30,16.92,41.94,51.69,0,20.73,"1",150,26.32,"0"
"req_003814","2026-10-06 08:32:37",8,"/api/v1/products","GET",38,2.11,25.19,42.11,0,23.39,"1",200,42.75,"0"
"req_003815","2026-10-06 08:38:33",8,"/api/v1/users","GET",90,0.55,44.39,42.38,1,48.06,"0",150,128.6,"0"
"req_003816","2026-10-06 08:41:00",8,"/api/v1/products","GET",52,5.83,42.89,34,0,39.72,"1",200,61.02,"0"
"req_003817","2026-10-06 08:42:45",8,"/api/v1/products","GET",13,5.16,21.53,43.02,0,19.11,"1",200,33.46,"0"
"req_003818","2026-10-06 08:42:50",8,"/api/v1/reports","GET",50,10.27,25.41,36.9,15,24.17,"0",800,573.17,"0"
"req_003819","2026-10-06 08:47:23",8,"/api/v1/search","GET",92,3.52,28.59,52.92,4,35.6,"0",300,202.54,"0"
"req_003820","2026-10-06 08:47:53",8,"/api/v1/products","POST",21,2.65,41.11,47.19,1,31.73,"0",200,107.55,"0"
"req_003821","2026-10-06 08:49:36",8,"/api/v1/users","GET",81,4.68,37.3,61.38,0,51.73,"1",150,70.3,"0"
"req_003822","2026-10-06 08:51:25",8,"/api/v1/reports","POST",21,6.65,22.29,39.84,11,28.03,"0",800,615.64,"0"
"req_003823","2026-10-06 08:52:50",8,"/api/v1/products","POST",55,5.81,19.02,62.16,2,35.13,"0",200,140.43,"0"
"req_003824","2026-10-06 08:53:13",8,"/api/v1/users","GET",66,1.86,29.11,51.22,0,26.8,"1",150,39.25,"0"
"req_003825","2026-10-06 08:54:57",8,"/api/v1/checkout","POST",11,14.22,27.37,39.18,10,49.8,"0",500,454.64,"0"
"req_003826","2026-10-06 08:56:08",8,"/api/v1/search","GET",40,3.65,27.43,50.54,4,15.19,"0",300,189.6,"0"
"req_003827","2026-10-06 08:58:01",8,"/api/v1/search","GET",44,2.72,32.36,53.67,0,52.9,"1",300,89.58,"0"
"req_003828","2026-10-06 08:58:41",8,"/api/v1/products","GET",19,5.32,39.15,40.28,3,36.5,"0",200,144.26,"0"
"req_003829","2026-10-06 09:02:12",9,"/api/v1/products","GET",40,0.86,31.29,46.5,0,8.09,"1",200,17.84,"0"
"req_003830","2026-10-06 09:02:18",9,"/api/v1/checkout","POST",45,6.34,42.8,47.53,3,34.32,"0",500,293.2,"0"
"req_003831","2026-10-06 09:03:04",9,"/api/v1/products","GET",21,9.9,19.45,41.36,0,37.17,"1",200,54.21,"0"
"req_003832","2026-10-06 09:04:07",9,"/api/v1/checkout","POST",66,0.89,41.53,53.97,4,16.43,"0",500,295.12,"0"
"req_003833","2026-10-06 09:05:05",9,"/api/v1/products","GET",25,3.28,21.99,46.89,2,36.9,"0",200,128.16,"0"
"req_003834","2026-10-06 09:12:40",9,"/api/v1/products","GET",19,2.59,33.32,41.6,0,32.96,"1",200,50.44,"0"
"req_003835","2026-10-06 09:14:15",9,"/api/v1/products","GET",98,6.81,46.64,41.11,0,24.12,"1",200,44.77,"0"
"req_003836","2026-10-06 09:16:39",9,"/api/v1/checkout","POST",39,21.84,26.73,45.63,5,44.3,"0",500,304.99,"0"
"req_003837","2026-10-06 09:16:54",9,"/api/v1/search","GET",133,2.08,53.23,56.69,0,25.3,"1",300,64.04,"0"
"req_003838","2026-10-06 09:19:05",9,"/api/v1/users","GET",16,1.44,24.03,38.45,0,37.02,"1",150,48.57,"0"
"req_003839","2026-10-06 09:20:22",9,"/api/v1/reports","GET",48,1.65,34.2,45.99,13,15.13,"0",800,586.51,"0"
"req_003840","2026-10-06 09:23:28",9,"/api/v1/reports","GET",37,4.96,34.39,38.01,3,74.4,"0",800,530.4,"0"
"req_003841","2026-10-06 09:25:04",9,"/api/v1/search","GET",13,2.57,27.05,53.43,0,26.04,"1",300,55.19,"0"
"req_003842","2026-10-06 09:26:51",9,"/api/v1/products","GET",77,2.13,28.89,49.24,0,29.42,"1",200,46.5,"0"
"req_003843","2026-10-06 09:33:51",9,"/api/v1/search","GET",62,2.77,38.09,46.39,0,33.26,"1",300,59.8,"0"
"req_003844","2026-10-06 09:34:45",9,"/api/v1/search","GET",56,3.05,45.22,56.04,8,32.36,"0",300,304.04,"1"
"req_003845","2026-10-06 09:35:47",9,"/api/v1/products","GET",36,6.37,28.23,47.89,0,18.5,"1",200,30.89,"0"
"req_003846","2026-10-06 09:37:19",9,"/api/v1/products","GET",112,5.51,52.25,59.74,1,54.11,"0",200,159.06,"0"
"req_003847","2026-10-06 09:38:13",9,"/api/v1/products","GET",36,11.2,31.54,45.21,1,52.71,"0",200,129.29,"0"
"req_003848","2026-10-06 09:41:51",9,"/api/v1/search","GET",24,4.02,38.27,53.41,4,64.27,"0",300,254.36,"0"
"req_003849","2026-10-06 09:41:56",9,"/api/v1/products","GET",55,1.41,44.19,49.13,0,27.33,"1",200,40.33,"0"
"req_003850","2026-10-06 09:42:33",9,"/api/v1/checkout","POST",27,5.8,37.4,40.78,4,17.89,"0",500,267.58,"0"
"req_003851","2026-10-06 09:44:27",9,"/api/v1/checkout","POST",6,2,32.41,45.75,1,10.92,"0",500,221.87,"0"
"req_003852","2026-10-06 09:46:54",9,"/api/v1/checkout","POST",55,9.1,25.53,48.67,4,31.95,"0",500,308.27,"0"
"req_003853","2026-10-06 09:51:02",9,"/api/v1/products","GET",38,6.52,39.34,43.47,0,16.08,"1",200,37.78,"0"
"req_003854","2026-10-06 09:52:11",9,"/api/v1/products","GET",73,19.34,22.54,46.79,1,48.91,"0",200,132.57,"0"
"req_003855","2026-10-06 09:55:05",9,"/api/v1/search","GET",67,0.85,42.74,42.92,4,23.43,"0",300,232.33,"0"
"req_003856","2026-10-06 09:57:38",9,"/api/v1/checkout","POST",54,7.5,42.34,48.01,7,31.93,"0",500,389.14,"0"
"req_003857","2026-10-06 09:58:00",9,"/api/v1/users","GET",34,2.37,39.8,46.97,1,37.98,"0",150,84.16,"0"
"req_003858","2026-10-06 09:58:18",9,"/api/v1/users","GET",25,2.59,36.41,36.32,0,46.97,"1",150,59.89,"0"
"req_003859","2026-10-06 10:00:22",10,"/api/v1/search","GET",74,4.72,47.44,46.47,7,22.14,"0",300,248.65,"0"
"req_003860","2026-10-06 10:04:23",10,"/api/v1/search","GET",171,10.52,50.58,61.68,0,51.08,"1",300,93.41,"0"
"req_003861","2026-10-06 10:07:30",10,"/api/v1/products","GET",23,1.46,21.81,49.27,2,20.75,"0",200,94.09,"0"
"req_003862","2026-10-06 10:08:04",10,"/api/v1/reports","GET",113,1.3,41.18,50.25,10,33.03,"0",800,658.1,"0"
"req_003863","2026-10-06 10:10:33",10,"/api/v1/products","POST",181,1.97,64.6,59.82,2,27.19,"0",200,152,"0"
"req_003864","2026-10-06 10:11:07",10,"/api/v1/search","POST",145,7.69,57.5,53.94,5,29.7,"0",300,250.86,"0"
"req_003865","2026-10-06 10:12:22",10,"/api/v1/users","GET",33,9.14,23.89,49.96,3,24.73,"0",150,120.78,"0"
"req_003866","2026-10-06 10:14:20",10,"/api/v1/users","GET",49,2.47,37.89,53.81,0,45.33,"1",150,59.56,"0"
"req_003867","2026-10-06 10:15:07",10,"/api/v1/users","GET",14,21.26,22.68,38.8,1,25.33,"0",150,88.94,"0"
"req_003868","2026-10-06 10:16:21",10,"/api/v1/search","GET",37,1.91,20.79,56.66,3,31.24,"0",300,188.42,"0"
"req_003869","2026-10-06 10:17:24",10,"/api/v1/products","GET",30,1.21,50.33,33.76,2,30.04,"0",200,125.37,"0"
"req_003870","2026-10-06 10:17:31",10,"/api/v1/users","GET",87,15.07,38.43,64.54,1,46.49,"0",150,132.32,"0"
"req_003871","2026-10-06 10:17:52",10,"/api/v1/search","GET",25,6.3,21.92,40.59,8,23.17,"0",300,281.95,"0"
"req_003872","2026-10-06 10:20:56",10,"/api/v1/users","GET",27,0.78,42.44,55.52,0,31.65,"1",150,35.4,"0"
"req_003873","2026-10-06 10:21:29",10,"/api/v1/products","POST",48,14.2,39.51,50.37,3,17.4,"0",200,119.04,"0"
"req_003874","2026-10-06 10:21:56",10,"/api/v1/reports","GET",23,2.07,43.25,36.39,14,30.19,"0",800,696.17,"0"
"req_003875","2026-10-06 10:23:08",10,"/api/v1/users","GET",12,2.06,10.39,40.94,1,35.02,"0",150,80.06,"0"
"req_003876","2026-10-06 10:25:35",10,"/api/v1/checkout","POST",62,3.96,16.93,50.5,7,48.34,"0",500,344.69,"0"
"req_003877","2026-10-06 10:27:22",10,"/api/v1/users","GET",12,9.79,31.19,44.32,0,12.44,"1",150,29.52,"0"
"req_003878","2026-10-06 10:29:52",10,"/api/v1/search","GET",35,13.7,20.34,58.34,0,32.52,"1",300,57.93,"0"
"req_003879","2026-10-06 10:37:47",10,"/api/v1/products","GET",105,21.89,32.82,44.19,4,27.69,"0",200,178.95,"0"
"req_003880","2026-10-06 10:38:59",10,"/api/v1/products","POST",60,5.95,24.26,33.43,1,38.67,"0",200,130.22,"0"
"req_003881","2026-10-06 10:41:36",10,"/api/v1/products","GET",69,4.59,32.6,46.59,0,48.6,"1",200,54.58,"0"
"req_003882","2026-10-06 10:43:40",10,"/api/v1/reports","GET",21,2.13,36.77,53.43,18,59.76,"0",800,796.09,"0"
"req_003883","2026-10-06 10:48:16",10,"/api/v1/users","GET",17,3.08,38.59,37.27,0,42.93,"1",150,62.8,"0"
"req_003884","2026-10-06 10:49:49",10,"/api/v1/checkout","POST",83,13.04,31.56,52.82,5,34.2,"0",500,313.99,"0"
"req_003885","2026-10-06 10:52:16",10,"/api/v1/users","GET",18,2.92,20.1,36.49,0,16.93,"1",150,39,"0"
"req_003886","2026-10-06 10:53:22",10,"/api/v1/products","GET",121,4.21,49.28,56.09,0,35.03,"1",200,53.5,"0"
"req_003887","2026-10-06 11:01:27",11,"/api/v1/products","GET",59,3.65,47.46,46.05,0,31.11,"1",200,44.14,"0"
"req_003888","2026-10-06 11:01:39",11,"/api/v1/checkout","POST",46,1.98,31.03,37.27,7,15.45,"0",500,313.98,"0"
"req_003889","2026-10-06 11:02:31",11,"/api/v1/products","GET",56,8.82,27.36,46.38,2,26.9,"0",200,110.97,"0"
"req_003890","2026-10-06 11:04:26",11,"/api/v1/checkout","POST",17,11.74,34.45,36.69,5,12.17,"0",500,287.33,"0"
"req_003891","2026-10-06 11:05:15",11,"/api/v1/products","POST",64,4.15,39.44,51.52,4,84.33,"0",200,219.33,"1"
"req_003892","2026-10-06 11:06:49",11,"/api/v1/search","GET",97,2.99,43.73,50.53,1,27.01,"0",300,163.42,"0"
"req_003893","2026-10-06 11:06:55",11,"/api/v1/products","POST",22,5.41,32.85,42.55,3,23.51,"0",200,121.69,"0"
"req_003894","2026-10-06 11:09:12",11,"/api/v1/search","GET",39,6.13,27.2,45.18,3,27.91,"0",300,196.83,"0"
"req_003895","2026-10-06 11:09:30",11,"/api/v1/users","GET",24,4.64,23.76,48.83,2,44.95,"0",150,122.02,"0"
"req_003896","2026-10-06 11:18:07",11,"/api/v1/search","GET",48,1.55,26.57,49.9,7,36.12,"0",300,238.79,"0"
"req_003897","2026-10-06 11:19:51",11,"/api/v1/reports","GET",32,4.32,24.13,36.93,14,15.41,"0",800,664.31,"0"
"req_003898","2026-10-06 11:20:35",11,"/api/v1/search","GET",93,5.48,23.04,52,0,59.28,"1",300,76.8,"0"
"req_003899","2026-10-06 11:21:03",11,"/api/v1/products","POST",18,2.18,19.65,38.55,1,32.42,"0",200,97.48,"0"
"req_003900","2026-10-06 11:23:06",11,"/api/v1/checkout","POST",41,1.3,32.28,42.04,5,30.31,"0",500,286.65,"0"
"req_003901","2026-10-06 11:23:25",11,"/api/v1/search","GET",46,7.97,39.8,57.21,0,28.89,"1",300,57.11,"0"
"req_003902","2026-10-06 11:25:59",11,"/api/v1/products","GET",11,12.77,27.31,38.9,1,28.41,"0",200,108.94,"0"
"req_003903","2026-10-06 11:27:31",11,"/api/v1/users","GET",37,4.86,34.46,48.87,3,20.59,"0",150,104.42,"0"
"req_003904","2026-10-06 11:29:05",11,"/api/v1/search","GET",22,5.99,38.9,51.08,0,57.34,"1",300,66.29,"0"
"req_003905","2026-10-06 11:30:08",11,"/api/v1/users","GET",27,2.27,23.1,48.5,0,47.32,"1",150,55.05,"0"
"req_003906","2026-10-06 11:30:52",11,"/api/v1/search","GET",76,15.02,47.82,53.15,6,20.22,"0",300,254.88,"0"
"req_003907","2026-10-06 11:31:00",11,"/api/v1/products","POST",82,3.3,46.42,44.37,3,45.36,"0",200,148.36,"0"
"req_003908","2026-10-06 11:39:22",11,"/api/v1/users","GET",17,8.86,38.21,47.3,2,45.25,"0",150,119.63,"0"
"req_003909","2026-10-06 11:39:47",11,"/api/v1/checkout","PUT",42,2.55,46.49,41.45,5,32,"0",500,305.76,"0"
"req_003910","2026-10-06 11:41:17",11,"/api/v1/products","GET",14,5.01,31.03,21.26,0,27.65,"1",200,51.82,"0"
"req_003911","2026-10-06 11:41:30",11,"/api/v1/products","GET",84,4.26,22.56,59.67,0,58.52,"1",200,64.31,"0"
"req_003912","2026-10-06 11:41:40",11,"/api/v1/search","GET",29,3.3,34.01,54.07,6,37.76,"0",300,225.76,"0"
"req_003913","2026-10-06 11:42:46",11,"/api/v1/search","GET",94,9.72,28.95,42.03,3,70.65,"0",300,237.62,"0"
"req_003914","2026-10-06 11:46:35",11,"/api/v1/users","POST",17,1.64,27.61,50.5,1,17.18,"0",150,91.45,"0"
"req_003915","2026-10-06 11:47:23",11,"/api/v1/users","GET",117,6.2,49.97,46.37,0,17.57,"1",150,34.17,"0"
"req_003916","2026-10-06 11:47:34",11,"/api/v1/search","GET",28,3.17,34.22,36.55,0,43.07,"1",300,59.91,"0"
"req_003917","2026-10-06 11:49:03",11,"/api/v1/checkout","POST",25,7.02,36.82,35.57,3,11.3,"0",500,288.94,"0"
"req_003918","2026-10-06 11:49:29",11,"/api/v1/users","GET",32,7.2,23.88,38.34,2,36.72,"0",150,114.2,"0"
"req_003919","2026-10-06 11:50:29",11,"/api/v1/users","GET",20,3.59,21.08,52.94,0,33.06,"1",150,35.5,"0"
"req_003920","2026-10-06 11:53:34",11,"/api/v1/products","GET",9,7.71,19.5,37.58,1,21.87,"0",200,92.89,"0"
"req_003921","2026-10-06 11:54:23",11,"/api/v1/search","GET",45,21.4,41.35,32.95,0,24.03,"1",300,59.59,"0"
"req_003922","2026-10-06 11:55:18",11,"/api/v1/search","GET",174,7.11,42.87,64.28,3,61.64,"0",300,264.24,"0"
"req_003923","2026-10-06 11:59:39",11,"/api/v1/search","GET",48,0.68,23.67,55.48,6,27.82,"0",300,223.99,"0"
"req_003924","2026-10-06 12:01:51",12,"/api/v1/search","GET",55,5.42,25.31,44.25,3,40.37,"0",300,203.01,"0"
"req_003925","2026-10-06 12:02:56",12,"/api/v1/products","GET",160,1.88,42.32,54.2,0,37.59,"1",200,55.08,"0"
"req_003926","2026-10-06 12:07:50",12,"/api/v1/users","GET",37,1.54,33.06,36.24,1,36.57,"0",150,112.31,"0"
"req_003927","2026-10-06 12:08:12",12,"/api/v1/users","GET",23,3.69,30.05,44.94,1,53.33,"0",150,112.8,"0"
"req_003928","2026-10-06 12:08:20",12,"/api/v1/users","GET",58,5.4,50.22,49.32,0,30.82,"1",150,46.64,"0"
"req_003929","2026-10-06 12:09:17",12,"/api/v1/users","GET",43,5.51,40.43,43.68,0,64.38,"1",150,84.53,"0"
"req_003930","2026-10-06 12:11:38",12,"/api/v1/reports","GET",35,4.49,25.52,51.94,23,66.38,"0",800,708.8,"0"
"req_003931","2026-10-06 12:11:39",12,"/api/v1/checkout","POST",53,7.17,35.69,63.71,3,22.72,"0",500,291.99,"0"
"req_003932","2026-10-06 12:16:11",12,"/api/v1/search","GET",36,7.91,21.67,57.07,6,41.05,"0",300,246.46,"0"
"req_003933","2026-10-06 12:18:19",12,"/api/v1/search","POST",25,6.38,40.11,42.71,3,56.68,"0",300,229.17,"0"
"req_003934","2026-10-06 12:19:19",12,"/api/v1/users","GET",12,30.1,30.56,49.1,0,24.91,"1",150,39.88,"0"
"req_003935","2026-10-06 12:20:11",12,"/api/v1/search","GET",22,1.43,44.86,36.92,5,35.19,"0",300,208.2,"0"
"req_003936","2026-10-06 12:22:22",12,"/api/v1/products","GET",26,12.89,41.61,41.68,1,29.69,"0",200,110.71,"0"
"req_003937","2026-10-06 12:24:05",12,"/api/v1/reports","GET",55,7.89,44.78,45.11,13,50.35,"0",800,651.6,"0"
"req_003938","2026-10-06 12:25:14",12,"/api/v1/search","POST",37,0.68,37.8,44.91,6,12.16,"0",300,217.44,"0"
"req_003939","2026-10-06 12:26:31",12,"/api/v1/search","GET",25,6.68,19.38,38.71,0,47.92,"1",300,66.21,"0"
"req_003940","2026-10-06 12:34:23",12,"/api/v1/search","POST",17,17.48,25.49,47.42,1,31.72,"0",300,155.29,"0"
"req_003941","2026-10-06 12:34:52",12,"/api/v1/search","GET",46,5.21,44.18,50.01,7,31.46,"0",300,274.06,"0"
"req_003942","2026-10-06 12:38:12",12,"/api/v1/search","GET",105,3.34,31.68,49.95,0,28,"1",300,63.69,"0"
"req_003943","2026-10-06 12:38:50",12,"/api/v1/search","GET",25,6.94,41.61,40.43,0,33.9,"1",300,62.52,"0"
"req_003944","2026-10-06 12:39:02",12,"/api/v1/users","GET",109,0.87,37.37,49.19,1,17.56,"0",150,87.75,"0"
"req_003945","2026-10-06 12:41:04",12,"/api/v1/reports","GET",28,3.58,26.87,50.31,10,51.62,"0",800,580.65,"0"
"req_003946","2026-10-06 12:41:23",12,"/api/v1/products","GET",294,10.5,70.76,65.76,0,33.73,"1",200,84.21,"0"
"req_003947","2026-10-06 12:41:45",12,"/api/v1/checkout","PUT",33,1.98,29.79,46.17,6,35.24,"0",500,338.07,"0"
"req_003948","2026-10-06 12:41:57",12,"/api/v1/products","GET",92,2.47,47.23,36.14,1,39.45,"0",200,129.99,"0"
"req_003949","2026-10-06 12:42:03",12,"/api/v1/search","GET",64,3.37,39.49,51.42,0,40.4,"1",300,74.53,"0"
"req_003950","2026-10-06 12:42:23",12,"/api/v1/search","GET",40,4.47,19.63,38.88,0,37.95,"1",300,63.72,"0"
"req_003951","2026-10-06 12:42:44",12,"/api/v1/products","GET",20,9.56,27.41,41.79,0,26.75,"1",200,44.89,"0"
"req_003952","2026-10-06 12:45:28",12,"/api/v1/reports","GET",55,2.78,31.16,51.68,17,27.81,"0",800,685.95,"0"
"req_003953","2026-10-06 12:45:39",12,"/api/v1/search","GET",96,41.11,30.28,53.44,5,28.64,"0",300,246.17,"0"
"req_003954","2026-10-06 12:49:03",12,"/api/v1/products","GET",41,3.9,34.31,50.36,0,55.14,"1",200,77.43,"0"
"req_003955","2026-10-06 12:49:39",12,"/api/v1/search","POST",38,9.97,31.27,43.25,4,39.39,"0",300,221.36,"0"
"req_003956","2026-10-06 12:50:30",12,"/api/v1/search","GET",183,12.28,63.57,59.4,3,26.23,"0",300,240.98,"0"
"req_003957","2026-10-06 12:51:53",12,"/api/v1/products","POST",24,1.44,45.87,39.28,1,28.82,"0",200,94.06,"0"
"req_003958","2026-10-06 12:53:11",12,"/api/v1/products","GET",36,3.41,15.71,38.57,0,63.49,"1",200,85.06,"0"
"req_003959","2026-10-06 12:57:50",12,"/api/v1/products","GET",29,7.48,19.08,43.09,0,40.28,"1",200,53.09,"0"
"req_003960","2026-10-06 12:59:19",12,"/api/v1/users","GET",177,7.34,58.55,62.96,3,18.52,"0",150,140.76,"0"
"req_003961","2026-10-06 13:00:37",13,"/api/v1/products","POST",94,14.37,40.45,51.78,3,16.53,"0",200,131.96,"0"
"req_003962","2026-10-06 13:00:50",13,"/api/v1/users","GET",58,4.45,32.65,47.16,2,11.38,"0",150,80.34,"0"
"req_003963","2026-10-06 13:01:34",13,"/api/v1/reports","GET",35,11.26,29.21,36.35,10,25.81,"0",800,617.2,"0"
"req_003964","2026-10-06 13:01:34",13,"/api/v1/search","GET",111,7.83,35.16,58.56,7,26.45,"0",300,241.52,"0"
"req_003965","2026-10-06 13:04:54",13,"/api/v1/search","POST",79,8.88,41.5,41.28,3,31.52,"0",300,191.75,"0"
"req_003966","2026-10-06 13:06:41",13,"/api/v1/users","GET",60,5.25,48.43,40.7,1,32.33,"0",150,100.8,"0"
"req_003967","2026-10-06 13:07:12",13,"/api/v1/products","POST",41,7.2,43.6,43.23,1,37.95,"0",200,133.58,"0"
"req_003968","2026-10-06 13:07:29",13,"/api/v1/checkout","POST",53,3.93,36.31,40.01,6,28.98,"0",500,317.14,"0"
"req_003969","2026-10-06 13:08:35",13,"/api/v1/search","GET",12,3.8,28.17,49.86,7,30.31,"0",300,247.68,"0"
"req_003970","2026-10-06 13:08:51",13,"/api/v1/users","GET",7,7.73,10.61,36.36,1,49.82,"0",150,100.67,"0"
"req_003971","2026-10-06 13:10:06",13,"/api/v1/users","GET",71,4.25,38.3,47.03,1,35.31,"0",150,106.07,"0"
"req_003972","2026-10-06 13:10:50",13,"/api/v1/search","GET",131,7.47,45.22,65.6,1,44.28,"0",300,196.72,"0"
"req_003973","2026-10-06 13:18:42",13,"/api/v1/users","GET",28,16.2,25.98,39.97,0,27.08,"1",150,35.81,"0"
"req_003974","2026-10-06 13:23:54",13,"/api/v1/checkout","POST",142,12.39,50.07,54.08,5,26.71,"0",500,345.49,"0"
"req_003975","2026-10-06 13:26:30",13,"/api/v1/products","GET",76,1.4,38.15,53.26,0,18.37,"1",200,27.57,"0"
"req_003976","2026-10-06 13:27:29",13,"/api/v1/checkout","PUT",133,3.85,53.38,50.72,8,41.51,"0",500,438.06,"0"
"req_003977","2026-10-06 13:27:45",13,"/api/v1/products","POST",131,3.73,27.48,48.18,2,2,"0",200,121.07,"0"
"req_003978","2026-10-06 13:29:56",13,"/api/v1/search","GET",36,6.26,28.49,43.64,4,86.22,"0",300,252.39,"0"
"req_003979","2026-10-06 13:30:22",13,"/api/v1/checkout","POST",66,1.21,32.1,49.14,3,21.26,"0",500,272.02,"0"
"req_003980","2026-10-06 13:30:33",13,"/api/v1/checkout","POST",50,4.78,33.08,40.74,5,22.86,"0",500,290.84,"0"
"req_003981","2026-10-06 13:32:04",13,"/api/v1/products","POST",23,1.51,23.27,40.1,4,11.28,"0",200,111.95,"0"
"req_003982","2026-10-06 13:39:41",13,"/api/v1/checkout","PUT",56,7.31,19.21,52.5,6,22.94,"0",500,301.87,"0"
"req_003983","2026-10-06 13:42:36",13,"/api/v1/users","GET",33,1.37,23.52,37.39,0,29.7,"1",150,44.38,"0"
"req_003984","2026-10-06 13:45:02",13,"/api/v1/users","GET",86,0.62,39.87,44.13,0,30.34,"1",150,50.92,"0"
"req_003985","2026-10-06 13:46:07",13,"/api/v1/search","GET",62,10.75,24.09,50.08,6,25.12,"0",300,259.64,"0"
"req_003986","2026-10-06 13:47:15",13,"/api/v1/products","GET",48,14.96,29.34,33.69,0,30.6,"1",200,41.11,"0"
"req_003987","2026-10-06 13:48:50",13,"/api/v1/search","GET",127,3.54,40.41,56.36,1,62.48,"0",300,209.64,"0"
"req_003988","2026-10-06 13:51:54",13,"/api/v1/products","GET",65,3.05,32.2,45.23,1,37.85,"0",200,127.56,"0"
"req_003989","2026-10-06 13:55:13",13,"/api/v1/users","GET",150,0.9,62.75,50.98,0,25.58,"1",150,40.42,"0"
"req_003990","2026-10-06 13:55:16",13,"/api/v1/users","GET",8,4.91,30.41,33.47,1,29.15,"0",150,90.31,"0"
"req_003991","2026-10-06 13:56:54",13,"/api/v1/products","POST",80,4.53,38.73,45.92,1,14.79,"0",200,96.54,"0"
"req_003992","2026-10-06 13:58:56",13,"/api/v1/reports","GET",14,1.31,22.3,55.48,13,38.67,"0",800,637.87,"0"
"req_003993","2026-10-06 14:02:56",14,"/api/v1/search","GET",66,1.68,40.33,53.3,0,10.99,"1",300,46.86,"0"
"req_003994","2026-10-06 14:03:59",14,"/api/v1/users","GET",23,1.92,29.64,37.33,0,52.36,"1",150,64.51,"0"
"req_003995","2026-10-06 14:07:17",14,"/api/v1/products","GET",41,3.08,36.21,43.38,0,57.36,"1",200,70.24,"0"
"req_003996","2026-10-06 14:07:35",14,"/api/v1/products","GET",54,5.91,32.49,44.67,0,74.4,"1",200,87.99,"0"
"req_003997","2026-10-06 14:10:48",14,"/api/v1/search","GET",127,32.6,42.79,52.62,0,46.41,"1",300,84.47,"0"
"req_003998","2026-10-06 14:11:07",14,"/api/v1/search","GET",45,10.96,26.55,40.65,9,47.32,"0",300,252.29,"0"
"req_003999","2026-10-06 14:14:33",14,"/api/v1/search","GET",118,6.43,43.17,51.39,0,27.68,"1",300,57.71,"0"
"req_004000","2026-10-06 14:14:35",14,"/api/v1/users","GET",76,3.58,50.91,47.84,2,42.75,"0",150,129.3,"0"
"req_004001","2026-10-06 14:18:19",14,"/api/v1/search","GET",22,0.57,42.62,26.98,0,39.57,"1",300,71.27,"0"
"req_004002","2026-10-06 14:18:29",14,"/api/v1/reports","GET",31,4.5,27.55,51.88,4,33.35,"0",800,451.71,"0"
"req_004003","2026-10-06 14:23:31",14,"/api/v1/users","GET",4,1.05,15.22,43.82,0,32.57,"1",150,44.9,"0"
"req_004004","2026-10-06 14:28:05",14,"/api/v1/checkout","POST",27,21.32,34,33.11,6,38.37,"0",500,337.95,"0"
"req_004005","2026-10-06 14:31:38",14,"/api/v1/products","GET",56,2.44,31.07,47.82,0,39.89,"1",200,55.67,"0"
"req_004006","2026-10-06 14:31:59",14,"/api/v1/users","GET",42,4.12,28.89,52.56,0,36.26,"1",150,42.64,"0"
"req_004007","2026-10-06 14:34:56",14,"/api/v1/products","GET",23,2.11,22.61,48.26,0,35.37,"1",200,60.08,"0"
"req_004008","2026-10-06 14:35:27",14,"/api/v1/products","GET",27,3.62,16.79,45.22,0,36.6,"1",200,50.8,"0"
"req_004009","2026-10-06 14:36:29",14,"/api/v1/products","POST",51,4.56,22.82,45.04,3,48.45,"0",200,158.43,"0"
"req_004010","2026-10-06 14:40:07",14,"/api/v1/reports","GET",47,4.19,32.1,41.39,8,31.17,"0",800,531.29,"0"
"req_004011","2026-10-06 14:41:04",14,"/api/v1/search","POST",9,1.64,15.96,39.27,6,46.98,"0",300,229.7,"0"
"req_004012","2026-10-06 14:43:17",14,"/api/v1/products","GET",22,5.55,19.28,49.3,1,33.13,"0",200,110.77,"0"
"req_004013","2026-10-06 14:43:33",14,"/api/v1/users","GET",42,8.1,30.95,50.44,2,55.79,"0",150,152.38,"1"
"req_004014","2026-10-06 14:45:04",14,"/api/v1/users","GET",86,3.64,30.76,42.54,0,71.61,"1",150,83.46,"0"
"req_004015","2026-10-06 14:47:01",14,"/api/v1/products","GET",10,11.83,27.67,46.92,0,13.2,"1",200,25.82,"0"
"req_004016","2026-10-06 14:47:49",14,"/api/v1/search","GET",42,5.04,42.34,36.65,0,24.48,"1",300,58.37,"0"
"req_004017","2026-10-06 14:50:24",14,"/api/v1/products","GET",17,6.04,13.67,47.51,3,20.22,"0",200,99.09,"0"
"req_004018","2026-10-06 14:52:40",14,"/api/v1/checkout","PUT",81,3.45,49.34,50.77,1,32.45,"0",500,279.84,"0"
"req_004019","2026-10-06 14:52:41",14,"/api/v1/search","GET",32,5.55,18.91,50.4,0,70.44,"1",300,96.24,"0"
"req_004020","2026-10-06 14:56:37",14,"/api/v1/users","GET",33,14.02,35.46,42.52,1,21.15,"0",150,96.08,"0"
"req_004021","2026-10-06 14:57:11",14,"/api/v1/products","GET",24,3.55,28.45,55.61,0,30.18,"1",200,51.45,"0"
"req_004022","2026-10-06 14:57:58",14,"/api/v1/search","POST",14,1,42.04,39.31,5,17.93,"0",300,209.38,"0"
"req_004023","2026-10-06 15:02:42",15,"/api/v1/checkout","POST",17,4.6,24.28,43.17,8,20.12,"0",500,322.64,"0"
"req_004024","2026-10-06 15:03:21",15,"/api/v1/users","GET",32,19.89,30.22,46.02,0,29.45,"1",150,41.02,"0"
"req_004025","2026-10-06 15:08:28",15,"/api/v1/search","GET",67,0.83,38.46,51.14,0,17.26,"1",300,46.08,"0"
"req_004026","2026-10-06 15:11:06",15,"/api/v1/products","GET",58,1.65,32.77,44.31,0,24.78,"1",200,39.77,"0"
"req_004027","2026-10-06 15:13:10",15,"/api/v1/products","GET",168,0.73,49.98,49,0,13.69,"1",200,31.08,"0"
"req_004028","2026-10-06 15:17:08",15,"/api/v1/search","GET",55,40.77,30.91,46.02,7,44.86,"0",300,292.34,"0"
"req_004029","2026-10-06 15:18:44",15,"/api/v1/users","GET",31,11.18,28.85,47.77,0,47.1,"1",150,57.21,"0"
"req_004030","2026-10-06 15:18:55",15,"/api/v1/users","GET",67,0.45,36.11,52.68,1,6.75,"0",150,76.1,"0"
"req_004031","2026-10-06 15:20:20",15,"/api/v1/checkout","POST",35,6.95,41,42.32,4,24.62,"0",500,301.6,"0"
"req_004032","2026-10-06 15:22:53",15,"/api/v1/reports","GET",122,9.65,38.25,52.19,10,24.51,"0",800,547.72,"0"
"req_004033","2026-10-06 15:23:43",15,"/api/v1/reports","GET",47,0.92,29.87,47.73,13,36.75,"0",800,644.87,"0"
"req_004034","2026-10-06 15:24:00",15,"/api/v1/reports","GET",261,0.92,56.4,71.92,11,9.84,"0",800,665.31,"0"
"req_004035","2026-10-06 15:30:26",15,"/api/v1/reports","GET",8,5.98,34.71,36.78,5,28.1,"0",800,505.11,"0"
"req_004036","2026-10-06 15:40:24",15,"/api/v1/users","GET",17,2.1,29.23,51.47,0,25.06,"1",150,40.47,"0"
"req_004037","2026-10-06 15:40:49",15,"/api/v1/search","GET",78,11.59,35,43.49,5,31.04,"0",300,267.95,"0"
"req_004038","2026-10-06 15:41:26",15,"/api/v1/products","GET",71,3.88,43.31,46.62,0,18.76,"1",200,31.82,"0"
"req_004039","2026-10-06 15:41:45",15,"/api/v1/users","GET",44,1.7,33.51,45.31,0,22.3,"1",150,31.41,"0"
"req_004040","2026-10-06 15:46:51",15,"/api/v1/users","GET",9,4.86,18.05,43.86,2,36.31,"0",150,110.38,"0"
"req_004041","2026-10-06 15:49:23",15,"/api/v1/search","GET",24,1.54,30.81,49.71,0,15.86,"1",300,39.65,"0"
"req_004042","2026-10-06 15:52:28",15,"/api/v1/users","POST",99,6.28,29.78,50.3,1,23.91,"0",150,96.46,"0"
"req_004043","2026-10-06 15:54:20",15,"/api/v1/users","GET",95,2.25,46.57,48.04,0,28.69,"1",150,38.04,"0"
"req_004044","2026-10-06 15:55:25",15,"/api/v1/products","GET",30,2.53,51.6,37.85,1,27.68,"0",200,102.07,"0"
"req_004045","2026-10-06 15:55:28",15,"/api/v1/products","GET",33,5.54,26.07,56.94,0,21.27,"1",200,33.23,"0"
"req_004046","2026-10-06 15:55:31",15,"/api/v1/users","GET",14,5.2,28.05,44.5,0,52.33,"1",150,49.21,"0"
"req_004047","2026-10-06 15:56:33",15,"/api/v1/checkout","POST",41,12.18,23.04,41.92,10,9.93,"0",500,393.64,"0"
"req_004048","2026-10-06 15:58:14",15,"/api/v1/users","GET",60,2.66,46.17,38.57,1,40.72,"0",150,108.38,"0"
"req_004049","2026-10-06 16:03:37",16,"/api/v1/checkout","POST",70,5.86,32.68,40.46,11,27.68,"0",500,393.1,"0"
"req_004050","2026-10-06 16:04:42",16,"/api/v1/search","GET",200,5.98,55.25,66.85,0,36.05,"1",300,73.57,"0"
"req_004051","2026-10-06 16:07:25",16,"/api/v1/checkout","POST",129,0.86,34.17,48.08,6,39.99,"0",500,310,"0"
"req_004052","2026-10-06 16:08:56",16,"/api/v1/users","GET",85,4.25,46.82,54.77,0,52.06,"1",150,64.12,"0"
"req_004053","2026-10-06 16:09:26",16,"/api/v1/reports","GET",18,1.67,22.92,47.09,9,21.82,"0",800,521.66,"0"
"req_004054","2026-10-06 16:12:05",16,"/api/v1/search","POST",46,8.04,28.66,51.38,5,13.65,"0",300,220.98,"0"
"req_004055","2026-10-06 16:18:29",16,"/api/v1/reports","GET",80,8.92,32.98,50.06,10,30.63,"0",800,610.54,"0"
"req_004056","2026-10-06 16:23:30",16,"/api/v1/users","GET",23,3.86,23.22,43.36,0,41.81,"1",150,56.09,"0"
"req_004057","2026-10-06 16:23:34",16,"/api/v1/checkout","POST",21,4.65,30.42,37.49,6,17.16,"0",500,308.27,"0"
"req_004058","2026-10-06 16:24:31",16,"/api/v1/products","GET",14,6.21,23.23,46.74,3,44.4,"0",200,146.59,"0"
"req_004059","2026-10-06 16:25:26",16,"/api/v1/users","GET",44,0.53,30.1,47.7,0,28.52,"1",150,34.53,"0"
"req_004060","2026-10-06 16:25:36",16,"/api/v1/search","GET",21,21.49,25.72,41.7,2,32.64,"0",300,172.21,"0"
"req_004061","2026-10-06 16:26:14",16,"/api/v1/users","GET",23,7.5,27.2,31.35,1,32.62,"0",150,86.56,"0"
"req_004062","2026-10-06 16:27:40",16,"/api/v1/reports","POST",30,5.19,32.53,34.14,17,33.14,"0",800,806.49,"1"
"req_004063","2026-10-06 16:27:54",16,"/api/v1/users","POST",43,1.31,40.18,34.23,2,34.09,"0",150,97.91,"0"
"req_004064","2026-10-06 16:32:04",16,"/api/v1/products","GET",57,9.19,39,58.85,0,30.73,"1",200,48.14,"0"
"req_004065","2026-10-06 16:33:26",16,"/api/v1/products","GET",24,14.43,39.31,50.89,0,34.61,"1",200,50.49,"0"
"req_004066","2026-10-06 16:34:27",16,"/api/v1/products","GET",39,10.32,25.28,46.23,0,33.29,"1",200,52.27,"0"
"req_004067","2026-10-06 16:34:51",16,"/api/v1/users","GET",95,4.39,43.49,45.31,0,32.34,"1",150,44,"0"
"req_004068","2026-10-06 16:36:55",16,"/api/v1/products","POST",70,15.43,33.8,40.37,1,71.58,"0",200,163.52,"0"
"req_004069","2026-10-06 16:39:08",16,"/api/v1/search","GET",298,1.39,65.84,67.8,7,39.46,"0",300,362.13,"1"
"req_004070","2026-10-06 16:40:03",16,"/api/v1/search","GET",24,4.71,25.79,39.75,3,17.32,"0",300,200.77,"0"
"req_004071","2026-10-06 16:40:48",16,"/api/v1/search","GET",48,1.97,31.37,38.79,5,28.58,"0",300,238.9,"0"
"req_004072","2026-10-06 16:44:05",16,"/api/v1/checkout","PUT",43,3.58,35.39,47.84,10,16.98,"0",500,380.81,"0"
"req_004073","2026-10-06 16:46:19",16,"/api/v1/products","GET",193,11.34,57.76,50.51,0,21.47,"1",200,49.36,"0"
"req_004074","2026-10-06 16:54:31",16,"/api/v1/products","GET",30,5.99,25.79,39.95,0,30.15,"1",200,40.9,"0"
"req_004075","2026-10-06 16:57:24",16,"/api/v1/checkout","POST",26,8.14,38.22,54.88,8,70.66,"0",500,430.9,"0"
"req_004076","2026-10-06 16:59:09",16,"/api/v1/reports","GET",88,1.72,35.32,56.09,16,14.75,"0",800,665.17,"0"
"req_004077","2026-10-06 17:01:39",17,"/api/v1/reports","GET",110,10.67,48.07,52.92,7,36.45,"0",800,594.08,"0"
"req_004078","2026-10-06 17:04:59",17,"/api/v1/search","POST",93,7.35,46.92,55.33,1,29.69,"0",300,167.5,"0"
"req_004079","2026-10-06 17:07:36",17,"/api/v1/reports","GET",22,0.8,35.91,50.26,11,36.8,"0",800,660.28,"0"
"req_004080","2026-10-06 17:12:58",17,"/api/v1/search","GET",35,4.72,34.94,35.34,4,49.71,"0",300,195.76,"0"
"req_004081","2026-10-06 17:13:10",17,"/api/v1/products","GET",278,1.74,65.96,63.36,0,43.63,"1",200,69.66,"0"
"req_004082","2026-10-06 17:17:47",17,"/api/v1/users","GET",11,3.46,35.72,43.2,0,47.36,"1",150,58.23,"0"
"req_004083","2026-10-06 17:18:20",17,"/api/v1/users","GET",176,1.75,43.82,61.96,0,60.53,"1",150,77.85,"0"
"req_004084","2026-10-06 17:20:24",17,"/api/v1/search","GET",82,2.11,33.82,41.81,0,42.48,"1",300,67.75,"0"
"req_004085","2026-10-06 17:23:06",17,"/api/v1/users","GET",28,4.47,21.58,42.7,0,29.86,"1",150,49.53,"0"
"req_004086","2026-10-06 17:24:32",17,"/api/v1/checkout","POST",36,1.15,19.85,44.67,5,39.87,"0",500,318.76,"0"
"req_004087","2026-10-06 17:26:40",17,"/api/v1/users","POST",21,2.37,33.53,45.07,2,22.49,"0",150,99.1,"0"
"req_004088","2026-10-06 17:27:58",17,"/api/v1/products","GET",34,6.57,17.59,43.9,1,46.12,"0",200,108.62,"0"
"req_004089","2026-10-06 17:29:01",17,"/api/v1/products","GET",60,7.67,20.65,37.45,0,31.15,"1",200,35.68,"0"
"req_004090","2026-10-06 17:33:19",17,"/api/v1/products","GET",73,1.58,44.06,30.96,0,37.59,"1",200,56.37,"0"
"req_004091","2026-10-06 17:33:46",17,"/api/v1/products","POST",10,0.58,26.21,48.53,3,7.94,"0",200,113.8,"0"
"req_004092","2026-10-06 17:35:50",17,"/api/v1/products","GET",34,2.39,32.84,48.7,0,45,"1",200,64.05,"0"
"req_004093","2026-10-06 17:35:55",17,"/api/v1/products","GET",35,1.6,32.42,38.98,0,52.91,"1",200,76.7,"0"
"req_004094","2026-10-06 17:38:53",17,"/api/v1/products","GET",26,9.49,35.43,40.24,0,60.68,"1",200,69.09,"0"
"req_004095","2026-10-06 17:39:58",17,"/api/v1/products","POST",82,15.68,26.03,46.92,2,18.69,"0",200,123.3,"0"
"req_004096","2026-10-06 17:44:04",17,"/api/v1/users","GET",103,6.53,34.28,44.2,0,45.76,"1",150,56.66,"0"
"req_004097","2026-10-06 17:45:49",17,"/api/v1/users","GET",70,3.3,45.02,40.21,0,15.71,"1",150,24.26,"0"
"req_004098","2026-10-06 17:48:39",17,"/api/v1/reports","GET",23,11.31,28.17,42.87,14,40.97,"0",800,592.25,"0"
"req_004099","2026-10-06 17:49:17",17,"/api/v1/search","GET",47,3.59,37.36,38.45,0,33.52,"1",300,67.43,"0"
"req_004100","2026-10-06 17:52:00",17,"/api/v1/users","GET",69,2.03,39.36,33.28,0,9.52,"1",150,12.33,"0"
"req_004101","2026-10-06 17:52:49",17,"/api/v1/search","GET",61,15.98,39.63,43.76,6,49.55,"0",300,288.88,"0"
"req_004102","2026-10-06 17:55:31",17,"/api/v1/users","GET",17,2.96,28.73,43.15,0,46.42,"1",150,58.76,"0"
"req_004103","2026-10-06 17:58:23",17,"/api/v1/checkout","POST",36,5.82,24.28,45.38,3,42.42,"0",500,268.1,"0"
"req_004104","2026-10-06 18:02:06",18,"/api/v1/search","GET",26,4.2,28.22,39.22,0,9.03,"1",300,37.51,"0"
"req_004105","2026-10-06 18:04:43",18,"/api/v1/products","POST",46,30.8,27.85,46.81,1,26.07,"0",200,104.04,"0"
"req_004106","2026-10-06 18:05:50",18,"/api/v1/users","GET",44,15.31,30.21,51.06,1,16.57,"0",150,91.05,"0"
"req_004107","2026-10-06 18:06:24",18,"/api/v1/users","GET",23,4.82,20.15,48.06,0,63.49,"1",150,80.36,"0"
"req_004108","2026-10-06 18:07:34",18,"/api/v1/reports","POST",255,2.47,64.8,57.43,18,41.59,"0",800,878.47,"1"
"req_004109","2026-10-06 18:08:28",18,"/api/v1/reports","GET",129,2.3,57.4,57.24,13,49.15,"0",800,854.6,"1"
"req_004110","2026-10-06 18:08:44",18,"/api/v1/products","GET",117,9.18,37.87,41.5,0,20.59,"1",200,40.59,"0"
"req_004111","2026-10-06 18:09:10",18,"/api/v1/users","POST",15,1.57,29.3,47.48,1,38.57,"0",150,89.33,"0"
"req_004112","2026-10-06 18:09:22",18,"/api/v1/search","POST",95,8.58,41.78,51.54,7,46.39,"0",300,271.19,"0"
"req_004113","2026-10-06 18:11:32",18,"/api/v1/checkout","POST",32,2.64,32.89,38.06,4,40.09,"0",500,315.39,"0"
"req_004114","2026-10-06 18:13:05",18,"/api/v1/products","GET",48,8.79,27.63,44.37,0,46.21,"1",200,67.57,"0"
"req_004115","2026-10-06 18:17:29",18,"/api/v1/products","GET",7,2.94,24.16,44.81,0,19.13,"1",200,28.1,"0"
"req_004116","2026-10-06 18:18:43",18,"/api/v1/products","GET",36,9.12,29.4,38.38,1,75.19,"0",200,153.39,"0"
"req_004117","2026-10-06 18:19:25",18,"/api/v1/checkout","POST",66,10.29,36.14,35.77,8,59.02,"0",500,437.07,"0"
"req_004118","2026-10-06 18:22:12",18,"/api/v1/products","GET",9,3.95,6.67,52.95,1,35.5,"0",200,97.28,"0"
"req_004119","2026-10-06 18:23:05",18,"/api/v1/search","GET",44,9.8,43.46,45.73,0,61.07,"1",300,86.48,"0"
"req_004120","2026-10-06 18:23:09",18,"/api/v1/users","GET",31,6.25,27.23,56.16,0,33.45,"1",150,44.93,"0"
"req_004121","2026-10-06 18:28:51",18,"/api/v1/products","GET",179,7.88,58.74,62.5,2,32.27,"0",200,158.38,"0"
"req_004122","2026-10-06 18:32:39",18,"/api/v1/products","POST",40,5.4,22.92,45.63,1,25.74,"0",200,106.36,"0"
"req_004123","2026-10-06 18:34:56",18,"/api/v1/checkout","POST",33,2.64,29.5,54.18,4,33.56,"0",500,292.94,"0"
"req_004124","2026-10-06 18:35:15",18,"/api/v1/search","GET",56,4.16,22.64,48.44,8,56.1,"0",300,303.71,"1"
"req_004125","2026-10-06 18:37:58",18,"/api/v1/checkout","POST",22,2.27,27.26,44.66,8,41.39,"0",500,341.19,"0"
"req_004126","2026-10-06 18:40:29",18,"/api/v1/search","GET",60,0.63,26.2,42.8,7,28.93,"0",300,234.7,"0"
"req_004127","2026-10-06 18:44:48",18,"/api/v1/checkout","POST",56,2.46,48.39,51.09,4,38.17,"0",500,355.49,"0"
"req_004128","2026-10-06 18:45:14",18,"/api/v1/reports","GET",10,12.17,15.51,44.4,21,27.2,"0",800,757.28,"0"
"req_004129","2026-10-06 18:46:50",18,"/api/v1/products","GET",36,0.75,27.92,41.27,0,56.84,"1",200,75.21,"0"
"req_004130","2026-10-06 18:47:59",18,"/api/v1/users","GET",29,3.65,21.97,42.22,0,34.49,"1",150,51.41,"0"
"req_004131","2026-10-06 18:48:30",18,"/api/v1/search","GET",32,1.09,16.8,48.13,0,24.22,"1",300,43.71,"0"
"req_004132","2026-10-06 18:48:41",18,"/api/v1/products","GET",27,2.72,37.89,56.16,0,16.4,"1",200,24.51,"0"
"req_004133","2026-10-06 18:52:30",18,"/api/v1/reports","POST",121,6.22,42.42,46.9,12,31.47,"0",800,643.98,"0"
"req_004134","2026-10-06 18:55:15",18,"/api/v1/reports","GET",28,3.4,28.82,51.63,14,37.92,"0",800,592.3,"0"
"req_004135","2026-10-06 19:00:16",19,"/api/v1/users","POST",71,5.57,37.97,42.65,1,26.82,"0",150,100.56,"0"
"req_004136","2026-10-06 19:00:52",19,"/api/v1/checkout","POST",104,0.84,45.77,45.05,4,11.82,"0",500,312.64,"0"
"req_004137","2026-10-06 19:02:07",19,"/api/v1/products","GET",27,11.93,22.97,38.29,2,25.82,"0",200,114.11,"0"
"req_004138","2026-10-06 19:05:48",19,"/api/v1/search","GET",39,7.43,25.57,39.82,0,40.06,"1",300,59.68,"0"
"req_004139","2026-10-06 19:06:26",19,"/api/v1/users","POST",9,1.07,27.92,51.55,1,20.55,"0",150,74.02,"0"
"req_004140","2026-10-06 19:06:53",19,"/api/v1/products","POST",57,3.45,26.23,40.32,1,40.69,"0",200,126.12,"0"
"req_004141","2026-10-06 19:08:41",19,"/api/v1/products","GET",21,11.14,16.31,40.65,0,25.65,"1",200,39.22,"0"
"req_004142","2026-10-06 19:10:31",19,"/api/v1/users","GET",86,1.64,28.56,49.18,2,13.78,"0",150,111.88,"0"
"req_004143","2026-10-06 19:13:12",19,"/api/v1/products","GET",56,3.45,32.67,49.19,4,52.32,"0",200,181.85,"0"
"req_004144","2026-10-06 19:13:16",19,"/api/v1/reports","GET",68,6.22,43.62,53.83,16,11.75,"0",800,690.96,"0"
"req_004145","2026-10-06 19:14:06",19,"/api/v1/users","GET",86,2.95,34.52,55.12,0,46.9,"1",150,67.68,"0"
"req_004146","2026-10-06 19:15:34",19,"/api/v1/products","GET",41,0.68,33.48,48.59,0,35.32,"1",200,50.93,"0"
"req_004147","2026-10-06 19:16:24",19,"/api/v1/checkout","PUT",52,6.77,31.42,42.15,4,47.87,"0",500,334.32,"0"
"req_004148","2026-10-06 19:21:48",19,"/api/v1/search","GET",69,4.91,43.84,43,9,27.71,"0",300,306.33,"1"
"req_004149","2026-10-06 19:24:36",19,"/api/v1/search","GET",36,7.92,25.33,34.83,5,23,"0",300,202.88,"0"
"req_004150","2026-10-06 19:25:28",19,"/api/v1/search","GET",29,3.33,13.71,41.3,3,26.28,"0",300,163.91,"0"
"req_004151","2026-10-06 19:26:07",19,"/api/v1/search","GET",84,0.99,30.41,51.55,0,31.73,"1",300,61.08,"0"
"req_004152","2026-10-06 19:26:37",19,"/api/v1/search","GET",46,8.3,42.39,51.89,3,39.13,"0",300,215.89,"0"
"req_004153","2026-10-06 19:26:53",19,"/api/v1/products","GET",78,7.07,54.16,49.92,0,28.14,"1",200,43.82,"0"
"req_004154","2026-10-06 19:30:32",19,"/api/v1/search","GET",59,7.21,35.07,41.04,0,21.66,"1",300,54,"0"
"req_004155","2026-10-06 19:42:38",19,"/api/v1/reports","GET",32,4.36,21.54,43.03,10,42.52,"0",800,588.57,"0"
"req_004156","2026-10-06 19:43:44",19,"/api/v1/users","GET",41,6.3,38.38,38.61,0,26.68,"1",150,34.25,"0"
"req_004157","2026-10-06 19:47:39",19,"/api/v1/checkout","POST",58,2.72,36.99,52.4,7,35.9,"0",500,381.88,"0"
"req_004158","2026-10-06 19:47:59",19,"/api/v1/search","GET",42,6.18,46.07,56.82,0,36.21,"1",300,61.57,"0"
"req_004159","2026-10-06 19:53:35",19,"/api/v1/search","GET",30,1.81,20.04,43.6,6,32.01,"0",300,235.72,"0"
"req_004160","2026-10-06 19:55:04",19,"/api/v1/products","GET",13,3.07,39.84,57.82,0,23.56,"1",200,45.38,"0"
"req_004161","2026-10-06 19:59:57",19,"/api/v1/users","GET",86,1.81,45.24,47.1,0,46.89,"1",150,69.09,"0"
"req_004162","2026-10-06 20:01:33",20,"/api/v1/search","GET",23,1.72,33.29,41.43,5,36.9,"0",300,214.68,"0"
"req_004163","2026-10-06 20:03:14",20,"/api/v1/checkout","POST",32,8.59,28.91,37.12,2,45.84,"0",500,278.91,"0"
"req_004164","2026-10-06 20:04:50",20,"/api/v1/users","GET",35,1.75,29.56,47.84,2,39.93,"0",150,137.03,"0"
"req_004165","2026-10-06 20:09:23",20,"/api/v1/products","GET",61,1.33,41.15,42.64,0,18.2,"1",200,31.15,"0"
"req_004166","2026-10-06 20:10:29",20,"/api/v1/checkout","POST",42,4.29,24.25,33.89,9,55.91,"0",500,333.01,"0"
"req_004167","2026-10-06 20:12:46",20,"/api/v1/products","GET",34,2.72,20.88,38.59,0,29,"1",200,49.77,"0"
"req_004168","2026-10-06 20:19:37",20,"/api/v1/products","POST",25,3.46,27.85,42.56,2,7.8,"0",200,115.12,"0"
"req_004169","2026-10-06 20:19:44",20,"/api/v1/products","POST",77,2.11,46.94,72.56,3,33.81,"0",200,140.01,"0"
"req_004170","2026-10-06 20:19:50",20,"/api/v1/users","GET",48,4.75,31.82,46.86,0,50.85,"1",150,73.38,"0"
"req_004171","2026-10-06 20:20:57",20,"/api/v1/search","GET",289,1.81,72.3,59.6,0,23.83,"1",300,108.31,"0"
"req_004172","2026-10-06 20:25:43",20,"/api/v1/checkout","PUT",10,0.46,27.97,47.58,7,28.79,"0",500,331.2,"0"
"req_004173","2026-10-06 20:26:12",20,"/api/v1/products","GET",150,1.57,53.11,60.18,0,50.21,"1",200,71.05,"0"
"req_004174","2026-10-06 20:28:16",20,"/api/v1/checkout","POST",24,2.91,25.94,47.84,6,32.3,"0",500,320.94,"0"
"req_004175","2026-10-06 20:30:28",20,"/api/v1/users","GET",37,2.06,35.16,46.21,0,26.74,"1",150,37.96,"0"
"req_004176","2026-10-06 20:31:35",20,"/api/v1/search","GET",77,2.65,36.41,42.36,0,17.25,"1",300,45.24,"0"
"req_004177","2026-10-06 20:34:28",20,"/api/v1/search","GET",72,1.64,27.02,48.43,3,24.63,"0",300,196.37,"0"
"req_004178","2026-10-06 20:37:40",20,"/api/v1/users","GET",55,15.36,36.89,49.72,0,54.36,"1",150,72.88,"0"
"req_004179","2026-10-06 20:37:48",20,"/api/v1/checkout","POST",33,2.54,42.12,53.56,1,32.36,"0",500,262.97,"0"
"req_004180","2026-10-06 20:38:16",20,"/api/v1/search","GET",28,4.43,39.01,48.95,0,27.38,"1",300,62.19,"0"
"req_004181","2026-10-06 20:38:18",20,"/api/v1/checkout","POST",362,17.61,84.84,73.54,5,31.38,"0",500,1363.96,"1"
"req_004182","2026-10-06 20:40:16",20,"/api/v1/search","GET",5,4.42,19.38,47.77,3,56.31,"0",300,210.76,"0"
"req_004183","2026-10-06 20:42:07",20,"/api/v1/search","GET",59,4.96,26.84,38.58,0,43.27,"1",300,79.23,"0"
"req_004184","2026-10-06 20:43:37",20,"/api/v1/checkout","POST",61,4.8,36.52,31.6,4,25.97,"0",500,295.25,"0"
"req_004185","2026-10-06 20:44:04",20,"/api/v1/products","GET",42,4.85,22.45,43.88,2,21.46,"0",200,121.41,"0"
"req_004186","2026-10-06 20:44:17",20,"/api/v1/reports","GET",50,1.76,21.13,48.85,10,10.08,"0",800,490.95,"0"
"req_004187","2026-10-06 20:44:46",20,"/api/v1/checkout","POST",60,3.73,42.54,51.15,6,39.97,"0",500,351.41,"0"
"req_004188","2026-10-06 20:45:39",20,"/api/v1/search","GET",57,1.94,46.65,47.17,8,35.79,"0",300,285.47,"0"
"req_004189","2026-10-06 20:51:09",20,"/api/v1/users","POST",63,1.87,36.22,52.46,3,26.34,"0",150,113.38,"0"
"req_004190","2026-10-06 20:52:52",20,"/api/v1/reports","GET",183,5.86,50.47,52.58,11,40.93,"0",800,606.27,"0"
"req_004191","2026-10-06 20:53:10",20,"/api/v1/products","GET",17,0.76,22.83,43.78,0,21.93,"1",200,40.56,"0"
"req_004192","2026-10-06 20:53:37",20,"/api/v1/search","GET",42,8.7,26.84,39.85,1,17.95,"0",300,148.84,"0"
"req_004193","2026-10-06 20:59:16",20,"/api/v1/users","GET",35,15.15,20.26,38.64,3,29.79,"0",150,111.64,"0"
"req_004194","2026-10-06 20:59:25",20,"/api/v1/checkout","POST",50,21.86,28.68,50.27,5,29.41,"0",500,340.18,"0"
"req_004195","2026-10-06 21:03:43",21,"/api/v1/products","GET",43,1.51,44.17,48.17,0,30.25,"1",200,41.62,"0"
"req_004196","2026-10-06 21:04:25",21,"/api/v1/search","GET",19,7.55,40.67,50.49,5,42.03,"0",300,271.16,"0"
"req_004197","2026-10-06 21:05:01",21,"/api/v1/products","GET",34,3.87,40.4,45.45,0,40.6,"1",200,50.59,"0"
"req_004198","2026-10-06 21:06:06",21,"/api/v1/products","GET",54,3.34,32.24,54.23,0,47.14,"1",200,56.64,"0"
"req_004199","2026-10-06 21:07:03",21,"/api/v1/products","GET",42,1.98,38.31,38.4,2,32.48,"0",200,117.53,"0"
"req_004200","2026-10-06 21:07:44",21,"/api/v1/search","GET",70,13.05,46.47,48.17,0,30.31,"1",300,73.34,"0"
"req_004201","2026-10-06 21:08:07",21,"/api/v1/products","GET",77,1.89,46.77,44.26,0,30.27,"1",200,49.81,"0"
"req_004202","2026-10-06 21:11:50",21,"/api/v1/products","GET",31,5.1,25.47,35.88,0,42.84,"1",200,54.19,"0"
"req_004203","2026-10-06 21:14:50",21,"/api/v1/checkout","POST",23,9.28,36.52,41.94,2,15.4,"0",500,252.16,"0"
"req_004204","2026-10-06 21:15:00",21,"/api/v1/checkout","POST",32,1.76,18.58,46.33,5,51.14,"0",500,287.08,"0"
"req_004205","2026-10-06 21:18:21",21,"/api/v1/users","GET",37,5.44,24.54,38.09,1,57.13,"0",150,118.71,"0"
"req_004206","2026-10-06 21:18:56",21,"/api/v1/products","GET",17,4.39,30.41,41.72,0,33,"1",200,35.78,"0"
"req_004207","2026-10-06 21:21:44",21,"/api/v1/products","POST",16,2.02,31.77,46.18,4,29.23,"0",200,154.73,"0"
"req_004208","2026-10-06 21:22:38",21,"/api/v1/reports","GET",19,14,27.74,47.83,8,11.28,"0",800,539.25,"0"
"req_004209","2026-10-06 21:25:32",21,"/api/v1/products","GET",98,3.48,32.12,37.83,2,29.37,"0",200,113.23,"0"
"req_004210","2026-10-06 21:29:07",21,"/api/v1/checkout","POST",74,0.2,47.91,50.26,4,31.81,"0",500,316.94,"0"
"req_004211","2026-10-06 21:29:57",21,"/api/v1/products","GET",88,6.64,43.94,47.28,0,2,"1",200,20.33,"0"
"req_004212","2026-10-06 21:32:09",21,"/api/v1/checkout","POST",33,12.78,21.95,50.61,2,28.17,"0",500,252.8,"0"
"req_004213","2026-10-06 21:32:50",21,"/api/v1/search","GET",21,4.65,25.01,38.66,0,30.15,"1",300,51.72,"0"
"req_004214","2026-10-06 21:34:12",21,"/api/v1/search","GET",52,4.44,28.15,50.15,5,36.16,"0",300,239.33,"0"
"req_004215","2026-10-06 21:36:09",21,"/api/v1/search","POST",111,5.9,35.79,57.7,7,9.31,"0",300,273.68,"0"
"req_004216","2026-10-06 21:45:29",21,"/api/v1/products","POST",37,7.36,33.36,48.23,7,13.49,"0",200,178.81,"0"
"req_004217","2026-10-06 21:46:37",21,"/api/v1/users","POST",58,4.92,32.92,41.94,1,38.26,"0",150,109.9,"0"
"req_004218","2026-10-06 21:46:48",21,"/api/v1/users","GET",55,9.99,30.89,39.96,0,26.08,"1",150,31.75,"0"
"req_004219","2026-10-06 21:46:57",21,"/api/v1/users","GET",87,1.63,44.35,49.72,1,69.81,"0",150,141.91,"0"
"req_004220","2026-10-06 21:48:04",21,"/api/v1/users","GET",36,4.71,28.96,45.3,1,32.01,"0",150,84.27,"0"
"req_004221","2026-10-06 21:49:11",21,"/api/v1/search","GET",55,5.47,40.04,42.08,0,30.47,"1",300,63.58,"0"
"req_004222","2026-10-06 21:49:11",21,"/api/v1/products","GET",30,2.56,33.29,50.77,0,73.05,"1",200,94.28,"0"
"req_004223","2026-10-06 21:49:42",21,"/api/v1/products","GET",67,9.01,35.26,49.21,2,20.24,"0",200,117.33,"0"
"req_004224","2026-10-06 21:51:12",21,"/api/v1/products","GET",25,8.1,27.73,52.54,0,33.32,"1",200,48.8,"0"
"req_004225","2026-10-06 21:52:03",21,"/api/v1/users","GET",49,23.76,32.6,39.16,0,45.43,"1",150,62.97,"0"
"req_004226","2026-10-06 21:52:56",21,"/api/v1/reports","GET",113,10.96,26.11,41.46,15,50.66,"0",800,698.77,"0"
"req_004227","2026-10-06 21:53:03",21,"/api/v1/users","GET",40,1.43,37.27,45.01,0,42.65,"1",150,60.03,"0"
"req_004228","2026-10-06 21:55:13",21,"/api/v1/products","GET",227,6.55,65.44,54.18,2,23.91,"0",200,159.19,"0"
"req_004229","2026-10-06 21:56:35",21,"/api/v1/products","GET",35,12.26,35.5,43.12,0,18.21,"1",200,42.65,"0"
"req_004230","2026-10-06 21:57:52",21,"/api/v1/checkout","POST",66,2.88,23.59,48.01,6,46.41,"0",500,330.91,"0"
"req_004231","2026-10-06 22:00:11",22,"/api/v1/products","GET",17,5.98,38.05,39.89,1,52.66,"0",200,134.88,"0"
"req_004232","2026-10-06 22:03:02",22,"/api/v1/products","GET",41,5.09,38.4,51.21,1,48.41,"0",200,123.33,"0"
"req_004233","2026-10-06 22:04:47",22,"/api/v1/users","GET",16,0.58,34.92,42.18,0,38.68,"1",150,43.07,"0"
"req_004234","2026-10-06 22:06:40",22,"/api/v1/reports","GET",25,5.8,27.09,53.13,13,41.65,"0",800,618.09,"0"
"req_004235","2026-10-06 22:09:06",22,"/api/v1/products","GET",18,2.08,35.89,44.53,0,14.42,"1",200,29.1,"0"
"req_004236","2026-10-06 22:12:41",22,"/api/v1/users","GET",12,1.67,25.92,43.03,0,19.01,"1",150,24.96,"0"
"req_004237","2026-10-06 22:13:07",22,"/api/v1/users","GET",35,1.28,43.21,35.38,0,17.77,"1",150,23.21,"0"
"req_004238","2026-10-06 22:13:39",22,"/api/v1/reports","GET",11,11.62,15.32,46.92,14,48.23,"0",800,630.23,"0"
"req_004239","2026-10-06 22:16:22",22,"/api/v1/products","GET",36,3.64,39.27,44.17,1,45.01,"0",200,120.02,"0"
"req_004240","2026-10-06 22:18:52",22,"/api/v1/products","GET",97,3.08,39.12,43.7,0,22.21,"1",200,36.3,"0"
"req_004241","2026-10-06 22:21:07",22,"/api/v1/search","GET",51,9.81,38.89,40.28,7,24.9,"0",300,269.24,"0"
"req_004242","2026-10-06 22:21:28",22,"/api/v1/products","GET",22,7.1,23.78,43.24,1,71.68,"0",200,141.12,"0"
"req_004243","2026-10-06 22:26:50",22,"/api/v1/users","GET",22,11.51,45.4,35.58,0,84.13,"1",150,98.84,"0"
"req_004244","2026-10-06 22:29:05",22,"/api/v1/products","GET",79,0.7,45.22,52.79,0,11.91,"1",200,25.78,"0"
"req_004245","2026-10-06 22:30:22",22,"/api/v1/checkout","POST",11,6.09,38.46,48.35,5,16.33,"0",500,321.11,"0"
"req_004246","2026-10-06 22:33:20",22,"/api/v1/products","GET",42,4.97,32.65,56.52,3,66.63,"0",200,169.49,"0"
"req_004247","2026-10-06 22:33:55",22,"/api/v1/search","GET",14,3.37,21.38,41.98,0,26.68,"1",300,51.14,"0"
"req_004248","2026-10-06 22:38:00",22,"/api/v1/reports","GET",48,2,30.34,35.65,20,19.79,"0",800,741.71,"0"
"req_004249","2026-10-06 22:38:37",22,"/api/v1/users","GET",13,5.65,23.11,41.53,0,48.04,"1",150,62.02,"0"
"req_004250","2026-10-06 22:40:35",22,"/api/v1/search","POST",58,1.89,33.97,49.45,5,26.79,"0",300,238.27,"0"
"req_004251","2026-10-06 22:40:57",22,"/api/v1/users","POST",19,1.13,29.33,44.38,4,34.31,"0",150,132.24,"0"
"req_004252","2026-10-06 22:41:09",22,"/api/v1/users","GET",61,2.7,34.38,45.22,0,43.95,"1",150,58.28,"0"
"req_004253","2026-10-06 22:41:35",22,"/api/v1/search","POST",113,1.64,51.67,52.05,9,34.16,"0",300,267.28,"0"
"req_004254","2026-10-06 22:42:53",22,"/api/v1/products","GET",14,7.42,27.89,48.79,4,7.49,"0",200,145.5,"0"
"req_004255","2026-10-06 22:47:20",22,"/api/v1/checkout","POST",24,3.81,29.7,32.08,5,42.97,"0",500,327.74,"0"
"req_004256","2026-10-06 22:47:54",22,"/api/v1/users","GET",19,3.51,22.88,39.43,1,18.07,"0",150,72.98,"0"
"req_004257","2026-10-06 22:51:51",22,"/api/v1/search","POST",51,1.36,38,43.09,5,26.8,"0",300,232.03,"0"
"req_004258","2026-10-06 22:53:12",22,"/api/v1/users","GET",93,8.56,39.35,45.07,1,26.13,"0",150,99.24,"0"
"req_004259","2026-10-06 22:55:56",22,"/api/v1/search","POST",50,25.43,45.75,46.82,2,47.41,"0",300,209.77,"0"
"req_004260","2026-10-06 23:01:39",23,"/api/v1/search","GET",500,4.94,94.09,88.11,2,29.42,"0",300,1715.49,"1"
"req_004261","2026-10-06 23:07:25",23,"/api/v1/products","GET",41,1.88,32.62,45.94,2,42.23,"0",200,143.58,"0"
"req_004262","2026-10-06 23:08:32",23,"/api/v1/checkout","PUT",50,0.95,28.11,55.02,10,29.69,"0",500,356.3,"0"
"req_004263","2026-10-06 23:16:06",23,"/api/v1/users","GET",40,1.32,34.47,38.03,2,37.76,"0",150,116.18,"0"
"req_004264","2026-10-06 23:18:08",23,"/api/v1/users","POST",71,4.68,47.82,44.24,1,39.04,"0",150,105.56,"0"
"req_004265","2026-10-06 23:19:49",23,"/api/v1/products","GET",40,10.78,41.38,49.54,2,47.48,"0",200,147.86,"0"
"req_004266","2026-10-06 23:22:01",23,"/api/v1/checkout","PUT",37,12.42,28.18,51.49,7,21,"0",500,340.34,"0"
"req_004267","2026-10-06 23:22:14",23,"/api/v1/users","GET",31,2.04,39.56,43.04,1,22.14,"0",150,85.62,"0"
"req_004268","2026-10-06 23:23:55",23,"/api/v1/reports","GET",25,2.04,16.13,49.18,19,33.42,"0",800,661.02,"0"
"req_004269","2026-10-06 23:24:02",23,"/api/v1/products","GET",122,14.03,53.23,54.69,2,43.37,"0",200,157.61,"0"
"req_004270","2026-10-06 23:24:15",23,"/api/v1/checkout","POST",71,3.14,43.9,52.18,14,7.33,"0",500,431.63,"0"
"req_004271","2026-10-06 23:30:52",23,"/api/v1/users","GET",125,2.69,41.24,56.87,0,28.54,"1",150,42.77,"0"
"req_004272","2026-10-06 23:32:26",23,"/api/v1/checkout","PUT",31,18.64,27.56,46.81,3,15.23,"0",500,262.85,"0"
"req_004273","2026-10-06 23:33:31",23,"/api/v1/products","GET",56,1.53,32.71,43.24,0,8.17,"1",200,26.38,"0"
"req_004274","2026-10-06 23:33:38",23,"/api/v1/search","GET",59,1.35,24.34,33.51,4,37.22,"0",300,205.83,"0"
"req_004275","2026-10-06 23:33:56",23,"/api/v1/users","GET",13,12.72,27.27,48.65,0,83.04,"1",150,90.85,"0"
"req_004276","2026-10-06 23:35:01",23,"/api/v1/checkout","PUT",93,10.8,40.29,59.84,3,71.1,"0",500,345.72,"0"
"req_004277","2026-10-06 23:35:02",23,"/api/v1/reports","GET",47,3.47,33.02,51.13,17,27.19,"0",800,695.75,"0"
"req_004278","2026-10-06 23:38:37",23,"/api/v1/products","GET",65,3.1,38.63,47.61,0,25.59,"1",200,32,"0"
"req_004279","2026-10-06 23:39:34",23,"/api/v1/reports","GET",72,0.63,30.72,35.15,12,16.12,"0",800,668.85,"0"
"req_004280","2026-10-06 23:44:18",23,"/api/v1/search","GET",51,3.97,30.52,47.76,0,25.79,"1",300,54.6,"0"
"req_004281","2026-10-06 23:46:07",23,"/api/v1/products","GET",15,1.52,19.76,47.19,0,64.25,"1",200,69.09,"0"
"req_004282","2026-10-06 23:46:15",23,"/api/v1/search","GET",74,3.35,46.99,50.88,0,16.65,"1",300,49.35,"0"
"req_004283","2026-10-06 23:46:21",23,"/api/v1/products","GET",75,18.88,46.59,43.01,0,25.33,"1",200,53.63,"0"
"req_004284","2026-10-06 23:47:15",23,"/api/v1/products","GET",39,9.78,29.17,43.8,0,33.36,"1",200,50.57,"0"
"req_004285","2026-10-06 23:50:37",23,"/api/v1/products","GET",78,7.07,31.4,42.07,0,24.08,"1",200,46.38,"0"
"req_004286","2026-10-06 23:51:48",23,"/api/v1/reports","POST",46,2.87,28.91,41.99,11,30.52,"0",800,578.72,"0"
"req_004287","2026-10-06 23:54:23",23,"/api/v1/products","GET",13,2.9,35.77,37.09,0,67.45,"1",200,76.51,"0"
"req_004288","2026-10-06 23:55:59",23,"/api/v1/users","GET",72,3.51,33.73,46.82,2,25.23,"0",150,100.71,"0"
"req_004289","2026-10-06 23:58:02",23,"/api/v1/reports","GET",57,5.87,14.26,51.39,12,68.21,"0",800,577.27,"0"
"req_004290","2026-10-06 23:59:32",23,"/api/v1/products","GET",101,17.58,52.43,49.26,0,53.79,"1",200,65.43,"0"
"req_004291","2026-10-07 00:05:20",0,"/api/v1/checkout","POST",18,1.59,36.36,39.69,5,40.48,"0",500,329.47,"0"
"req_004292","2026-10-07 00:07:54",0,"/api/v1/search","GET",26,6.54,29.55,36.52,0,3.37,"1",300,22.63,"0"
"req_004293","2026-10-07 00:08:33",0,"/api/v1/users","GET",17,11.56,20.14,43.32,0,34.28,"1",150,37.63,"0"
"req_004294","2026-10-07 00:08:48",0,"/api/v1/checkout","PUT",26,10.38,20.24,41.4,4,23.91,"0",500,290.92,"0"
"req_004295","2026-10-07 00:12:06",0,"/api/v1/checkout","POST",72,5.53,38.62,50.31,6,54.75,"0",500,404.55,"0"
"req_004296","2026-10-07 00:17:34",0,"/api/v1/users","GET",85,6.81,41.82,58.36,2,31.04,"0",150,115.48,"0"
"req_004297","2026-10-07 00:18:36",0,"/api/v1/reports","GET",36,42.5,38.55,34.54,7,37.71,"0",800,612.21,"0"
"req_004298","2026-10-07 00:28:46",0,"/api/v1/users","GET",28,4.2,37.06,47.53,0,21.47,"1",150,45.2,"0"
"req_004299","2026-10-07 00:30:59",0,"/api/v1/search","GET",20,4.69,27.25,52.1,2,22.29,"0",300,160.74,"0"
"req_004300","2026-10-07 00:31:00",0,"/api/v1/checkout","POST",177,31.28,55.27,63.61,6,38.55,"0",500,414.52,"0"
"req_004301","2026-10-07 00:32:35",0,"/api/v1/reports","GET",93,2.43,37.92,46.79,11,55.35,"0",800,660.9,"0"
"req_004302","2026-10-07 00:33:10",0,"/api/v1/users","GET",20,10.59,34.34,40.69,2,44.52,"0",150,117.37,"0"
"req_004303","2026-10-07 00:33:34",0,"/api/v1/products","GET",50,70.32,27.47,44.58,0,30.83,"1",200,48.98,"0"
"req_004304","2026-10-07 00:34:18",0,"/api/v1/products","GET",38,2.99,25.13,48.37,1,30,"0",200,117.64,"0"
"req_004305","2026-10-07 00:35:57",0,"/api/v1/products","GET",45,3.18,27.23,56.71,2,34.15,"0",200,132.51,"0"
"req_004306","2026-10-07 00:36:06",0,"/api/v1/users","GET",59,6.17,30.57,50.88,2,72.35,"0",150,173.05,"1"
"req_004307","2026-10-07 00:40:29",0,"/api/v1/checkout","POST",230,3.09,54.72,65.9,9,39.29,"0",500,519.28,"1"
"req_004308","2026-10-07 00:41:14",0,"/api/v1/reports","GET",100,35.98,34.83,59.35,19,17.18,"0",800,790.39,"0"
"req_004309","2026-10-07 00:42:24",0,"/api/v1/checkout","POST",60,7.07,42.51,55.8,5,42.1,"0",500,345.73,"0"
"req_004310","2026-10-07 00:43:32",0,"/api/v1/search","GET",22,12.59,38.78,59.41,5,40.56,"0",300,226.23,"0"
"req_004311","2026-10-07 00:44:03",0,"/api/v1/checkout","POST",146,19.06,62.91,46.95,5,56.58,"0",500,416.56,"0"
"req_004312","2026-10-07 00:48:23",0,"/api/v1/search","GET",72,11.94,34.68,59.91,0,33.59,"1",300,55.23,"0"
"req_004313","2026-10-07 00:49:27",0,"/api/v1/search","GET",56,21.35,47.94,52.23,9,44.17,"0",300,289.68,"0"
"req_004314","2026-10-07 00:52:35",0,"/api/v1/reports","GET",34,2.19,21.23,45.95,13,31.76,"0",800,495.23,"0"
"req_004315","2026-10-07 00:57:54",0,"/api/v1/users","GET",15,5.66,40.79,45.66,0,20.06,"1",150,33.37,"0"
"req_004316","2026-10-07 00:58:07",0,"/api/v1/users","POST",88,10.45,39.03,52.32,3,22.62,"0",150,142.55,"0"
"req_004317","2026-10-07 00:59:57",0,"/api/v1/checkout","POST",40,3.89,34.26,34.56,2,24.26,"0",500,283.37,"0"
"req_004318","2026-10-07 01:02:17",1,"/api/v1/products","POST",104,4.52,40.12,53.24,1,37.71,"0",200,125.15,"0"
"req_004319","2026-10-07 01:02:25",1,"/api/v1/reports","GET",101,3.41,44.62,50.63,15,30.74,"0",800,726.16,"0"
"req_004320","2026-10-07 01:04:27",1,"/api/v1/checkout","POST",43,5.21,42.52,47.16,3,30.55,"0",500,285.7,"0"
"req_004321","2026-10-07 01:08:16",1,"/api/v1/checkout","POST",32,6.39,33.06,44.59,5,40.41,"0",500,361.04,"0"
"req_004322","2026-10-07 01:12:28",1,"/api/v1/products","GET",131,1.07,48.03,53.08,0,41.05,"1",200,50.91,"0"
"req_004323","2026-10-07 01:17:30",1,"/api/v1/products","GET",71,4.72,32.02,50.52,0,21.66,"1",200,37.81,"0"
"req_004324","2026-10-07 01:19:46",1,"/api/v1/reports","GET",53,0.42,36.16,50.71,12,27.28,"0",800,664.29,"0"
"req_004325","2026-10-07 01:20:52",1,"/api/v1/search","GET",118,2.73,37.93,44.68,0,46.17,"1",300,71.14,"0"
"req_004326","2026-10-07 01:24:00",1,"/api/v1/products","POST",197,0.57,56.23,66.8,3,32.4,"0",200,176.59,"0"
"req_004327","2026-10-07 01:25:14",1,"/api/v1/users","GET",15,3.97,17.3,51.97,0,23.02,"1",150,28.64,"0"
"req_004328","2026-10-07 01:27:39",1,"/api/v1/users","GET",59,4.62,46.69,41.21,0,61.16,"1",150,79.38,"0"
"req_004329","2026-10-07 01:29:43",1,"/api/v1/users","GET",100,3.22,35.39,54.62,1,35.96,"0",150,102.37,"0"
"req_004330","2026-10-07 01:32:49",1,"/api/v1/reports","GET",27,2.56,19.35,34.93,25,23.34,"0",800,733.22,"0"
"req_004331","2026-10-07 01:36:40",1,"/api/v1/users","GET",30,0.62,23.16,50.45,0,25.25,"1",150,31.52,"0"
"req_004332","2026-10-07 01:37:09",1,"/api/v1/products","GET",17,7.63,14.67,33.64,0,70.48,"1",200,84.41,"0"
"req_004333","2026-10-07 01:37:55",1,"/api/v1/products","GET",42,25.95,42.79,33.64,0,40.19,"1",200,55.66,"0"
"req_004334","2026-10-07 01:43:40",1,"/api/v1/users","GET",28,1.72,31.05,47.13,0,10.64,"1",150,17.86,"0"
"req_004335","2026-10-07 01:43:50",1,"/api/v1/search","POST",18,3,34.17,50.23,1,41.27,"0",300,163.03,"0"
"req_004336","2026-10-07 01:44:01",1,"/api/v1/products","GET",164,5.19,53.26,61.84,4,38.49,"0",200,198.72,"0"
"req_004337","2026-10-07 01:46:36",1,"/api/v1/reports","GET",18,2.47,29.99,45.09,14,37.2,"0",800,630.65,"0"
"req_004338","2026-10-07 01:47:44",1,"/api/v1/products","GET",47,5.53,29.64,44.01,0,38.44,"1",200,68.01,"0"
"req_004339","2026-10-07 01:53:38",1,"/api/v1/reports","GET",48,10.11,28.1,41.68,11,24.5,"0",800,607.37,"0"
"req_004340","2026-10-07 01:54:10",1,"/api/v1/products","GET",68,10.82,30.69,46.9,0,50.07,"1",200,68.45,"0"
"req_004341","2026-10-07 01:54:19",1,"/api/v1/search","GET",19,0.85,19.72,42.65,10,24.69,"0",300,263.86,"0"
"req_004342","2026-10-07 01:56:19",1,"/api/v1/search","GET",57,4.69,36.74,45.48,0,20.56,"1",300,53.93,"0"
"req_004343","2026-10-07 01:59:24",1,"/api/v1/products","GET",256,11.97,76.03,57.4,0,40.43,"1",200,102.53,"0"
"req_004344","2026-10-07 02:00:05",2,"/api/v1/products","GET",137,11,43.23,46.5,0,39.96,"1",200,62.17,"0"
"req_004345","2026-10-07 02:03:49",2,"/api/v1/products","GET",26,7.36,30.57,42,3,20.98,"0",200,132.89,"0"
"req_004346","2026-10-07 02:04:01",2,"/api/v1/users","POST",36,21.04,37.12,33.74,3,33.97,"0",150,129.53,"0"
"req_004347","2026-10-07 02:04:43",2,"/api/v1/products","GET",56,1.25,24.84,56.04,0,18.9,"1",200,38.33,"0"
"req_004348","2026-10-07 02:04:58",2,"/api/v1/search","POST",77,8.42,37.65,37.21,7,22.52,"0",300,213.51,"0"
"req_004349","2026-10-07 02:06:45",2,"/api/v1/search","GET",61,1.15,32.66,47.01,4,18.88,"0",300,196.84,"0"
"req_004350","2026-10-07 02:08:01",2,"/api/v1/users","POST",39,6.22,28.15,43.6,1,63.52,"0",150,110.2,"0"
"req_004351","2026-10-07 02:11:42",2,"/api/v1/users","POST",81,17.54,41.6,43.12,1,22.67,"0",150,100.02,"0"
"req_004352","2026-10-07 02:15:33",2,"/api/v1/checkout","PUT",30,3.44,37.5,38.98,5,16.45,"0",500,335.11,"0"
"req_004353","2026-10-07 02:17:31",2,"/api/v1/reports","GET",49,2.65,35.85,43.55,11,21.78,"0",800,553.04,"0"
"req_004354","2026-10-07 02:17:39",2,"/api/v1/search","GET",57,0.51,32.47,39.78,8,33.16,"0",300,293.69,"0"
"req_004355","2026-10-07 02:25:01",2,"/api/v1/users","POST",47,1.91,30.1,45.32,1,31.25,"0",150,102.82,"0"
"req_004356","2026-10-07 02:30:27",2,"/api/v1/users","GET",85,6.17,44.58,52.95,0,49.99,"1",150,63.39,"0"
"req_004357","2026-10-07 02:31:46",2,"/api/v1/search","GET",26,5.33,25.56,53.33,0,51.91,"1",300,85.27,"0"
"req_004358","2026-10-07 02:35:53",2,"/api/v1/search","GET",28,7.32,30.6,57.6,0,39.15,"1",300,63.16,"0"
"req_004359","2026-10-07 02:36:17",2,"/api/v1/users","GET",54,2.16,25.08,47.72,0,24.7,"1",150,36.64,"0"
"req_004360","2026-10-07 02:37:14",2,"/api/v1/products","GET",32,1.01,24.14,39.74,0,56.31,"1",200,74.18,"0"
"req_004361","2026-10-07 02:39:18",2,"/api/v1/products","POST",71,3.25,23.97,38.35,5,54.51,"0",200,187.19,"0"
"req_004362","2026-10-07 02:39:19",2,"/api/v1/reports","GET",18,3.62,23.44,36.11,9,24.33,"0",800,521.78,"0"
"req_004363","2026-10-07 02:39:26",2,"/api/v1/checkout","POST",36,21.65,25.1,37.7,6,17.9,"0",500,356.82,"0"
"req_004364","2026-10-07 02:41:18",2,"/api/v1/search","GET",11,3.52,24.18,37.46,0,65.87,"1",300,90.69,"0"
"req_004365","2026-10-07 02:46:36",2,"/api/v1/products","GET",182,5.62,66.85,64.77,0,23.84,"1",200,46.26,"0"
"req_004366","2026-10-07 02:48:12",2,"/api/v1/users","GET",55,2.78,40.87,43.11,0,19.41,"1",150,35.04,"0"
"req_004367","2026-10-07 02:50:14",2,"/api/v1/users","GET",52,0.96,38.97,39.09,1,38.84,"0",150,119.58,"0"
"req_004368","2026-10-07 02:50:18",2,"/api/v1/users","GET",33,2.56,25.65,47.46,0,15.9,"1",150,35.92,"0"
"req_004369","2026-10-07 02:54:35",2,"/api/v1/users","GET",37,26.07,27.18,44.37,0,24.16,"1",150,47.81,"0"
"req_004370","2026-10-07 02:56:38",2,"/api/v1/products","GET",12,14.36,25.45,53.94,0,28.52,"1",200,36.58,"0"
"req_004371","2026-10-07 02:59:07",2,"/api/v1/products","GET",42,20.86,38.09,45.83,0,14.94,"1",200,37.37,"0"
"req_004372","2026-10-07 03:02:25",3,"/api/v1/checkout","POST",34,10.04,25.53,54.81,6,37.29,"0",500,345.38,"0"
"req_004373","2026-10-07 03:02:29",3,"/api/v1/search","GET",62,1.27,39.84,45.24,6,37.12,"0",300,237.07,"0"
"req_004374","2026-10-07 03:05:49",3,"/api/v1/search","GET",29,4.74,21.82,38.29,2,15.79,"0",300,157.42,"0"
"req_004375","2026-10-07 03:09:03",3,"/api/v1/search","GET",58,4.93,22.79,40.75,0,32.71,"1",300,62.16,"0"
"req_004376","2026-10-07 03:11:27",3,"/api/v1/products","GET",54,5.4,35.49,38.2,1,42.02,"0",200,126.22,"0"
"req_004377","2026-10-07 03:14:59",3,"/api/v1/products","GET",156,12.66,65.22,46.44,0,34.3,"1",200,66.57,"0"
"req_004378","2026-10-07 03:16:47",3,"/api/v1/checkout","POST",65,0.42,28.79,34.48,7,34.44,"0",500,340.77,"0"
"req_004379","2026-10-07 03:17:59",3,"/api/v1/reports","GET",93,2.42,42.78,52.49,16,34.53,"0",800,745.61,"0"
"req_004380","2026-10-07 03:20:27",3,"/api/v1/checkout","POST",70,3.22,23.37,44.56,1,44.38,"0",500,263.85,"0"
"req_004381","2026-10-07 03:20:59",3,"/api/v1/products","GET",26,5.91,26.93,45.09,0,61.95,"1",200,79.46,"0"
"req_004382","2026-10-07 03:22:41",3,"/api/v1/users","GET",30,5.4,18.56,37.45,0,43.05,"1",150,54.56,"0"
"req_004383","2026-10-07 03:23:16",3,"/api/v1/products","GET",39,0.37,20.25,41.06,0,19.16,"1",200,33.34,"0"
"req_004384","2026-10-07 03:26:14",3,"/api/v1/products","GET",18,7.83,35.44,47.52,0,22.67,"1",200,47.64,"0"
"req_004385","2026-10-07 03:31:49",3,"/api/v1/products","GET",96,3.5,46.21,49.29,0,47.23,"1",200,64.14,"0"
"req_004386","2026-10-07 03:32:42",3,"/api/v1/products","GET",43,5.9,13.4,44.31,0,50.23,"1",200,70.15,"0"
"req_004387","2026-10-07 03:34:46",3,"/api/v1/products","GET",47,1.24,44.53,43.96,0,37.52,"1",200,53.51,"0"
"req_004388","2026-10-07 03:37:26",3,"/api/v1/search","GET",54,1.33,30.72,37.42,4,28.48,"0",300,182.8,"0"
"req_004389","2026-10-07 03:38:11",3,"/api/v1/checkout","POST",111,5.94,41.77,56.44,7,25.76,"0",500,394.97,"0"
"req_004390","2026-10-07 03:41:44",3,"/api/v1/search","GET",35,4.24,35.9,35.77,7,48.74,"0",300,270.12,"0"
"req_004391","2026-10-07 03:42:00",3,"/api/v1/users","GET",21,5.43,13.31,43.46,0,22.21,"1",150,30.03,"0"
"req_004392","2026-10-07 03:42:51",3,"/api/v1/products","GET",70,1.68,39.81,49.13,1,23.84,"0",200,111.88,"0"
"req_004393","2026-10-07 03:43:09",3,"/api/v1/users","GET",20,0.75,35.44,39.71,1,20.27,"0",150,72.52,"0"
"req_004394","2026-10-07 03:43:39",3,"/api/v1/users","GET",39,2.64,32.53,46.53,0,56.76,"1",150,64.23,"0"
"req_004395","2026-10-07 03:43:46",3,"/api/v1/users","GET",47,2.53,27.31,37.7,2,35.61,"0",150,119.1,"0"
"req_004396","2026-10-07 03:46:26",3,"/api/v1/search","POST",13,2.15,40.63,33.54,5,51.65,"0",300,234.7,"0"
"req_004397","2026-10-07 03:47:51",3,"/api/v1/products","GET",43,2.4,32.49,57.46,3,26.86,"0",200,142.35,"0"
"req_004398","2026-10-07 03:53:17",3,"/api/v1/search","GET",103,10.92,30.65,51.35,5,58.42,"0",300,274.67,"0"
"req_004399","2026-10-07 03:54:23",3,"/api/v1/search","GET",71,3.88,39.71,48.73,3,42.53,"0",300,205.14,"0"
"req_004400","2026-10-07 03:55:09",3,"/api/v1/reports","GET",69,2.83,35.4,42.97,9,36.91,"0",800,577.94,"0"
"req_004401","2026-10-07 03:58:58",3,"/api/v1/search","POST",43,1.28,31.28,46.19,5,31.59,"0",300,243.24,"0"
"req_004402","2026-10-07 04:01:20",4,"/api/v1/reports","GET",62,3.17,27.56,59.17,7,33.55,"0",800,551.24,"0"
"req_004403","2026-10-07 04:02:44",4,"/api/v1/users","GET",31,2.26,30.29,43.27,0,32.89,"1",150,45.96,"0"
"req_004404","2026-10-07 04:03:40",4,"/api/v1/checkout","POST",132,1.32,42.15,51.2,6,27.11,"0",500,381.35,"0"
"req_004405","2026-10-07 04:08:58",4,"/api/v1/users","GET",39,4.28,36.79,52.32,0,23.62,"1",150,37.96,"0"
"req_004406","2026-10-07 04:09:56",4,"/api/v1/products","GET",162,25.19,52.29,62.64,0,12,"1",200,43.45,"0"
"req_004407","2026-10-07 04:10:50",4,"/api/v1/products","POST",10,3.78,34.07,58.1,2,44.03,"0",200,131.17,"0"
"req_004408","2026-10-07 04:12:32",4,"/api/v1/checkout","POST",32,4.61,32.9,52.58,8,30.9,"0",500,337.68,"0"
"req_004409","2026-10-07 04:16:41",4,"/api/v1/checkout","POST",55,4.49,53.36,42.1,7,41.7,"0",500,388.89,"0"
"req_004410","2026-10-07 04:16:56",4,"/api/v1/products","GET",198,2.19,63.89,62.33,2,21.24,"0",200,148.85,"0"
"req_004411","2026-10-07 04:17:59",4,"/api/v1/products","POST",23,6.17,43.12,46.06,1,20.56,"0",200,88.56,"0"
"req_004412","2026-10-07 04:24:02",4,"/api/v1/products","GET",54,2.65,37.42,50.09,1,42.37,"0",200,125,"0"
"req_004413","2026-10-07 04:25:31",4,"/api/v1/reports","GET",27,2.72,20.99,48.95,11,26.95,"0",800,539.23,"0"
"req_004414","2026-10-07 04:27:28",4,"/api/v1/search","GET",26,3.47,28.14,44.6,0,18.92,"1",300,38.68,"0"
"req_004415","2026-10-07 04:29:32",4,"/api/v1/reports","GET",97,8.52,46.98,57.54,14,25.91,"0",800,741.64,"0"
"req_004416","2026-10-07 04:32:50",4,"/api/v1/search","POST",41,1.08,31.94,38.5,6,34.51,"0",300,269.55,"0"
"req_004417","2026-10-07 04:33:00",4,"/api/v1/search","GET",19,2,31.64,33.69,0,28.04,"1",300,54.65,"0"
"req_004418","2026-10-07 04:33:10",4,"/api/v1/users","GET",50,10.26,28.61,47.57,1,28.85,"0",150,86.64,"0"
"req_004419","2026-10-07 04:33:39",4,"/api/v1/products","POST",61,9.27,43.58,42.51,1,23.17,"0",200,116.26,"0"
"req_004420","2026-10-07 04:34:41",4,"/api/v1/products","GET",26,2.03,34.87,52.61,1,25.49,"0",200,91.77,"0"
"req_004421","2026-10-07 04:37:06",4,"/api/v1/search","GET",36,5.21,26.61,46.66,4,34.04,"0",300,190.49,"0"
"req_004422","2026-10-07 04:39:49",4,"/api/v1/checkout","POST",125,5.19,36.36,49.26,8,44.93,"0",500,434.68,"0"
"req_004423","2026-10-07 04:40:21",4,"/api/v1/products","GET",39,4.7,25.37,53.61,0,50.24,"1",200,63.75,"0"
"req_004424","2026-10-07 04:41:05",4,"/api/v1/search","GET",6,8.6,17.87,41.63,0,14.51,"1",300,26.8,"0"
"req_004425","2026-10-07 04:42:36",4,"/api/v1/users","GET",83,6.53,35.59,51.68,1,40.01,"0",150,111.05,"0"
"req_004426","2026-10-07 04:43:28",4,"/api/v1/products","GET",27,22.48,22.23,46.87,0,43.23,"1",200,56.28,"0"
"req_004427","2026-10-07 04:46:26",4,"/api/v1/checkout","POST",47,23.01,32.2,37.73,2,33.32,"0",500,278.84,"0"
"req_004428","2026-10-07 04:47:58",4,"/api/v1/products","GET",69,8.56,27.9,58.95,1,56.75,"0",200,136.33,"0"
"req_004429","2026-10-07 04:48:00",4,"/api/v1/checkout","POST",8,3.08,35.9,36.64,4,22.75,"0",500,305.49,"0"
"req_004430","2026-10-07 04:48:59",4,"/api/v1/products","POST",161,1.71,53.97,48.04,2,35.27,"0",200,152.82,"0"
"req_004431","2026-10-07 04:49:24",4,"/api/v1/users","GET",192,2.24,45.99,62.58,2,31.63,"0",150,146.65,"0"
"req_004432","2026-10-07 04:50:06",4,"/api/v1/users","GET",24,1.93,30.97,47.34,0,36.35,"1",150,45.13,"0"
"req_004433","2026-10-07 04:51:15",4,"/api/v1/users","GET",92,2.28,53.46,47.62,0,36.71,"1",150,55.61,"0"
"req_004434","2026-10-07 04:52:04",4,"/api/v1/search","GET",349,5.13,94.3,56.02,0,39.22,"1",300,381.63,"1"
"req_004435","2026-10-07 04:57:25",4,"/api/v1/search","GET",20,0.73,34.17,50.84,0,26.62,"1",300,69.69,"0"
"req_004436","2026-10-07 04:57:50",4,"/api/v1/checkout","POST",81,22.79,39.49,45.03,7,34.03,"0",500,390.41,"0"
"req_004437","2026-10-07 05:02:49",5,"/api/v1/products","GET",21,0.89,29.87,51.56,0,25.42,"1",200,44.42,"0"
"req_004438","2026-10-07 05:05:55",5,"/api/v1/checkout","POST",28,3.09,41.24,44.07,7,34.25,"0",500,396.75,"0"
"req_004439","2026-10-07 05:09:41",5,"/api/v1/users","GET",34,12.33,35.34,50.18,1,23.74,"0",150,95.38,"0"
"req_004440","2026-10-07 05:10:42",5,"/api/v1/search","GET",39,2.2,24.78,57.67,6,62.44,"0",300,282.62,"0"
"req_004441","2026-10-07 05:10:46",5,"/api/v1/reports","GET",142,7.61,43.27,58.3,12,13.45,"0",800,638.28,"0"
"req_004442","2026-10-07 05:11:41",5,"/api/v1/users","POST",106,5.01,32.46,50.61,2,35.22,"0",150,132.22,"0"
"req_004443","2026-10-07 05:14:09",5,"/api/v1/products","GET",99,9.48,41.14,52.34,0,39.87,"1",200,55.67,"0"
"req_004444","2026-10-07 05:20:47",5,"/api/v1/search","GET",63,12.81,35.21,48.27,0,100.84,"1",300,132.64,"0"
"req_004445","2026-10-07 05:21:53",5,"/api/v1/reports","GET",90,3.35,56.85,53.96,10,13.67,"0",800,656.36,"0"
"req_004446","2026-10-07 05:23:33",5,"/api/v1/search","GET",39,12.19,19.47,47.55,8,29.44,"0",300,249.35,"0"
"req_004447","2026-10-07 05:24:47",5,"/api/v1/search","GET",30,9.88,29.09,44.97,0,28.7,"1",300,56.35,"0"
"req_004448","2026-10-07 05:25:56",5,"/api/v1/users","GET",22,3.76,32.23,43.45,1,42.71,"0",150,105.78,"0"
"req_004449","2026-10-07 05:28:39",5,"/api/v1/users","POST",22,26.65,9.82,39.89,2,26.41,"0",150,100.91,"0"
"req_004450","2026-10-07 05:31:07",5,"/api/v1/search","GET",87,13.24,34.33,55.28,6,26.5,"0",300,268.91,"0"
"req_004451","2026-10-07 05:32:29",5,"/api/v1/reports","GET",31,2.48,40.46,50.74,13,35.6,"0",800,670.79,"0"
"req_004452","2026-10-07 05:32:59",5,"/api/v1/users","GET",18,3.74,20.76,52.39,0,63.97,"1",150,70.95,"0"
"req_004453","2026-10-07 05:33:19",5,"/api/v1/users","POST",150,7.13,55.57,37.86,1,14.51,"0",150,108.87,"0"
"req_004454","2026-10-07 05:33:37",5,"/api/v1/reports","GET",147,6.9,52.95,59.62,13,20.44,"0",800,689.23,"0"
"req_004455","2026-10-07 05:35:03",5,"/api/v1/reports","GET",107,8.92,54.25,50.1,7,18.89,"0",800,562.11,"0"
"req_004456","2026-10-07 05:36:15",5,"/api/v1/products","GET",42,1.69,26.39,35.54,0,23.87,"1",200,29.43,"0"
"req_004457","2026-10-07 05:36:31",5,"/api/v1/users","GET",13,31.85,28.72,35.51,1,33.58,"0",150,106.93,"0"
"req_004458","2026-10-07 05:47:04",5,"/api/v1/reports","GET",90,9.96,31.95,53.77,6,44.55,"0",800,589.7,"0"
"req_004459","2026-10-07 05:48:56",5,"/api/v1/search","GET",50,12.9,52.38,48.81,1,31,"0",300,170.69,"0"
"req_004460","2026-10-07 05:50:14",5,"/api/v1/reports","POST",28,4.19,33.97,50.25,20,21.9,"0",800,711.1,"0"
"req_004461","2026-10-07 05:50:28",5,"/api/v1/products","GET",47,3.99,32.98,44.1,0,37.48,"1",200,55.84,"0"
"req_004462","2026-10-07 05:52:12",5,"/api/v1/users","GET",34,7.15,29.07,47.88,0,40.94,"1",150,57.58,"0"
"req_004463","2026-10-07 05:55:01",5,"/api/v1/products","GET",97,7.79,41.97,49.85,0,26.5,"1",200,45.9,"0"
"req_004464","2026-10-07 05:55:06",5,"/api/v1/checkout","POST",16,7.27,14.85,39.82,10,32.82,"0",500,350.17,"0"
"req_004465","2026-10-07 06:00:02",6,"/api/v1/products","GET",113,2.21,45.41,53.26,0,27.81,"1",200,43.52,"0"
"req_004466","2026-10-07 06:00:33",6,"/api/v1/users","GET",34,14.22,39.97,47.53,0,33.18,"1",150,52.12,"0"
"req_004467","2026-10-07 06:02:10",6,"/api/v1/products","GET",73,0.54,40.57,37.5,0,22.39,"1",200,35.42,"0"
"req_004468","2026-10-07 06:02:28",6,"/api/v1/checkout","PUT",26,9.42,25.96,52.33,8,11.83,"0",500,345.03,"0"
"req_004469","2026-10-07 06:03:08",6,"/api/v1/checkout","PUT",73,1.77,38.25,49.72,12,44.24,"0",500,457.78,"0"
"req_004470","2026-10-07 06:03:32",6,"/api/v1/checkout","POST",13,6.05,32.01,38.39,6,47.2,"0",500,318,"0"
"req_004471","2026-10-07 06:05:28",6,"/api/v1/products","GET",20,2.64,39.78,46.96,0,40.66,"1",200,55.33,"0"
"req_004472","2026-10-07 06:05:42",6,"/api/v1/products","GET",121,6.61,29.43,50.39,0,28.93,"1",200,38.71,"0"
"req_004473","2026-10-07 06:06:05",6,"/api/v1/products","GET",6,4.3,17.19,40.04,1,37.34,"0",200,112.75,"0"
"req_004474","2026-10-07 06:07:59",6,"/api/v1/products","GET",75,3.47,36.31,45.77,0,33.99,"1",200,47.61,"0"
"req_004475","2026-10-07 06:08:41",6,"/api/v1/users","POST",45,9.62,23.81,46.24,1,33.96,"0",150,101.13,"0"
"req_004476","2026-10-07 06:13:39",6,"/api/v1/search","GET",18,13.95,28.74,38.83,0,21.12,"1",300,49.28,"0"
"req_004477","2026-10-07 06:15:33",6,"/api/v1/search","GET",30,4.91,20.82,44.61,4,18.75,"0",300,173.21,"0"
"req_004478","2026-10-07 06:15:36",6,"/api/v1/products","GET",54,1.9,30.72,47.5,2,68.58,"0",200,150.11,"0"
"req_004479","2026-10-07 06:15:58",6,"/api/v1/users","GET",39,4.59,22.1,48.88,0,33.9,"1",150,44.34,"0"
"req_004480","2026-10-07 06:16:11",6,"/api/v1/reports","GET",62,0.36,22.36,50.23,16,16.86,"0",800,638.6,"0"
"req_004481","2026-10-07 06:16:35",6,"/api/v1/checkout","PUT",61,2.12,35.27,46.97,4,37.51,"0",500,317.01,"0"
"req_004482","2026-10-07 06:18:46",6,"/api/v1/search","POST",244,9.04,53.78,65.3,4,34.87,"0",300,232.17,"0"
"req_004483","2026-10-07 06:21:18",6,"/api/v1/search","POST",31,14.43,45.22,38.12,5,15.06,"0",300,239.62,"0"
"req_004484","2026-10-07 06:22:37",6,"/api/v1/search","GET",69,3.86,35.26,53.39,0,29.76,"1",300,64.64,"0"
"req_004485","2026-10-07 06:24:31",6,"/api/v1/users","GET",38,4.98,36.02,41.67,0,47.3,"1",150,63.88,"0"
"req_004486","2026-10-07 06:24:54",6,"/api/v1/search","GET",16,7.74,23.85,45.88,0,30.07,"1",300,59.5,"0"
"req_004487","2026-10-07 06:27:34",6,"/api/v1/products","GET",60,2.87,44.23,32.33,1,30.45,"0",200,115.07,"0"
"req_004488","2026-10-07 06:27:45",6,"/api/v1/search","GET",13,8.71,35.25,48.35,0,44.49,"1",300,71.76,"0"
"req_004489","2026-10-07 06:27:59",6,"/api/v1/products","GET",79,8.85,39.9,50.41,2,44.58,"0",200,138.1,"0"
"req_004490","2026-10-07 06:29:40",6,"/api/v1/checkout","POST",47,55.82,18.63,49.44,4,19.01,"0",500,299.32,"0"
"req_004491","2026-10-07 06:32:21",6,"/api/v1/search","POST",72,6.31,26.79,53.85,5,63.71,"0",300,249.54,"0"
"req_004492","2026-10-07 06:33:16",6,"/api/v1/users","GET",23,2.79,30.27,39.87,2,36.27,"0",150,111.84,"0"
"req_004493","2026-10-07 06:33:55",6,"/api/v1/users","GET",35,9.04,31.69,39.01,0,24.23,"1",150,31.4,"0"
"req_004494","2026-10-07 06:34:10",6,"/api/v1/search","GET",21,3.58,28.16,45.74,0,34.4,"1",300,58.64,"0"
"req_004495","2026-10-07 06:37:30",6,"/api/v1/checkout","POST",97,2.22,50.42,51.21,4,31.51,"0",500,326.9,"0"
"req_004496","2026-10-07 06:37:59",6,"/api/v1/search","GET",15,0.88,37.2,48.13,0,22.25,"1",300,42.2,"0"
"req_004497","2026-10-07 06:46:13",6,"/api/v1/products","POST",83,2.59,30.02,48.45,3,11.43,"0",200,137.52,"0"
"req_004498","2026-10-07 06:50:02",6,"/api/v1/checkout","PUT",56,3.8,29.36,48.24,6,23.67,"0",500,300.96,"0"
"req_004499","2026-10-07 06:56:03",6,"/api/v1/search","GET",88,1.93,42,48.75,0,28.64,"1",300,55.95,"0"
"req_004500","2026-10-07 06:56:34",6,"/api/v1/products","GET",54,0.89,35.89,42.53,3,27.82,"0",200,130.38,"0"
"req_004501","2026-10-07 07:00:50",7,"/api/v1/products","GET",84,5.53,21.14,52.58,0,35.12,"1",200,51.39,"0"
"req_004502","2026-10-07 07:01:28",7,"/api/v1/products","GET",40,4.73,22.07,47.67,0,28.9,"1",200,35.6,"0"
"req_004503","2026-10-07 07:02:39",7,"/api/v1/reports","GET",22,12.63,32.09,39.46,14,42.04,"0",800,650.92,"0"
"req_004504","2026-10-07 07:02:49",7,"/api/v1/users","GET",10,19.96,36.58,45.6,0,21.18,"1",150,41.61,"0"
"req_004505","2026-10-07 07:09:34",7,"/api/v1/search","GET",146,9.14,51.18,53.88,0,12.12,"1",300,43.33,"0"
"req_004506","2026-10-07 07:11:17",7,"/api/v1/products","GET",117,4.84,24.11,55.77,0,33.89,"1",200,47.19,"0"
"req_004507","2026-10-07 07:11:45",7,"/api/v1/products","GET",12,4.27,22.04,39.61,3,49.56,"0",200,138.39,"0"
"req_004508","2026-10-07 07:13:44",7,"/api/v1/products","GET",101,2.66,30.74,52.78,0,44.46,"1",200,61.49,"0"
"req_004509","2026-10-07 07:16:41",7,"/api/v1/products","GET",29,4.24,20.67,45.92,1,41.03,"0",200,117.99,"0"
"req_004510","2026-10-07 07:18:46",7,"/api/v1/users","GET",66,3.78,35.65,39.9,3,32.16,"0",150,124.07,"0"
"req_004511","2026-10-07 07:19:06",7,"/api/v1/search","GET",30,6.78,22.48,41.17,0,57.51,"1",300,78.57,"0"
"req_004512","2026-10-07 07:19:14",7,"/api/v1/products","POST",150,2.23,40.85,39.93,1,89.17,"0",200,195.17,"0"
"req_004513","2026-10-07 07:21:31",7,"/api/v1/users","GET",122,2.38,53.88,62.22,2,33.82,"0",150,136.63,"0"
"req_004514","2026-10-07 07:22:17",7,"/api/v1/checkout","POST",105,8.31,56.17,40.94,8,48.04,"0",500,370.77,"0"
"req_004515","2026-10-07 07:22:34",7,"/api/v1/users","GET",32,4.61,24.55,44.71,0,67.1,"1",150,69.48,"0"
"req_004516","2026-10-07 07:24:34",7,"/api/v1/users","GET",34,2.21,40.22,53.86,0,93.64,"1",150,101.07,"0"
"req_004517","2026-10-07 07:24:41",7,"/api/v1/users","GET",51,7.89,39.63,41.81,0,35.95,"1",150,39.28,"0"
"req_004518","2026-10-07 07:25:00",7,"/api/v1/products","GET",30,2.63,32.56,42.87,0,24.55,"1",200,38.61,"0"
"req_004519","2026-10-07 07:27:43",7,"/api/v1/search","GET",19,3.1,16.06,43.13,3,32.12,"0",300,190.79,"0"
"req_004520","2026-10-07 07:30:33",7,"/api/v1/checkout","POST",39,6.67,27.64,48.62,6,24.48,"0",500,305.86,"0"
"req_004521","2026-10-07 07:31:09",7,"/api/v1/products","GET",20,23.79,13.78,47.86,1,24.26,"0",200,108.66,"0"
"req_004522","2026-10-07 07:33:49",7,"/api/v1/users","GET",57,0.44,36.25,48.85,0,19.84,"1",150,33.02,"0"
"req_004523","2026-10-07 07:34:51",7,"/api/v1/reports","GET",32,8.53,29.78,35.48,13,25.97,"0",800,629.54,"0"
"req_004524","2026-10-07 07:35:08",7,"/api/v1/search","POST",35,9.3,27.14,43.36,2,59.54,"0",300,217.32,"0"
"req_004525","2026-10-07 07:37:37",7,"/api/v1/search","GET",13,25.5,34.69,42.16,4,20.72,"0",300,208.98,"0"
"req_004526","2026-10-07 07:37:39",7,"/api/v1/search","GET",161,7.49,41.45,55.26,0,21.45,"1",300,53.43,"0"
"req_004527","2026-10-07 07:37:55",7,"/api/v1/products","GET",41,2.11,31.32,35.21,0,56.04,"1",200,81.05,"0"
"req_004528","2026-10-07 07:39:14",7,"/api/v1/users","GET",36,8.63,35.7,55.15,0,32.37,"1",150,41.46,"0"
"req_004529","2026-10-07 07:51:05",7,"/api/v1/users","GET",108,3.2,31.15,41.49,1,39.84,"0",150,109.32,"0"
"req_004530","2026-10-07 07:51:13",7,"/api/v1/products","GET",21,3.12,25.83,39.17,0,19.27,"1",200,27.38,"0"
"req_004531","2026-10-07 07:51:15",7,"/api/v1/search","GET",26,4.28,22.12,34.68,6,53.96,"0",300,262.33,"0"
"req_004532","2026-10-07 07:53:08",7,"/api/v1/products","GET",77,12.18,25.98,50.35,0,39.94,"1",200,57.59,"0"
"req_004533","2026-10-07 07:53:08",7,"/api/v1/search","GET",83,3.12,31.1,38.33,0,41.2,"1",300,68.35,"0"
"req_004534","2026-10-07 07:56:45",7,"/api/v1/products","GET",12,1.24,34.71,40.81,0,37.06,"1",200,48.81,"0"
"req_004535","2026-10-07 07:59:08",7,"/api/v1/products","GET",49,3,17.25,60.9,4,34.08,"0",200,131.15,"0"
"req_004536","2026-10-07 08:00:44",8,"/api/v1/products","GET",51,0.99,31.13,48.49,0,31.44,"1",200,47.22,"0"
"req_004537","2026-10-07 08:05:52",8,"/api/v1/products","GET",51,4.38,31.31,49.09,1,15.77,"0",200,81.32,"0"
"req_004538","2026-10-07 08:06:37",8,"/api/v1/products","GET",99,11.41,30.62,45.51,0,21.17,"1",200,35.49,"0"
"req_004539","2026-10-07 08:08:18",8,"/api/v1/users","GET",16,0.69,26.47,51.1,0,24.4,"1",150,34.15,"0"
"req_004540","2026-10-07 08:09:04",8,"/api/v1/checkout","POST",33,13.68,23.05,51.41,7,36.89,"0",500,378.48,"0"
"req_004541","2026-10-07 08:09:42",8,"/api/v1/checkout","POST",16,3.3,16.26,39.76,6,39.12,"0",500,324.64,"0"
"req_004542","2026-10-07 08:09:52",8,"/api/v1/products","GET",38,3.79,37.36,46.56,3,42.59,"0",200,148.86,"0"
"req_004543","2026-10-07 08:10:42",8,"/api/v1/search","GET",19,8.16,27.5,43.13,0,37.09,"1",300,72.48,"0"
"req_004544","2026-10-07 08:12:14",8,"/api/v1/products","POST",37,11.48,28.04,52.96,1,27.61,"0",200,95.15,"0"
"req_004545","2026-10-07 08:12:26",8,"/api/v1/checkout","POST",55,2.18,31.97,45.22,7,36.77,"0",500,327.65,"0"
"req_004546","2026-10-07 08:15:34",8,"/api/v1/products","GET",71,3.44,24.34,53.66,0,13.4,"1",200,18.29,"0"
"req_004547","2026-10-07 08:15:56",8,"/api/v1/search","GET",39,11.41,19.88,40.15,3,23.31,"0",300,159.03,"0"
"req_004548","2026-10-07 08:20:00",8,"/api/v1/search","GET",45,3.78,41.05,51.51,0,46.17,"1",300,70.45,"0"
"req_004549","2026-10-07 08:22:18",8,"/api/v1/search","GET",43,5.05,35.64,54.1,2,34.93,"0",300,180.5,"0"
"req_004550","2026-10-07 08:22:51",8,"/api/v1/search","GET",33,1.86,26.45,48.29,0,35.57,"1",300,57.74,"0"
"req_004551","2026-10-07 08:23:57",8,"/api/v1/reports","GET",45,3.5,41.84,49.85,10,47.47,"0",800,592.1,"0"
"req_004552","2026-10-07 08:25:29",8,"/api/v1/products","POST",14,4.09,29.91,34.64,1,49.26,"0",200,129.26,"0"
"req_004553","2026-10-07 08:28:09",8,"/api/v1/products","POST",16,3.31,26.69,46.27,2,60.35,"0",200,141.22,"0"
"req_004554","2026-10-07 08:28:27",8,"/api/v1/products","GET",35,4.21,31.05,46.48,0,3.12,"1",200,18.41,"0"
"req_004555","2026-10-07 08:29:42",8,"/api/v1/products","GET",12,5.57,34.85,43.95,0,43.26,"1",200,40.44,"0"
"req_004556","2026-10-07 08:29:44",8,"/api/v1/users","GET",69,2.29,31.78,50.99,0,42.45,"1",150,44.16,"0"
"req_004557","2026-10-07 08:36:05",8,"/api/v1/search","POST",16,16.75,40.64,42,6,31.5,"0",300,237.58,"0"
"req_004558","2026-10-07 08:36:30",8,"/api/v1/products","GET",41,3.29,29,44.64,2,43.2,"0",200,117.57,"0"
"req_004559","2026-10-07 08:39:00",8,"/api/v1/search","POST",41,7.66,33.29,52.77,7,18.4,"0",300,201.47,"0"
"req_004560","2026-10-07 08:39:06",8,"/api/v1/users","GET",177,2.69,57.73,61.06,1,54.31,"0",150,139.46,"0"
"req_004561","2026-10-07 08:40:33",8,"/api/v1/products","GET",22,2.58,34.39,50.13,0,24.27,"1",200,28.07,"0"
"req_004562","2026-10-07 08:41:24",8,"/api/v1/checkout","POST",17,1.64,31.03,49.29,3,36.88,"0",500,291.98,"0"
"req_004563","2026-10-07 08:46:12",8,"/api/v1/search","GET",151,2.19,40.2,62.04,4,22.72,"0",300,206.22,"0"
"req_004564","2026-10-07 08:47:58",8,"/api/v1/search","GET",12,2.49,29.54,43.78,0,49.74,"1",300,82.94,"0"
"req_004565","2026-10-07 08:49:17",8,"/api/v1/products","GET",33,10.87,18.11,56,1,20.46,"0",200,99.88,"0"
"req_004566","2026-10-07 08:51:30",8,"/api/v1/search","GET",96,2.87,50.99,54.14,0,32.38,"1",300,50.42,"0"
"req_004567","2026-10-07 08:53:38",8,"/api/v1/products","GET",45,1.65,37.74,59.59,2,38.46,"0",200,131.46,"0"
"req_004568","2026-10-07 08:58:42",8,"/api/v1/checkout","POST",50,4.01,28.9,49.33,3,46.3,"0",500,300.3,"0"
"req_004569","2026-10-07 09:02:23",9,"/api/v1/reports","POST",116,5.79,42.32,51.19,8,18.67,"0",800,501.04,"0"
"req_004570","2026-10-07 09:03:21",9,"/api/v1/products","GET",68,34.77,38.61,44.51,0,24.73,"1",200,48.83,"0"
"req_004571","2026-10-07 09:08:52",9,"/api/v1/checkout","POST",17,12.25,14.29,48.92,2,46.85,"0",500,264.78,"0"
"req_004572","2026-10-07 09:09:48",9,"/api/v1/users","POST",51,1.88,40.77,48.09,1,47.42,"0",150,111.85,"0"
"req_004573","2026-10-07 09:13:08",9,"/api/v1/products","GET",25,5.41,23.69,39.72,4,36.23,"0",200,166.23,"0"
"req_004574","2026-10-07 09:16:25",9,"/api/v1/search","GET",75,5.25,42.11,48.63,0,50.16,"1",300,96.46,"0"
"req_004575","2026-10-07 09:17:54",9,"/api/v1/reports","GET",50,10.89,35.07,45.07,9,65.22,"0",800,614.87,"0"
"req_004576","2026-10-07 09:18:19",9,"/api/v1/products","GET",45,4.86,28.7,46.88,1,44.76,"0",200,128.12,"0"
"req_004577","2026-10-07 09:20:10",9,"/api/v1/products","POST",11,1.26,8.93,46.98,1,29.41,"0",200,96.86,"0"
"req_004578","2026-10-07 09:20:13",9,"/api/v1/products","GET",68,2.51,42.54,40.56,0,32.11,"1",200,41.85,"0"
"req_004579","2026-10-07 09:21:52",9,"/api/v1/checkout","POST",56,1.09,28.44,39.09,14,30.53,"0",500,417.36,"0"
"req_004580","2026-10-07 09:25:15",9,"/api/v1/users","GET",14,1.25,25.34,54.84,0,42.43,"1",150,50.21,"0"
"req_004581","2026-10-07 09:26:06",9,"/api/v1/reports","GET",26,14.54,33.18,57.95,14,33.03,"0",800,585.33,"0"
"req_004582","2026-10-07 09:26:37",9,"/api/v1/products","GET",29,11.8,28.17,41.42,0,30.6,"1",200,43.68,"0"
"req_004583","2026-10-07 09:30:20",9,"/api/v1/reports","GET",71,3.29,20.51,44.16,12,32.1,"0",800,574.73,"0"
"req_004584","2026-10-07 09:37:02",9,"/api/v1/reports","GET",14,6.84,29.77,47.16,12,68.95,"0",800,613.46,"0"
"req_004585","2026-10-07 09:38:39",9,"/api/v1/checkout","POST",17,4.72,25.96,36.87,8,20.09,"0",500,278.29,"0"
"req_004586","2026-10-07 09:40:50",9,"/api/v1/reports","GET",61,5.03,26.25,43.98,12,18.52,"0",800,606.28,"0"
"req_004587","2026-10-07 09:44:00",9,"/api/v1/users","GET",46,14.75,38.71,58.79,1,50.52,"0",150,124.43,"0"
"req_004588","2026-10-07 09:47:40",9,"/api/v1/users","POST",35,4.67,19.73,43.38,1,66.47,"0",150,129.81,"0"
"req_004589","2026-10-07 09:51:18",9,"/api/v1/products","GET",55,3.71,18.25,42.79,0,23.23,"1",200,39,"0"
"req_004590","2026-10-07 09:56:29",9,"/api/v1/search","GET",37,3.08,26.9,49.5,0,47.33,"1",300,82.25,"0"
"req_004591","2026-10-07 09:58:51",9,"/api/v1/checkout","POST",11,7.78,34.13,36.21,6,23.93,"0",500,316.07,"0"
"req_004592","2026-10-07 10:02:26",10,"/api/v1/products","GET",18,8.48,24.14,45.14,0,37.11,"1",200,49.75,"0"
"req_004593","2026-10-07 10:02:27",10,"/api/v1/users","GET",64,4.3,28.77,42.6,2,33.17,"0",150,124.77,"0"
"req_004594","2026-10-07 10:03:20",10,"/api/v1/users","GET",19,2.91,13.11,40.29,0,20.19,"1",150,34.13,"0"
"req_004595","2026-10-07 10:10:37",10,"/api/v1/products","GET",132,3.58,47.73,48.75,3,26.22,"0",200,154.7,"0"
"req_004596","2026-10-07 10:12:03",10,"/api/v1/users","POST",136,5.49,35.47,54.21,1,40.28,"0",150,119.83,"0"
"req_004597","2026-10-07 10:12:37",10,"/api/v1/products","GET",15,2.98,30.58,42.21,2,12.15,"0",200,94.44,"0"
"req_004598","2026-10-07 10:14:23",10,"/api/v1/checkout","PUT",98,6.87,42.76,54.33,6,33.45,"0",500,342.52,"0"
"req_004599","2026-10-07 10:22:57",10,"/api/v1/reports","GET",49,14.1,13.25,45.94,19,22.91,"0",800,733.67,"0"
"req_004600","2026-10-07 10:23:22",10,"/api/v1/users","GET",54,5.92,24,43.81,0,24.01,"1",150,38.79,"0"
"req_004601","2026-10-07 10:24:33",10,"/api/v1/checkout","PUT",47,2.02,26.6,38.81,2,49.28,"0",500,278.74,"0"
"req_004602","2026-10-07 10:24:37",10,"/api/v1/search","POST",59,8.52,19.07,45.74,1,71.79,"0",300,200.52,"0"
"req_004603","2026-10-07 10:25:52",10,"/api/v1/reports","GET",33,5.31,19.48,39.72,9,30.57,"0",800,556.43,"0"
"req_004604","2026-10-07 10:28:12",10,"/api/v1/products","POST",29,11.65,31.36,43.96,5,45.08,"0",200,193.94,"0"
"req_004605","2026-10-07 10:29:51",10,"/api/v1/products","POST",166,3.53,53.36,56.89,1,43.15,"0",200,141.31,"0"
"req_004606","2026-10-07 10:29:58",10,"/api/v1/search","GET",23,1.25,37.84,47.2,3,20.97,"0",300,181.52,"0"
"req_004607","2026-10-07 10:30:43",10,"/api/v1/search","GET",26,1.73,31.73,40.57,8,28.94,"0",300,236.05,"0"
"req_004608","2026-10-07 10:31:42",10,"/api/v1/search","GET",19,5.19,35.78,44.02,2,20.66,"0",300,160.57,"0"
"req_004609","2026-10-07 10:36:19",10,"/api/v1/products","GET",55,11.65,31.05,41.52,0,41.52,"1",200,67.87,"0"
"req_004610","2026-10-07 10:38:27",10,"/api/v1/checkout","POST",28,1.89,27.8,38.66,4,23.65,"0",500,301.06,"0"
"req_004611","2026-10-07 10:40:24",10,"/api/v1/users","GET",48,5,28.37,47.63,0,47.8,"1",150,64.91,"0"
"req_004612","2026-10-07 10:43:46",10,"/api/v1/users","GET",56,10.74,32.35,42.56,0,21.73,"1",150,33.01,"0"
"req_004613","2026-10-07 10:44:00",10,"/api/v1/products","GET",285,3.27,75.5,71.92,0,38.53,"1",200,98.7,"0"
"req_004614","2026-10-07 10:44:44",10,"/api/v1/search","GET",17,2.75,39.57,40.51,0,28.69,"1",300,63.51,"0"
"req_004615","2026-10-07 10:46:37",10,"/api/v1/search","POST",111,6.98,52.98,59.22,3,22.95,"0",300,209.43,"0"
"req_004616","2026-10-07 10:46:37",10,"/api/v1/search","GET",49,2.68,29.04,35.75,0,37.65,"1",300,64.73,"0"
"req_004617","2026-10-07 10:46:38",10,"/api/v1/users","GET",18,0.74,27.49,36.01,0,23.8,"1",150,27.44,"0"
"req_004618","2026-10-07 10:48:50",10,"/api/v1/products","GET",193,7.43,63.53,58.56,0,31.3,"1",200,46.29,"0"
"req_004619","2026-10-07 10:49:18",10,"/api/v1/reports","POST",127,3.8,44.32,59.38,9,63.73,"0",800,661.18,"0"
"req_004620","2026-10-07 10:51:11",10,"/api/v1/products","GET",65,1.58,29.91,42.98,0,29.84,"1",200,40.79,"0"
"req_004621","2026-10-07 10:53:34",10,"/api/v1/search","GET",179,2.82,52.05,51.52,4,35.23,"0",300,244.27,"0"
"req_004622","2026-10-07 10:54:06",10,"/api/v1/checkout","POST",58,1.03,29.55,40.86,8,37.47,"0",500,374.87,"0"
"req_004623","2026-10-07 10:55:26",10,"/api/v1/users","GET",36,1.6,19.48,37.04,0,37.2,"1",150,41.65,"0"
"req_004624","2026-10-07 10:56:22",10,"/api/v1/checkout","POST",93,6.61,36.58,44.58,9,28.51,"0",500,405.63,"0"
"req_004625","2026-10-07 11:00:41",11,"/api/v1/products","GET",116,4.22,48.94,48.91,0,29.28,"1",200,47.87,"0"
"req_004626","2026-10-07 11:00:53",11,"/api/v1/search","GET",11,4.12,46.07,40.95,0,50.29,"1",300,71.12,"0"
"req_004627","2026-10-07 11:02:15",11,"/api/v1/users","GET",60,2.27,24.7,52.7,0,43.06,"1",150,46.77,"0"
"req_004628","2026-10-07 11:04:17",11,"/api/v1/checkout","POST",100,5.78,50.91,53.17,5,35.59,"0",500,334.48,"0"
"req_004629","2026-10-07 11:09:54",11,"/api/v1/products","GET",67,4.66,32.01,49.73,0,56.23,"1",200,73.84,"0"
"req_004630","2026-10-07 11:11:27",11,"/api/v1/checkout","PUT",36,21.83,25.32,43.46,2,35.7,"0",500,283.17,"0"
"req_004631","2026-10-07 11:11:57",11,"/api/v1/checkout","POST",30,1.57,27.38,49.01,8,61.51,"0",500,335.79,"0"
"req_004632","2026-10-07 11:13:06",11,"/api/v1/checkout","POST",35,4.66,30.04,47.07,13,45.08,"0",500,433.26,"0"
"req_004633","2026-10-07 11:14:03",11,"/api/v1/search","GET",51,4.82,43.56,44.1,0,21.68,"1",300,54.32,"0"
"req_004634","2026-10-07 11:15:26",11,"/api/v1/users","GET",35,57.07,22.36,40.21,0,39.36,"1",150,62.4,"0"
"req_004635","2026-10-07 11:16:52",11,"/api/v1/products","GET",48,8.13,20.21,46.58,2,52.09,"0",200,134.78,"0"
"req_004636","2026-10-07 11:20:19",11,"/api/v1/checkout","POST",70,5.72,40.89,45.36,4,28.33,"0",500,323.87,"0"
"req_004637","2026-10-07 11:22:05",11,"/api/v1/search","GET",78,8.97,39.79,52.44,2,29.86,"0",300,191.98,"0"
"req_004638","2026-10-07 11:22:44",11,"/api/v1/products","GET",40,1.93,36.82,35.72,0,26.3,"1",200,38.82,"0"
"req_004639","2026-10-07 11:23:44",11,"/api/v1/search","GET",22,4.31,17.78,37.67,0,20.33,"1",300,48.58,"0"
"req_004640","2026-10-07 11:23:54",11,"/api/v1/products","GET",42,12.21,42.94,45.71,0,54.09,"1",200,79.07,"0"
"req_004641","2026-10-07 11:24:53",11,"/api/v1/search","POST",48,5.12,14.62,40.1,2,71.07,"0",300,193.49,"0"
"req_004642","2026-10-07 11:26:00",11,"/api/v1/reports","GET",9,0.73,16.27,40.15,11,26.24,"0",800,554.85,"0"
"req_004643","2026-10-07 11:26:35",11,"/api/v1/users","GET",11,8.25,17.66,43.74,0,26.95,"1",150,41.32,"0"
"req_004644","2026-10-07 11:29:13",11,"/api/v1/users","GET",36,4.04,13.36,35.41,0,36.62,"1",150,43.74,"0"
"req_004645","2026-10-07 11:29:44",11,"/api/v1/checkout","POST",25,1.84,36.53,41.83,12,47.5,"0",500,405.76,"0"
"req_004646","2026-10-07 11:31:15",11,"/api/v1/products","GET",31,10.21,16.63,47.67,0,52.66,"1",200,62.45,"0"
"req_004647","2026-10-07 11:32:07",11,"/api/v1/reports","POST",27,11.43,29,44.6,17,18.53,"0",800,662.71,"0"
"req_004648","2026-10-07 11:32:40",11,"/api/v1/users","GET",9,5.41,29.06,40.36,0,21.67,"1",150,21.53,"0"
"req_004649","2026-10-07 11:34:02",11,"/api/v1/products","GET",36,2.99,17.72,49.95,0,28.86,"1",200,58.27,"0"
"req_004650","2026-10-07 11:34:33",11,"/api/v1/products","GET",32,7.65,32.02,44.46,0,36.71,"1",200,57.9,"0"
"req_004651","2026-10-07 11:35:25",11,"/api/v1/checkout","POST",35,13.81,34.27,41.51,7,36.41,"0",500,371.05,"0"
"req_004652","2026-10-07 11:36:29",11,"/api/v1/products","GET",25,3.49,30.42,53.87,1,35.55,"0",200,109.32,"0"
"req_004653","2026-10-07 11:38:26",11,"/api/v1/products","GET",127,6.62,42.06,50.15,1,21.99,"0",200,109.93,"0"
"req_004654","2026-10-07 11:40:49",11,"/api/v1/users","GET",33,4.36,14.55,36.24,0,48.14,"1",150,55.68,"0"
"req_004655","2026-10-07 11:41:58",11,"/api/v1/search","POST",27,13.15,41.88,46.67,7,48.39,"0",300,263.94,"0"
"req_004656","2026-10-07 11:44:16",11,"/api/v1/search","POST",48,5.68,36.8,39.92,5,36.54,"0",300,226.96,"0"
"req_004657","2026-10-07 11:54:23",11,"/api/v1/checkout","PUT",50,24.3,34.04,45.03,9,64.26,"0",500,381.7,"0"
"req_004658","2026-10-07 11:56:31",11,"/api/v1/checkout","POST",61,4.58,33,36.52,4,46.57,"0",500,319.84,"0"
"req_004659","2026-10-07 11:58:11",11,"/api/v1/search","GET",12,14.43,27.29,42.85,5,36,"0",300,242.52,"0"
"req_004660","2026-10-07 11:58:26",11,"/api/v1/users","GET",87,4.91,30.27,36.8,0,18.89,"1",150,29.41,"0"
"req_004661","2026-10-07 12:04:13",12,"/api/v1/users","GET",40,4,25.08,55.06,1,34.04,"0",150,96.13,"0"
"req_004662","2026-10-07 12:05:13",12,"/api/v1/reports","GET",51,3.26,32.68,55.46,12,54.55,"0",800,617.95,"0"
"req_004663","2026-10-07 12:07:03",12,"/api/v1/users","GET",34,3.5,42.79,47.42,0,36.04,"1",150,53.28,"0"
"req_004664","2026-10-07 12:08:21",12,"/api/v1/search","GET",32,1.2,31.32,37.11,1,31.58,"0",300,162.15,"0"
"req_004665","2026-10-07 12:09:59",12,"/api/v1/reports","GET",59,2,30.82,48.34,6,29.93,"0",800,514.58,"0"
"req_004666","2026-10-07 12:13:13",12,"/api/v1/products","GET",55,5.16,34.89,40.36,2,34.73,"0",200,123.99,"0"
"req_004667","2026-10-07 12:21:05",12,"/api/v1/reports","GET",41,2.54,21.31,55.29,14,24.55,"0",800,611.8,"0"
"req_004668","2026-10-07 12:23:18",12,"/api/v1/reports","GET",69,3.44,30.76,41.79,11,44.61,"0",800,586.93,"0"
"req_004669","2026-10-07 12:25:52",12,"/api/v1/users","GET",107,16.84,41.69,54.73,2,35.02,"0",150,142.75,"0"
"req_004670","2026-10-07 12:27:27",12,"/api/v1/products","GET",22,10,35.56,36.77,0,29.36,"1",200,48.31,"0"
"req_004671","2026-10-07 12:30:59",12,"/api/v1/users","GET",32,0.92,32.27,41.04,0,39.77,"1",150,48.31,"0"
"req_004672","2026-10-07 12:36:05",12,"/api/v1/users","GET",40,12.45,37.05,51.82,0,40.6,"1",150,53.99,"0"
"req_004673","2026-10-07 12:38:35",12,"/api/v1/reports","GET",17,1.42,29.33,39.1,14,36.78,"0",800,678.21,"0"
"req_004674","2026-10-07 12:45:47",12,"/api/v1/users","POST",88,4.7,31.55,47.21,1,39.82,"0",150,105.94,"0"
"req_004675","2026-10-07 12:46:14",12,"/api/v1/users","GET",43,8.57,33.47,53.07,0,4.3,"1",150,29.7,"0"
"req_004676","2026-10-07 12:47:23",12,"/api/v1/products","GET",18,1.95,24.55,40.91,3,7.54,"0",200,117.57,"0"
"req_004677","2026-10-07 12:48:16",12,"/api/v1/search","GET",52,5.21,29.16,47.6,4,21.53,"0",300,182.77,"0"
"req_004678","2026-10-07 12:50:55",12,"/api/v1/products","GET",38,10.92,28.43,54.37,4,28.37,"0",200,169.08,"0"
"req_004679","2026-10-07 12:52:41",12,"/api/v1/reports","GET",30,4.33,40.61,45.87,14,26.58,"0",800,618.3,"0"
"req_004680","2026-10-07 12:54:18",12,"/api/v1/search","GET",26,28.06,15.4,48.33,4,26.2,"0",300,189.68,"0"
"req_004681","2026-10-07 12:58:34",12,"/api/v1/products","GET",184,7.47,60.27,64.36,0,27.46,"1",200,56.15,"0"
"req_004682","2026-10-07 13:00:25",13,"/api/v1/products","GET",113,4.27,38.89,39.76,0,50.59,"1",200,65.93,"0"
"req_004683","2026-10-07 13:01:10",13,"/api/v1/users","GET",29,2.29,41.88,40.16,0,30.15,"1",150,42.65,"0"
"req_004684","2026-10-07 13:01:53",13,"/api/v1/search","POST",54,4.75,28.58,43.5,3,49.44,"0",300,227.57,"0"
"req_004685","2026-10-07 13:02:19",13,"/api/v1/users","GET",51,2.72,33.96,52.9,0,28.58,"1",150,43.69,"0"
"req_004686","2026-10-07 13:03:09",13,"/api/v1/search","GET",78,3.73,43.33,52.09,4,41.2,"0",300,205.31,"0"
"req_004687","2026-10-07 13:05:20",13,"/api/v1/search","GET",31,5.63,28.5,38.84,2,18.78,"0",300,157.99,"0"
"req_004688","2026-10-07 13:05:37",13,"/api/v1/users","GET",158,18.25,52.75,66.47,0,61.39,"1",150,93.39,"0"
"req_004689","2026-10-07 13:06:49",13,"/api/v1/products","GET",76,2.07,42.92,43.73,3,42.98,"0",200,152.15,"0"
"req_004690","2026-10-07 13:07:04",13,"/api/v1/checkout","POST",72,4.99,43.97,46.88,6,27.98,"0",500,312.83,"0"
"req_004691","2026-10-07 13:11:06",13,"/api/v1/users","GET",32,1.31,39.74,53.89,3,61.39,"0",150,185.81,"1"
"req_004692","2026-10-07 13:13:05",13,"/api/v1/checkout","POST",96,9.55,37.07,49.43,6,34.97,"0",500,349.79,"0"
"req_004693","2026-10-07 13:13:36",13,"/api/v1/checkout","POST",75,23.07,43.63,46.27,5,38.41,"0",500,350.25,"0"
"req_004694","2026-10-07 13:14:32",13,"/api/v1/checkout","PUT",72,1.59,26.26,42.09,3,21.34,"0",500,267.07,"0"
"req_004695","2026-10-07 13:20:51",13,"/api/v1/search","GET",26,2.95,24.87,35.98,2,27.79,"0",300,162.85,"0"
"req_004696","2026-10-07 13:24:35",13,"/api/v1/reports","POST",57,27.41,34.59,45.75,12,17.4,"0",800,621.9,"0"
"req_004697","2026-10-07 13:25:22",13,"/api/v1/search","GET",40,3.14,35.84,50.81,4,44.7,"0",300,219.82,"0"
"req_004698","2026-10-07 13:27:24",13,"/api/v1/users","GET",47,7.04,39.21,52.7,2,48.49,"0",150,136.27,"0"
"req_004699","2026-10-07 13:27:58",13,"/api/v1/products","GET",48,5.01,36.34,40.68,0,39.59,"1",200,50.56,"0"
"req_004700","2026-10-07 13:33:45",13,"/api/v1/search","POST",17,3.13,20.33,34.45,5,44.27,"0",300,197.47,"0"
"req_004701","2026-10-07 13:35:30",13,"/api/v1/search","GET",55,4.68,25.07,35.93,0,33.26,"1",300,65.28,"0"
"req_004702","2026-10-07 13:35:53",13,"/api/v1/users","GET",17,1.21,30.31,30.63,1,16.38,"0",150,83.91,"0"
"req_004703","2026-10-07 13:36:50",13,"/api/v1/users","POST",53,11.59,22.54,47.04,1,47.16,"0",150,106.97,"0"
"req_004704","2026-10-07 13:37:20",13,"/api/v1/checkout","POST",147,1.49,40.04,66.46,5,26.49,"0",500,322.35,"0"
"req_004705","2026-10-07 13:38:35",13,"/api/v1/users","GET",107,2.98,45.22,55.25,0,21.75,"1",150,39.48,"0"
"req_004706","2026-10-07 13:39:16",13,"/api/v1/users","POST",59,5.36,38.91,41.12,1,51.37,"0",150,119.09,"0"
"req_004707","2026-10-07 13:41:59",13,"/api/v1/checkout","POST",20,8.27,25.71,38.42,7,24.95,"0",500,311.37,"0"
"req_004708","2026-10-07 13:48:56",13,"/api/v1/products","GET",30,3.09,36.87,41.53,0,41.04,"1",200,63.1,"0"
"req_004709","2026-10-07 13:51:27",13,"/api/v1/reports","GET",46,3.17,36.39,51.83,15,22.47,"0",800,621.47,"0"
"req_004710","2026-10-07 13:52:04",13,"/api/v1/search","POST",27,1.87,21.9,50.23,5,34.86,"0",300,213.25,"0"
"req_004711","2026-10-07 13:55:21",13,"/api/v1/users","GET",47,22.43,20.44,38.71,1,37.93,"0",150,112.63,"0"
"req_004712","2026-10-07 13:56:54",13,"/api/v1/users","GET",22,5.35,35.96,54.73,0,43.67,"1",150,48.39,"0"
"req_004713","2026-10-07 13:59:14",13,"/api/v1/products","GET",66,2.53,40.49,50.71,3,43.21,"0",200,164.84,"0"
"req_004714","2026-10-07 13:59:30",13,"/api/v1/products","GET",41,1.68,48.92,40.44,0,48.9,"1",200,66.62,"0"
"req_004715","2026-10-07 14:00:20",14,"/api/v1/users","GET",26,12.49,24.15,34.2,1,43.76,"0",150,113.53,"0"
"req_004716","2026-10-07 14:00:39",14,"/api/v1/users","GET",26,5.16,32.77,42.13,2,20.45,"0",150,106.95,"0"
"req_004717","2026-10-07 14:04:06",14,"/api/v1/checkout","POST",33,3.04,49.25,40.41,6,36.08,"0",500,342.51,"0"
"req_004718","2026-10-07 14:05:20",14,"/api/v1/search","POST",53,5.5,30.79,44.43,9,30.51,"0",300,264.61,"0"
"req_004719","2026-10-07 14:09:58",14,"/api/v1/users","GET",50,13.29,36.44,39.76,0,39.76,"1",150,51.69,"0"
"req_004720","2026-10-07 14:10:21",14,"/api/v1/users","GET",40,13.67,15.29,45.96,0,24.49,"1",150,36.76,"0"
"req_004721","2026-10-07 14:10:42",14,"/api/v1/users","GET",24,3.95,22.81,52.05,2,4.23,"0",150,68.57,"0"
"req_004722","2026-10-07 14:13:22",14,"/api/v1/products","GET",113,12.39,47.22,57.53,1,38.06,"0",200,129.79,"0"
"req_004723","2026-10-07 14:14:27",14,"/api/v1/users","GET",55,1.06,31.27,52.27,0,48.26,"1",150,70.41,"0"
"req_004724","2026-10-07 14:15:53",14,"/api/v1/search","GET",31,2.15,38.01,45.4,5,75.66,"0",300,250.31,"0"
"req_004725","2026-10-07 14:18:05",14,"/api/v1/reports","GET",41,6.38,33.83,43.33,17,45.24,"0",800,674.38,"0"
"req_004726","2026-10-07 14:19:51",14,"/api/v1/products","GET",66,1.84,30.76,41.87,0,31.35,"1",200,44.21,"0"
"req_004727","2026-10-07 14:20:36",14,"/api/v1/products","GET",12,2.54,20.91,33.14,0,23.45,"1",200,32.56,"0"
"req_004728","2026-10-07 14:21:43",14,"/api/v1/users","GET",18,2.14,24.72,48.04,0,34.94,"1",150,42.04,"0"
"req_004729","2026-10-07 14:21:57",14,"/api/v1/users","GET",22,5.28,35.64,39.96,0,35.2,"1",150,38.87,"0"
"req_004730","2026-10-07 14:22:42",14,"/api/v1/users","POST",85,3.79,41.29,38.41,1,35.93,"0",150,109.58,"0"
"req_004731","2026-10-07 14:22:48",14,"/api/v1/products","GET",39,3.69,36.98,45.89,0,81.34,"1",200,97.63,"0"
"req_004732","2026-10-07 14:25:35",14,"/api/v1/reports","GET",74,2.1,38.73,52.5,10,69.84,"0",800,615.58,"0"
"req_004733","2026-10-07 14:28:28",14,"/api/v1/reports","GET",32,7.58,9.61,49.15,15,26.46,"0",800,581.06,"0"
"req_004734","2026-10-07 14:28:58",14,"/api/v1/products","GET",115,11.24,49.4,57.29,0,27.71,"1",200,35.3,"0"
"req_004735","2026-10-07 14:29:48",14,"/api/v1/users","POST",104,5.63,38.63,47.41,2,20.54,"0",150,102.97,"0"
"req_004736","2026-10-07 14:32:50",14,"/api/v1/search","GET",57,1.64,32.05,46.05,7,17.88,"0",300,248.82,"0"
"req_004737","2026-10-07 14:32:51",14,"/api/v1/checkout","POST",17,8.09,40.61,38.29,7,66.46,"0",500,445.83,"0"
"req_004738","2026-10-07 14:36:26",14,"/api/v1/search","GET",38,27.12,28.24,41.16,5,41.47,"0",300,246.61,"0"
"req_004739","2026-10-07 14:39:06",14,"/api/v1/users","GET",16,3,7.4,42.26,0,40.31,"1",150,50.06,"0"
"req_004740","2026-10-07 14:40:31",14,"/api/v1/users","GET",14,2.31,26.01,46.21,0,55.66,"1",150,55.47,"0"
"req_004741","2026-10-07 14:45:05",14,"/api/v1/users","POST",24,0.53,15.05,50.52,1,33.89,"0",150,98.85,"0"
"req_004742","2026-10-07 14:47:39",14,"/api/v1/reports","GET",85,1.59,24.95,39.79,13,59.68,"0",800,641.13,"0"
"req_004743","2026-10-07 14:54:51",14,"/api/v1/users","GET",105,3.5,35.03,55.04,0,13.99,"1",150,29.07,"0"
"req_004744","2026-10-07 14:55:15",14,"/api/v1/users","GET",54,2.85,36.38,55.19,0,22.17,"1",150,30.26,"0"
"req_004745","2026-10-07 14:56:14",14,"/api/v1/products","GET",73,7.05,38.65,60.07,0,42.51,"1",200,54.31,"0"
"req_004746","2026-10-07 14:57:42",14,"/api/v1/users","GET",25,1.08,33.68,42.43,1,21.32,"0",150,83.82,"0"
"req_004747","2026-10-07 14:58:55",14,"/api/v1/reports","GET",39,5.31,39.36,48.63,8,39.69,"0",800,598.92,"0"
"req_004748","2026-10-07 15:01:34",15,"/api/v1/checkout","POST",18,2.98,23.97,46.56,8,19.51,"0",500,320.31,"0"
"req_004749","2026-10-07 15:02:11",15,"/api/v1/search","POST",39,4.97,28.72,54.27,8,34.86,"0",300,256.29,"0"
"req_004750","2026-10-07 15:02:49",15,"/api/v1/users","GET",238,6.48,63.26,68.8,0,23.61,"1",150,44.21,"0"
"req_004751","2026-10-07 15:08:49",15,"/api/v1/users","GET",56,4.01,41.46,49.15,0,16.24,"1",150,28.79,"0"
"req_004752","2026-10-07 15:12:08",15,"/api/v1/users","POST",49,1.82,25.64,58.07,2,42.49,"0",150,123.96,"0"
"req_004753","2026-10-07 15:15:30",15,"/api/v1/products","GET",135,4,45.9,55.95,3,32.09,"0",200,132.31,"0"
"req_004754","2026-10-07 15:25:50",15,"/api/v1/users","GET",176,19.76,57.1,59.97,2,19.16,"0",150,140.72,"0"
"req_004755","2026-10-07 15:28:46",15,"/api/v1/users","GET",47,11.81,36.22,44.98,0,21.08,"1",150,39.1,"0"
"req_004756","2026-10-07 15:29:47",15,"/api/v1/search","GET",89,2.97,37.85,45.4,0,30.23,"1",300,62.48,"0"
"req_004757","2026-10-07 15:30:09",15,"/api/v1/checkout","POST",26,0.4,36.13,48.29,5,37.46,"0",500,337.08,"0"
"req_004758","2026-10-07 15:35:00",15,"/api/v1/users","GET",9,20.18,30.39,42.4,1,24.22,"0",150,92.78,"0"
"req_004759","2026-10-07 15:40:45",15,"/api/v1/products","POST",41,1.98,32.61,38.53,3,25.45,"0",200,122.24,"0"
"req_004760","2026-10-07 15:41:50",15,"/api/v1/products","GET",29,2.84,19.83,38.38,0,46.65,"1",200,72.96,"0"
"req_004761","2026-10-07 15:42:47",15,"/api/v1/products","GET",100,1.82,46.08,56.33,0,47.77,"1",200,61.96,"0"
"req_004762","2026-10-07 15:43:03",15,"/api/v1/products","POST",93,5.87,33.3,53.29,1,35.55,"0",200,126.31,"0"
"req_004763","2026-10-07 15:45:39",15,"/api/v1/checkout","PUT",65,1.34,46.69,34.16,5,26.29,"0",500,347.29,"0"
"req_004764","2026-10-07 15:46:08",15,"/api/v1/users","GET",67,13.12,30.08,51.03,0,79.9,"1",150,88.05,"0"
"req_004765","2026-10-07 15:50:00",15,"/api/v1/search","GET",62,3.57,39.51,50.39,0,32.64,"1",300,61.38,"0"
"req_004766","2026-10-07 15:58:28",15,"/api/v1/products","GET",50,11.95,39.05,67.42,0,47.63,"1",200,60.45,"0"
"req_004767","2026-10-07 16:01:43",16,"/api/v1/products","GET",42,3.9,37.65,58.75,0,33.55,"1",200,46.04,"0"
"req_004768","2026-10-07 16:04:57",16,"/api/v1/search","GET",32,10.42,33.53,40.53,0,33.02,"1",300,66.64,"0"
"req_004769","2026-10-07 16:05:47",16,"/api/v1/reports","GET",39,1.61,52.67,51.82,9,19.68,"0",800,657.71,"0"
"req_004770","2026-10-07 16:07:20",16,"/api/v1/products","GET",38,5.9,32.17,46,0,22.59,"1",200,37.46,"0"
"req_004771","2026-10-07 16:07:42",16,"/api/v1/products","GET",33,7.18,39.76,43.37,0,13.58,"1",200,29.32,"0"
"req_004772","2026-10-07 16:08:05",16,"/api/v1/search","GET",58,2.02,24.89,51.77,0,31.19,"1",300,56.25,"0"
"req_004773","2026-10-07 16:08:48",16,"/api/v1/reports","GET",62,2.32,39.74,53.38,8,52.85,"0",800,566.3,"0"
"req_004774","2026-10-07 16:09:36",16,"/api/v1/reports","GET",280,3.76,68.99,75.68,8,33.4,"0",800,610.83,"0"
"req_004775","2026-10-07 16:14:54",16,"/api/v1/checkout","POST",65,5.62,37.88,49.14,8,38.55,"0",500,411.78,"0"
"req_004776","2026-10-07 16:15:57",16,"/api/v1/reports","GET",59,3.2,28.97,40.55,15,46.97,"0",800,644.48,"0"
"req_004777","2026-10-07 16:18:23",16,"/api/v1/products","GET",60,2.77,32.59,38.34,0,44.81,"1",200,61.47,"0"
"req_004778","2026-10-07 16:18:43",16,"/api/v1/search","GET",17,1.13,23.19,44.11,1,28.71,"0",300,149.27,"0"
"req_004779","2026-10-07 16:20:35",16,"/api/v1/search","POST",40,1.4,48.36,48.93,6,44.92,"0",300,251.49,"0"
"req_004780","2026-10-07 16:22:33",16,"/api/v1/products","GET",27,48.84,29.61,46.42,0,27.97,"1",200,50.19,"0"
"req_004781","2026-10-07 16:26:20",16,"/api/v1/checkout","POST",20,8.97,31.26,32.49,7,45.2,"0",500,339.41,"0"
"req_004782","2026-10-07 16:29:56",16,"/api/v1/checkout","POST",14,4.21,24.29,40.81,3,57.84,"0",500,301.65,"0"
"req_004783","2026-10-07 16:31:36",16,"/api/v1/products","GET",82,2.85,43.35,41.47,0,42.56,"1",200,67,"0"
"req_004784","2026-10-07 16:32:06",16,"/api/v1/reports","GET",67,1.09,40.12,48.9,13,33.13,"0",800,650.48,"0"
"req_004785","2026-10-07 16:34:36",16,"/api/v1/users","GET",44,1.48,29.83,43.46,0,24.11,"1",150,41.17,"0"
"req_004786","2026-10-07 16:35:51",16,"/api/v1/users","GET",12,5.16,22.98,46.02,0,52.12,"1",150,51.38,"0"
"req_004787","2026-10-07 16:37:24",16,"/api/v1/products","GET",34,2.65,20.52,42.4,1,36.49,"0",200,104.43,"0"
"req_004788","2026-10-07 16:40:18",16,"/api/v1/reports","GET",60,1.53,46.69,40.49,10,21.39,"0",800,660.17,"0"
"req_004789","2026-10-07 16:42:21",16,"/api/v1/products","GET",52,4.57,29.43,42.32,1,27.39,"0",200,106.72,"0"
"req_004790","2026-10-07 16:44:19",16,"/api/v1/search","GET",21,4.41,31.22,43.49,2,40.51,"0",300,185.64,"0"
"req_004791","2026-10-07 16:44:51",16,"/api/v1/search","GET",103,0.77,31.62,45.06,0,8.78,"1",300,41.42,"0"
"req_004792","2026-10-07 16:50:02",16,"/api/v1/products","GET",13,0.8,26.23,41.51,0,34.2,"1",200,46.83,"0"
"req_004793","2026-10-07 16:51:21",16,"/api/v1/search","GET",49,2.52,18.43,34.74,0,37.61,"1",300,67.39,"0"
"req_004794","2026-10-07 16:53:22",16,"/api/v1/products","GET",34,4.83,25.07,52.14,0,26.84,"1",200,41.83,"0"
"req_004795","2026-10-07 16:54:00",16,"/api/v1/users","GET",24,6.04,31.82,44.43,2,28.78,"0",150,122.3,"0"
"req_004796","2026-10-07 16:54:12",16,"/api/v1/checkout","PUT",14,4.35,38.4,38.42,4,37.33,"0",500,324.43,"0"
"req_004797","2026-10-07 16:54:36",16,"/api/v1/products","POST",75,11.52,27.53,47.73,3,31.74,"0",200,139.61,"0"
"req_004798","2026-10-07 16:55:15",16,"/api/v1/checkout","POST",30,3.42,39.83,46.65,7,47.94,"0",500,333.43,"0"
"req_004799","2026-10-07 16:59:24",16,"/api/v1/search","GET",24,14.28,30.19,39.16,0,43.16,"1",300,78.57,"0"
"req_004800","2026-10-07 16:59:45",16,"/api/v1/users","POST",15,7.59,28.26,54.84,1,24.42,"0",150,86.95,"0"
"req_004801","2026-10-07 17:01:17",17,"/api/v1/reports","GET",124,8.65,41.98,60.5,14,58.56,"0",800,752.11,"0"
"req_004802","2026-10-07 17:07:43",17,"/api/v1/products","GET",68,3.01,32.95,51.54,0,26.79,"1",200,42.77,"0"
"req_004803","2026-10-07 17:12:44",17,"/api/v1/products","GET",56,7.91,38.81,54.03,0,28.07,"1",200,37.9,"0"
"req_004804","2026-10-07 17:14:19",17,"/api/v1/users","GET",49,3.7,28.91,44.15,0,14.68,"1",150,21.68,"0"
"req_004805","2026-10-07 17:15:32",17,"/api/v1/users","GET",35,1.65,24.26,39.79,0,40.91,"1",150,41.43,"0"
"req_004806","2026-10-07 17:17:20",17,"/api/v1/users","GET",37,6.56,44.41,43.94,0,15.45,"1",150,24.59,"0"
"req_004807","2026-10-07 17:23:28",17,"/api/v1/products","GET",94,14.46,47.59,52.98,0,41.27,"1",200,67.46,"0"
"req_004808","2026-10-07 17:24:55",17,"/api/v1/products","POST",24,2.79,24.31,37.45,1,33.04,"0",200,103.05,"0"
"req_004809","2026-10-07 17:26:57",17,"/api/v1/users","POST",200,8.29,51.65,70.15,1,42.39,"0",150,138.66,"0"
"req_004810","2026-10-07 17:29:12",17,"/api/v1/search","POST",24,12.38,27.67,48.39,8,63.14,"0",300,273.55,"0"
"req_004811","2026-10-07 17:32:42",17,"/api/v1/search","GET",127,3.42,49.29,58.18,6,26.05,"0",300,262.51,"0"
"req_004812","2026-10-07 17:36:18",17,"/api/v1/search","GET",29,3.41,32.48,50.04,0,46.41,"1",300,79.37,"0"
"req_004813","2026-10-07 17:42:03",17,"/api/v1/users","GET",66,5.27,29.7,53.91,0,24.21,"1",150,39.08,"0"
"req_004814","2026-10-07 17:45:58",17,"/api/v1/users","POST",21,6.08,51.19,36.8,2,26.21,"0",150,108.66,"0"
"req_004815","2026-10-07 17:47:56",17,"/api/v1/users","GET",31,2.61,40.68,42.47,0,29.36,"1",150,42.35,"0"
"req_004816","2026-10-07 17:51:11",17,"/api/v1/users","GET",19,1.46,18.86,44.47,0,107.86,"1",150,118.11,"0"
"req_004817","2026-10-07 17:51:30",17,"/api/v1/users","GET",38,6.28,35.76,54.07,0,18.43,"1",150,20.41,"0"
"req_004818","2026-10-07 17:54:07",17,"/api/v1/search","POST",70,3.48,41.58,55.02,5,32.01,"0",300,207.01,"0"
"req_004819","2026-10-07 17:56:07",17,"/api/v1/users","GET",125,1.55,56.52,54.47,0,50.42,"1",150,59.33,"0"
"req_004820","2026-10-07 17:56:31",17,"/api/v1/search","GET",13,6.74,23.4,41.59,6,57.05,"0",300,279.58,"0"
"req_004821","2026-10-07 17:58:08",17,"/api/v1/users","POST",84,4.49,33,49.4,1,44.69,"0",150,111.32,"0"
"req_004822","2026-10-07 17:59:52",17,"/api/v1/products","POST",116,7.33,40.22,54.02,1,33,"0",200,141.7,"0"
"req_004823","2026-10-07 18:02:08",18,"/api/v1/products","GET",48,26.82,43.28,39.54,0,38.18,"1",200,63.07,"0"
"req_004824","2026-10-07 18:05:22",18,"/api/v1/search","GET",27,3.04,25.65,32.78,3,35.48,"0",300,175.92,"0"
"req_004825","2026-10-07 18:06:55",18,"/api/v1/search","GET",78,4.24,47.1,48.38,0,34.72,"1",300,71.33,"0"
"req_004826","2026-10-07 18:06:58",18,"/api/v1/users","GET",93,21.92,36.81,38.74,0,30.28,"1",150,44.21,"0"
"req_004827","2026-10-07 18:08:57",18,"/api/v1/search","GET",57,4.24,20.35,50.23,2,48.06,"0",300,191.53,"0"
"req_004828","2026-10-07 18:09:17",18,"/api/v1/products","GET",84,7.44,38.71,40.8,4,38.8,"0",200,191.65,"0"
"req_004829","2026-10-07 18:10:37",18,"/api/v1/search","GET",32,13.94,22.92,40.16,7,40.3,"0",300,288.75,"0"
"req_004830","2026-10-07 18:12:06",18,"/api/v1/reports","GET",215,15.71,53.62,51.83,17,24.3,"0",800,797.3,"0"
"req_004831","2026-10-07 18:15:56",18,"/api/v1/products","GET",13,2.66,25.18,41.81,0,17.98,"1",200,27.24,"0"
"req_004832","2026-10-07 18:20:17",18,"/api/v1/search","POST",35,3.13,19.69,47.99,6,73.02,"0",300,313.77,"1"
"req_004833","2026-10-07 18:20:48",18,"/api/v1/search","GET",33,2.51,43.53,51.45,4,45.66,"0",300,229.08,"0"
"req_004834","2026-10-07 18:21:15",18,"/api/v1/checkout","PUT",18,4.47,29.94,42.25,12,56.84,"0",500,453.91,"0"
"req_004835","2026-10-07 18:22:07",18,"/api/v1/search","GET",57,8.49,35.67,54.29,0,48.14,"1",300,75.94,"0"
"req_004836","2026-10-07 18:25:04",18,"/api/v1/users","GET",21,1.98,38.3,49.86,0,8.21,"1",150,11.64,"0"
"req_004837","2026-10-07 18:27:24",18,"/api/v1/users","GET",57,3.12,20.96,46.13,0,56.41,"1",150,66.57,"0"
"req_004838","2026-10-07 18:27:58",18,"/api/v1/products","GET",48,1.21,42.95,48.27,1,24.49,"0",200,107.33,"0"
"req_004839","2026-10-07 18:28:19",18,"/api/v1/search","GET",42,5.52,32.34,38.66,0,46.43,"1",300,80.21,"0"
"req_004840","2026-10-07 18:30:37",18,"/api/v1/products","GET",26,18.33,16.95,44.59,0,33.5,"1",200,47.51,"0"
"req_004841","2026-10-07 18:31:15",18,"/api/v1/checkout","POST",50,4.14,42.9,63.17,7,30.29,"0",500,357.97,"0"
"req_004842","2026-10-07 18:31:49",18,"/api/v1/checkout","PUT",55,40.42,41.34,47.66,7,34.26,"0",500,395.95,"0"
"req_004843","2026-10-07 18:33:44",18,"/api/v1/search","POST",51,8.34,30.02,44.62,5,13.93,"0",300,228.17,"0"
"req_004844","2026-10-07 18:36:40",18,"/api/v1/search","GET",49,4.28,26.32,48.78,3,35.74,"0",300,194.99,"0"
"req_004845","2026-10-07 18:37:08",18,"/api/v1/checkout","POST",50,7.96,35.72,48.54,3,47.51,"0",500,293.03,"0"
"req_004846","2026-10-07 18:40:12",18,"/api/v1/reports","GET",43,4.47,32.14,46.61,17,38.18,"0",800,654.36,"0"
"req_004847","2026-10-07 18:46:27",18,"/api/v1/reports","GET",16,2.48,12.46,44.39,9,20.39,"0",800,482.76,"0"
"req_004848","2026-10-07 18:49:10",18,"/api/v1/products","GET",11,4.9,26.24,38.85,0,44.54,"1",200,61.18,"0"
"req_004849","2026-10-07 18:50:22",18,"/api/v1/reports","GET",86,1.7,38.69,50.14,10,11.63,"0",800,639.99,"0"
"req_004850","2026-10-07 18:53:18",18,"/api/v1/users","GET",26,8.31,39.9,39.05,0,36.1,"1",150,53.02,"0"
"req_004851","2026-10-07 18:54:01",18,"/api/v1/users","POST",37,9.67,32.94,43.12,1,26.58,"0",150,96.56,"0"
"req_004852","2026-10-07 18:54:58",18,"/api/v1/search","GET",36,4.72,24.45,49.73,0,18.99,"1",300,53.83,"0"
"req_004853","2026-10-07 18:55:13",18,"/api/v1/users","GET",159,2.59,41.6,55.67,0,37.16,"1",150,59.77,"0"
"req_004854","2026-10-07 18:56:46",18,"/api/v1/search","GET",128,2.84,43.43,54.41,7,33.92,"0",300,240.85,"0"
"req_004855","2026-10-07 18:58:26",18,"/api/v1/users","POST",37,9.6,22.7,47.46,1,61.06,"0",150,125.22,"0"
"req_004856","2026-10-07 18:58:35",18,"/api/v1/users","POST",35,2.38,20.1,54.17,1,36.17,"0",150,106.87,"0"
"req_004857","2026-10-07 18:59:21",18,"/api/v1/checkout","POST",17,6.77,27.08,38.43,4,47.46,"0",500,319.04,"0"
"req_004858","2026-10-07 19:02:21",19,"/api/v1/reports","GET",84,11.48,51.84,40.89,16,55.07,"0",800,811.92,"1"
"req_004859","2026-10-07 19:02:51",19,"/api/v1/search","GET",7,8.02,33.37,45.51,0,84.9,"1",300,108.67,"0"
"req_004860","2026-10-07 19:07:41",19,"/api/v1/checkout","POST",34,3.26,33.45,41.27,11,38.62,"0",500,392.14,"0"
"req_004861","2026-10-07 19:08:12",19,"/api/v1/checkout","POST",51,8.29,38.76,43.06,2,33.08,"0",500,294.06,"0"
"req_004862","2026-10-07 19:11:28",19,"/api/v1/search","GET",23,5.64,10.71,48.26,0,42.1,"1",300,74.02,"0"
"req_004863","2026-10-07 19:13:52",19,"/api/v1/search","GET",113,1.82,44.07,63.18,0,31.66,"1",300,66.41,"0"
"req_004864","2026-10-07 19:20:51",19,"/api/v1/users","GET",52,17.38,23.34,54.67,2,26.6,"0",150,105.43,"0"
"req_004865","2026-10-07 19:24:12",19,"/api/v1/users","POST",179,3.71,49.65,55.62,1,26.13,"0",150,119.95,"0"
"req_004866","2026-10-07 19:25:05",19,"/api/v1/checkout","POST",435,19.73,79.22,86.23,9,47.32,"0",500,1255.06,"1"
"req_004867","2026-10-07 19:29:47",19,"/api/v1/products","GET",34,4.47,38.51,60.36,0,59.67,"1",200,78.13,"0"
"req_004868","2026-10-07 19:30:51",19,"/api/v1/search","GET",25,4.82,33.88,48.99,4,20.13,"0",300,215.93,"0"
"req_004869","2026-10-07 19:31:21",19,"/api/v1/products","GET",247,10.87,54.98,71.43,0,19.22,"1",200,49.81,"0"
"req_004870","2026-10-07 19:34:17",19,"/api/v1/products","GET",9,12.17,37.86,39.61,0,50.92,"1",200,56.5,"0"
"req_004871","2026-10-07 19:35:42",19,"/api/v1/reports","GET",55,2.52,26.68,42.96,13,31.3,"0",800,577.45,"0"
"req_004872","2026-10-07 19:36:42",19,"/api/v1/users","GET",68,3.29,28.56,53.11,0,21.2,"1",150,36.85,"0"
"req_004873","2026-10-07 19:38:29",19,"/api/v1/users","GET",168,2.25,54.14,59.13,2,31.25,"0",150,131.6,"0"
"req_004874","2026-10-07 19:39:38",19,"/api/v1/users","GET",26,6.22,24.26,44.2,0,48.74,"1",150,59.79,"0"
"req_004875","2026-10-07 19:39:38",19,"/api/v1/search","GET",20,0.74,35.83,47.2,1,90.95,"0",300,219.39,"0"
"req_004876","2026-10-07 19:41:20",19,"/api/v1/products","GET",49,2.06,31.38,23.62,3,36.83,"0",200,148.67,"0"
"req_004877","2026-10-07 19:42:48",19,"/api/v1/checkout","POST",80,33.41,32.46,46.41,6,31.78,"0",500,379.35,"0"
"req_004878","2026-10-07 19:43:43",19,"/api/v1/users","GET",125,2.09,47.3,49.45,0,33.93,"1",150,61.36,"0"
"req_004879","2026-10-07 19:48:04",19,"/api/v1/reports","POST",145,22.37,53.75,59.39,10,46.71,"0",800,641.05,"0"
"req_004880","2026-10-07 19:57:27",19,"/api/v1/users","GET",33,1.43,37.75,44.29,0,16.69,"1",150,28.66,"0"
"req_004881","2026-10-07 19:58:21",19,"/api/v1/search","GET",14,9.21,24.55,45.1,3,17.96,"0",300,169.44,"0"
"req_004882","2026-10-07 19:59:21",19,"/api/v1/search","POST",91,2.94,46.03,50.96,2,46.17,"0",300,207.92,"0"
"req_004883","2026-10-07 20:00:55",20,"/api/v1/users","GET",33,1.53,27.08,50.68,0,20.28,"1",150,23.59,"0"
"req_004884","2026-10-07 20:01:30",20,"/api/v1/users","GET",17,5.13,32.59,42.78,0,34.97,"1",150,46.18,"0"
"req_004885","2026-10-07 20:01:38",20,"/api/v1/checkout","PUT",81,2.16,45.91,46.88,5,37.68,"0",500,327.68,"0"
"req_004886","2026-10-07 20:08:50",20,"/api/v1/products","GET",83,32.36,36.96,53.71,0,10.39,"1",200,28.02,"0"
"req_004887","2026-10-07 20:09:48",20,"/api/v1/search","GET",35,5.83,36.76,49.86,0,11.52,"1",300,38.22,"0"
"req_004888","2026-10-07 20:09:49",20,"/api/v1/users","GET",6,1.23,23.56,34.47,0,45.37,"1",150,51.66,"0"
"req_004889","2026-10-07 20:12:27",20,"/api/v1/products","GET",44,8.35,42.24,40.89,1,63.82,"0",200,133.95,"0"
"req_004890","2026-10-07 20:14:54",20,"/api/v1/products","GET",56,25.56,15.65,39.83,4,15.94,"0",200,149.65,"0"
"req_004891","2026-10-07 20:15:53",20,"/api/v1/checkout","POST",35,16.78,35.61,56.46,6,52.83,"0",500,356.32,"0"
"req_004892","2026-10-07 20:17:06",20,"/api/v1/products","GET",68,1.65,21.43,54.67,0,50.69,"1",200,66.8,"0"
"req_004893","2026-10-07 20:17:11",20,"/api/v1/search","GET",79,6.17,32.82,53.33,0,44.18,"1",300,75.15,"0"
"req_004894","2026-10-07 20:18:42",20,"/api/v1/search","GET",48,5.9,45.5,47.07,0,10.7,"1",300,38.78,"0"
"req_004895","2026-10-07 20:22:00",20,"/api/v1/users","POST",73,1.76,30,49.22,3,35.97,"0",150,128.33,"0"
"req_004896","2026-10-07 20:22:36",20,"/api/v1/products","GET",23,4.33,24.3,41.73,0,98.26,"1",200,116.82,"0"
"req_004897","2026-10-07 20:26:32",20,"/api/v1/products","GET",10,4.15,5,39.48,1,29.12,"0",200,94.61,"0"
"req_004898","2026-10-07 20:26:55",20,"/api/v1/users","GET",17,2.22,21.81,46.72,0,25.71,"1",150,38.54,"0"
"req_004899","2026-10-07 20:28:55",20,"/api/v1/checkout","POST",23,4.23,33.11,41.92,7,20.39,"0",500,287.66,"0"
"req_004900","2026-10-07 20:29:02",20,"/api/v1/search","GET",14,0.77,33.28,48.74,5,26.33,"0",300,200.06,"0"
"req_004901","2026-10-07 20:29:25",20,"/api/v1/users","GET",198,13.34,46.42,64.31,0,52.44,"1",150,65.77,"0"
"req_004902","2026-10-07 20:30:07",20,"/api/v1/reports","GET",25,8.22,12.37,51.39,15,18.99,"0",800,565.88,"0"
"req_004903","2026-10-07 20:34:50",20,"/api/v1/users","GET",49,3.01,31.52,51.11,3,63.03,"0",150,137.96,"0"
"req_004904","2026-10-07 20:35:00",20,"/api/v1/users","GET",29,2.76,28.54,30.07,0,26.58,"1",150,43.02,"0"
"req_004905","2026-10-07 20:37:28",20,"/api/v1/users","GET",155,5.28,47.9,55.09,0,22.87,"1",150,49.76,"0"
"req_004906","2026-10-07 20:38:30",20,"/api/v1/checkout","POST",50,8.5,36.65,54.66,8,56.5,"0",500,364.58,"0"
"req_004907","2026-10-07 20:41:41",20,"/api/v1/users","GET",161,47.57,41.78,56.6,1,28.82,"0",150,133.85,"0"
"req_004908","2026-10-07 20:41:56",20,"/api/v1/checkout","POST",20,3.23,36.97,47.1,3,34.65,"0",500,287.42,"0"
"req_004909","2026-10-07 20:42:42",20,"/api/v1/search","GET",67,2.45,29.19,47.38,5,24.38,"0",300,226.72,"0"
"req_004910","2026-10-07 20:46:01",20,"/api/v1/search","GET",16,10.01,38.56,31.71,0,19.88,"1",300,46.24,"0"
"req_004911","2026-10-07 20:46:47",20,"/api/v1/checkout","PUT",43,2.45,37.22,49.72,5,37.19,"0",500,323.54,"0"
"req_004912","2026-10-07 20:48:39",20,"/api/v1/users","POST",18,4.4,22.66,35.64,1,14.04,"0",150,71.95,"0"
"req_004913","2026-10-07 20:56:44",20,"/api/v1/search","GET",38,2.7,24.08,53.52,6,22.35,"0",300,225.68,"0"
"req_004914","2026-10-07 20:59:41",20,"/api/v1/users","GET",65,17.31,35.06,47.56,2,46.81,"0",150,135.03,"0"
"req_004915","2026-10-07 21:00:41",21,"/api/v1/products","POST",132,11.92,47.93,52.36,1,29.44,"0",200,129.01,"0"
"req_004916","2026-10-07 21:01:03",21,"/api/v1/search","POST",22,2.41,33.55,47.73,4,62.61,"0",300,240.52,"0"
"req_004917","2026-10-07 21:01:17",21,"/api/v1/products","GET",83,28.36,35.85,58.85,3,46.68,"0",200,173.56,"0"
"req_004918","2026-10-07 21:01:19",21,"/api/v1/search","GET",86,22.93,30.38,41.75,7,46.28,"0",300,267.38,"0"
"req_004919","2026-10-07 21:01:48",21,"/api/v1/users","GET",24,1.68,10.66,49.8,0,57.92,"1",150,68.25,"0"
"req_004920","2026-10-07 21:04:40",21,"/api/v1/search","POST",500,8.16,99.5,95.21,4,69.36,"0",300,3104.18,"1"
"req_004921","2026-10-07 21:09:01",21,"/api/v1/users","GET",32,5.25,13.76,47.21,1,37.54,"0",150,95.62,"0"
"req_004922","2026-10-07 21:11:06",21,"/api/v1/products","GET",36,3.91,28.95,41.99,0,28.32,"1",200,51.01,"0"
"req_004923","2026-10-07 21:11:56",21,"/api/v1/users","GET",51,5.86,39.76,53.02,0,38.26,"1",150,51.03,"0"
"req_004924","2026-10-07 21:13:36",21,"/api/v1/checkout","PUT",5,1.75,45.29,40.51,4,37.69,"0",500,287.99,"0"
"req_004925","2026-10-07 21:16:44",21,"/api/v1/products","POST",149,19.52,47.63,37.43,2,15.81,"0",200,126.24,"0"
"req_004926","2026-10-07 21:17:27",21,"/api/v1/products","GET",74,10.92,47.83,44.27,1,30.22,"0",200,114.93,"0"
"req_004927","2026-10-07 21:20:08",21,"/api/v1/products","GET",40,2.71,45.94,45.99,1,19.37,"0",200,93.52,"0"
"req_004928","2026-10-07 21:21:15",21,"/api/v1/users","POST",179,0.97,46.37,47.52,3,50.2,"0",150,164.07,"1"
"req_004929","2026-10-07 21:21:44",21,"/api/v1/products","GET",77,0.99,40,51.58,0,29.89,"1",200,45.36,"0"
"req_004930","2026-10-07 21:24:27",21,"/api/v1/products","POST",56,0.81,23.29,37.77,1,19.52,"0",200,104.04,"0"
"req_004931","2026-10-07 21:25:44",21,"/api/v1/reports","POST",17,2.44,14.1,38.09,13,39.32,"0",800,551.36,"0"
"req_004932","2026-10-07 21:26:07",21,"/api/v1/reports","GET",143,7.13,52.27,47.43,8,33.95,"0",800,570.22,"0"
"req_004933","2026-10-07 21:27:59",21,"/api/v1/search","GET",45,1.88,44.79,47.48,5,30.47,"0",300,239.9,"0"
"req_004934","2026-10-07 21:28:22",21,"/api/v1/checkout","PUT",54,14.57,37.2,49.45,6,30.13,"0",500,335.54,"0"
"req_004935","2026-10-07 21:29:24",21,"/api/v1/users","GET",204,2.43,59.13,53.77,0,69.59,"1",150,88.84,"0"
"req_004936","2026-10-07 21:30:34",21,"/api/v1/search","POST",64,5.66,21.64,44.97,4,25.73,"0",300,209.68,"0"
"req_004937","2026-10-07 21:31:12",21,"/api/v1/products","GET",49,5.2,39.36,48.7,4,49.22,"0",200,168.65,"0"
"req_004938","2026-10-07 21:33:50",21,"/api/v1/users","GET",20,3.63,35.03,45.54,0,30.69,"1",150,45.13,"0"
"req_004939","2026-10-07 21:45:16",21,"/api/v1/users","GET",40,6.22,36.95,52.51,1,33.18,"0",150,89.68,"0"
"req_004940","2026-10-07 21:47:28",21,"/api/v1/products","GET",28,3.3,41.7,34.06,0,16.73,"1",200,34.52,"0"
"req_004941","2026-10-07 21:47:57",21,"/api/v1/checkout","POST",28,4.48,34.34,51.34,8,30.93,"0",500,378.19,"0"
"req_004942","2026-10-07 21:47:57",21,"/api/v1/users","GET",36,1.89,35.36,44.72,0,35.43,"1",150,43.09,"0"
"req_004943","2026-10-07 21:49:34",21,"/api/v1/checkout","POST",78,18.48,47.16,43.2,10,46.28,"0",500,430.15,"0"
"req_004944","2026-10-07 21:50:23",21,"/api/v1/checkout","POST",117,18.54,44.62,49.68,7,36.6,"0",500,345.26,"0"
"req_004945","2026-10-07 21:50:38",21,"/api/v1/search","GET",45,13,37.68,50.63,0,36.32,"1",300,66.69,"0"
"req_004946","2026-10-07 21:54:27",21,"/api/v1/users","GET",35,26.63,27.54,54.47,1,45.9,"0",150,114.87,"0"
"req_004947","2026-10-07 22:02:29",22,"/api/v1/reports","GET",81,4.29,34.78,55.26,15,29.14,"0",800,644.97,"0"
"req_004948","2026-10-07 22:05:06",22,"/api/v1/checkout","POST",24,10.32,37.14,40.2,6,34.3,"0",500,344,"0"
"req_004949","2026-10-07 22:10:26",22,"/api/v1/products","POST",13,13.39,28.85,46.85,1,30.69,"0",200,112.86,"0"
"req_004950","2026-10-07 22:10:54",22,"/api/v1/reports","GET",70,5.41,45.79,39.01,15,48.18,"0",800,784.46,"0"
"req_004951","2026-10-07 22:17:48",22,"/api/v1/products","GET",42,2.05,34.61,45.36,0,34.92,"1",200,50.11,"0"
"req_004952","2026-10-07 22:18:58",22,"/api/v1/products","GET",7,4.32,31.03,34.08,0,24.84,"1",200,27.89,"0"
"req_004953","2026-10-07 22:22:01",22,"/api/v1/users","POST",8,0.88,22.98,34.98,2,14.61,"0",150,89.37,"0"
"req_004954","2026-10-07 22:24:13",22,"/api/v1/checkout","POST",55,6.98,38.25,50.88,3,33.23,"0",500,298.95,"0"
"req_004955","2026-10-07 22:24:57",22,"/api/v1/search","GET",97,2.17,52.04,48.67,6,14.74,"0",300,246.53,"0"
"req_004956","2026-10-07 22:27:37",22,"/api/v1/reports","GET",68,9.3,36.96,35.48,11,26.06,"0",800,572.32,"0"
"req_004957","2026-10-07 22:29:56",22,"/api/v1/products","GET",35,6.43,31.2,44.92,0,46.25,"1",200,70.04,"0"
"req_004958","2026-10-07 22:31:20",22,"/api/v1/products","POST",148,8.98,53.39,60.2,4,28.69,"0",200,170.68,"0"
"req_004959","2026-10-07 22:32:30",22,"/api/v1/checkout","POST",22,2.09,18.63,47.47,6,39.48,"0",500,335.52,"0"
"req_004960","2026-10-07 22:33:36",22,"/api/v1/checkout","PUT",33,7.54,20.44,46.33,3,42.96,"0",500,299.12,"0"
"req_004961","2026-10-07 22:35:08",22,"/api/v1/products","GET",25,17.85,42.36,46.13,2,36.43,"0",200,119.95,"0"
"req_004962","2026-10-07 22:38:15",22,"/api/v1/products","GET",62,4.8,23.88,52.26,0,10.24,"1",200,21.15,"0"
"req_004963","2026-10-07 22:39:12",22,"/api/v1/products","GET",12,10.6,24.65,47.72,3,31.41,"0",200,153.05,"0"
"req_004964","2026-10-07 22:41:48",22,"/api/v1/search","GET",13,7.19,28.91,54.85,7,62.76,"0",300,260.3,"0"
"req_004965","2026-10-07 22:41:55",22,"/api/v1/reports","GET",9,4.63,29.8,35.1,13,34.24,"0",800,685.71,"0"
"req_004966","2026-10-07 22:43:18",22,"/api/v1/search","GET",42,7.68,36.49,27.16,0,24.95,"1",300,55.89,"0"
"req_004967","2026-10-07 22:43:19",22,"/api/v1/checkout","POST",121,5.4,47.23,47.39,2,37.59,"0",500,297.05,"0"
"req_004968","2026-10-07 22:46:51",22,"/api/v1/products","POST",153,5.37,51.93,58.64,1,18.48,"0",200,127.02,"0"
"req_004969","2026-10-07 22:47:14",22,"/api/v1/products","POST",22,2.89,40.39,58.84,5,28.66,"0",200,179.17,"0"
"req_004970","2026-10-07 22:52:01",22,"/api/v1/products","GET",30,23.18,43.35,37.79,3,27.13,"0",200,140.02,"0"
"req_004971","2026-10-07 22:53:00",22,"/api/v1/checkout","POST",22,8.58,20.66,44.01,6,26.05,"0",500,307.9,"0"
"req_004972","2026-10-07 22:53:10",22,"/api/v1/reports","POST",57,0.75,35.94,36.7,9,11.75,"0",800,559.37,"0"
"req_004973","2026-10-07 22:53:34",22,"/api/v1/search","GET",58,6.13,40.58,52,6,20.76,"0",300,240.18,"0"
"req_004974","2026-10-07 22:54:46",22,"/api/v1/search","GET",79,11.8,32.94,53.59,4,43.2,"0",300,213.14,"0"
"req_004975","2026-10-07 22:57:16",22,"/api/v1/products","GET",11,2.28,32.37,48.03,0,61.74,"1",200,77.17,"0"
"req_004976","2026-10-07 22:59:22",22,"/api/v1/products","GET",15,5.13,19.22,44.27,0,19.85,"1",200,33.84,"0"
"req_004977","2026-10-07 22:59:45",22,"/api/v1/search","GET",30,0.98,45.26,32.51,9,62.37,"0",300,337.93,"1"
"req_004978","2026-10-07 23:01:58",23,"/api/v1/reports","GET",26,21.29,22.23,58.55,12,17.21,"0",800,594.6,"0"
"req_004979","2026-10-07 23:03:41",23,"/api/v1/checkout","POST",66,6.24,45.67,42.56,8,29.61,"0",500,342.36,"0"
"req_004980","2026-10-07 23:07:49",23,"/api/v1/checkout","POST",39,2.63,39.76,52.96,8,32.86,"0",500,353.32,"0"
"req_004981","2026-10-07 23:10:46",23,"/api/v1/products","POST",13,8.28,38.49,51.3,3,13.39,"0",200,99.92,"0"
"req_004982","2026-10-07 23:12:32",23,"/api/v1/users","POST",108,13,27,51.23,1,32.69,"0",150,119.63,"0"
"req_004983","2026-10-07 23:13:27",23,"/api/v1/search","GET",62,2.03,36.02,48.74,0,62.92,"1",300,94.45,"0"
"req_004984","2026-10-07 23:14:59",23,"/api/v1/checkout","POST",24,14.77,38.74,32.25,6,39.99,"0",500,362.4,"0"
"req_004985","2026-10-07 23:15:23",23,"/api/v1/products","GET",17,3.46,22.66,39.77,0,53.06,"1",200,64.98,"0"
"req_004986","2026-10-07 23:16:33",23,"/api/v1/search","GET",31,6.17,29.23,39.98,4,25.66,"0",300,183.83,"0"
"req_004987","2026-10-07 23:17:32",23,"/api/v1/search","GET",20,3.59,29.34,42.03,5,39.92,"0",300,237.52,"0"
"req_004988","2026-10-07 23:23:01",23,"/api/v1/users","GET",133,1.7,61.91,45.26,0,45.49,"1",150,57.1,"0"
"req_004989","2026-10-07 23:24:46",23,"/api/v1/products","GET",35,1.31,27.68,41.01,0,35.13,"1",200,38.77,"0"
"req_004990","2026-10-07 23:25:44",23,"/api/v1/users","GET",45,24.43,34.02,48.5,2,20.74,"0",150,111.65,"0"
"req_004991","2026-10-07 23:26:11",23,"/api/v1/users","GET",80,2.4,34.53,50.02,0,59.58,"1",150,73.88,"0"
"req_004992","2026-10-07 23:28:33",23,"/api/v1/users","GET",65,4.65,28.76,49.84,0,42.86,"1",150,60.26,"0"
"req_004993","2026-10-07 23:29:05",23,"/api/v1/products","GET",164,0.87,47.86,42.38,3,15.08,"0",200,147.96,"0"
"req_004994","2026-10-07 23:42:10",23,"/api/v1/products","GET",65,3.94,43.6,49.36,0,31.4,"1",200,54.51,"0"
"req_004995","2026-10-07 23:44:04",23,"/api/v1/checkout","PUT",193,3.02,54.27,52.62,4,53.19,"0",500,344.45,"0"
"req_004996","2026-10-07 23:46:20",23,"/api/v1/users","GET",29,2.13,34.24,48.88,0,20.1,"1",150,34.24,"0"
"req_004997","2026-10-07 23:47:30",23,"/api/v1/users","GET",15,5.48,28.91,51.24,1,46.47,"0",150,115.66,"0"
"req_004998","2026-10-07 23:50:38",23,"/api/v1/reports","GET",36,3.55,34.69,48.83,17,21.34,"0",800,687.05,"0"
"req_004999","2026-10-07 23:54:40",23,"/api/v1/search","GET",53,10.12,44.45,54.05,5,2,"0",300,186.38,"0"
"req_005000","2026-10-07 23:57:31",23,"/api/v1/products","GET",80,8.72,47.47,47.68,0,24.29,"1",200,43.76,"0"
